# OFAC SDN list — name	program
# source: https://www.treasury.gov/ofac/downloads/sdn.csv (US Treasury, public domain)
# fetched: 2026-09-24
# refresh: node scripts/fetch-reference.ts
AEROCARIBBEAN AIRLINES	CUBA
ANGLO-CARIBBEAN CO., LTD.	CUBA
BANCO NACIONAL DE CUBA	CUBA
BOUTIQUE LA MAISON	CUBA
CASA DE CUBA	CUBA
CECOEX, S.A.	CUBA
CIMEX	CUBA
CIMEX IBERICA	CUBA
CIMEX, S.A.	CUBA
COMERCIAL IBEROAMERICANA, S.A.	CUBA
COMERCIAL CIMEX, S.A.	CUBA
COMERCIAL DE RODAJES Y MAQUINARIA, S.A.	CUBA
COMERCIALIZACION DE PRODUCTOS VARIOS	CUBA
COMPANIA DE IMPORTACION Y EXPORTACION IBERIA	CUBA
CORPORACION CIMEX, S.A.	CUBA
COTEI	CUBA
CRYMSA - ARGENTINA, S.A.	CUBA
CUBACANCUN CIGARS AND GIFT SHOPS	CUBA
CUBAEXPORT	CUBA
CUBAFRUTAS	CUBA
CUBAN CIGARS TRADE	CUBA
CUBANATUR	CUBA
CUBATABACO	CUBA
CUMEXINT, S.A.	CUBA
DELVEST HOLDING, S.A.	CUBA
EDICIONES CUBANAS	CUBA
EDYJU, S.A.	CUBA
EMPRESA CUBANA DE AVIACION	CUBA
EMPRESA CUBANA DE PESCADOS Y MARISCOS	CUBA
EMPRESA DE TURISMO NACIONAL Y INTERNACIONAL	CUBA
ETCO INTERNATIONAL COMMODITIES LTD.	CUBA
ETCO INTERNATIONAL COMPANY, LIMITED	CUBA
GALAX TRADING CO., LTD.	CUBA
HAVIN BANK LIMITED	CUBA
HAVANATUR	CUBA
INSTITUTO NACIONAL DE TURISMO DE CUBA	CUBA
INTERCONSULT	CUBA
KAVE, S.A.	CUBA
LA EMPRESA CUBANA DE FLETES	CUBA
LEVERAGE, S.A.	CUBA
NIREF	CUBA
NORDSTRAND LTD.	CUBA
NORDSTRAND MARITIME AND TRADING COMPANY	CUBA
PANAMERICAN IMPORT AND EXPORT COMMERCIAL CORPORATION	CUBA
PESCABRAVA, S.A.	CUBA
PRELASA	CUBA
PRENSA LATINA CANADA LTD.	CUBA
PRENSA LATINA	CUBA
SERVINAVES, S.A.	CUBA
TROBER, S.A.	CUBA
TROPIC TOURS GMBH	CUBA
VIAJES GUAMA, S.A.	CUBA
VINALES TOURS	CUBA
ABBAS, Abu	SDGT
AL RAHMAN, Shaykh Umar Abd	SDGT
AL ZAWAHIRI, Dr. Ayman	SDGT
AL-ZOMOR, Abboud Abdul Latif Hassan	SDGT
AWDA, Abd Al Aziz	SDGT
FADLALLAH, Shaykh Muhammad Husayn	SDGT
HAWATMA, Nayif	SDGT
ISLAMBOULI, Mohammad Shawqi	SDGT
JABRIL, Ahmad	SDGT
NAJI, Talal Muhammad Rashid	SDGT
NASRALLAH, Hasan	SDGT
TUFAYLI, Subhi	SDGT
YASSIN, Sheik Ahmed Ismail	SDGT
COBALT REFINERY CO. INC.	CUBA
LA COMPANIA GENERAL DE NIQUEL	CUBA
INTERNATIONAL COBALT CO. INC.	CUBA
MOA NICKEL SA	CUBA] [CUBA-EO14404
ABU MARZOOK, Mousa Mohammed	SDGT
RODRIGUEZ OREJUELA, Miguel Angel	SDNT
MAR AZUL	CUBA
EBANO	CUBA
TIFON	CUBA
ABDALLAH, Ramadan	SDGT
BANK MARKAZI JOMHOURI ISLAMI IRAN	IRAN] [SDGT] [IRGC] [IFSR
BANK MASKAN	IRAN] [IRAN-EO13902
BANK REFAH KARGARAN	IRAN] [IRAN-EO13902
BANK KESHAVARZI IRAN	IRAN] [IRAN-EO13902
BANK SADERAT PLC	IRAN] [SDGT] [IFSR
ABU SAYYAF GROUP	FTO] [SDGT
ARMED ISLAMIC GROUP	SDGT
AUM SHINRIKYO	SDGT
EUZKADI TA ASKATASUNA	SDGT
GAMA'A AL-ISLAMIYYA	SDGT
HAMAS	FTO] [SDGT
HARAKAT UL-MUJAHIDEEN	FTO] [SDGT
HIZBALLAH	FTO] [SDGT] [IRGC] [IFSR
KAHANE CHAI	SDGT
KURDISTAN WORKERS' PARTY	SDNTK] [FTO] [SDGT
LIBERATION TIGERS OF TAMIL EELAM	FTO] [SDGT
NATIONAL LIBERATION ARMY	FTO] [SDGT
PALESTINE ISLAMIC JIHAD - SHAQAQI FACTION	FTO] [SDGT
PALESTINE LIBERATION FRONT - ABU ABBAS FACTION	FTO] [SDGT
POPULAR FRONT FOR THE LIBERATION OF PALESTINE	FTO] [SDGT
POPULAR FRONT FOR THE LIBERATION OF PALESTINE - GENERAL COMMAND	FTO] [SDGT
REVOLUTIONARY PEOPLE'S LIBERATION PARTY/FRONT	FTO] [SDGT
REVOLUTIONARY PEOPLE'S STRUGGLE	SDGT
SHINING PATH	SDNTK] [FTO] [SDGT
DEMOCRATIC FRONT FOR THE LIBERATION OF PALESTINE - HAWATMEH FACTION	SDGT
BIN LADIN, Usama bin Muhammad bin Awad	SDGT
AL QA'IDA	FTO] [SDGT
AL-MASRI, Abu Hafs	SDGT
MUSA, Rifa'i Ahmad Taha	SDGT
OMAR, Mohammed	SDGT
TALIBAN	SDGT
AMEZCUA CONTRERAS, Jose de Jesus	SDNTK
AMEZCUA CONTRERAS, Luis Ignacio	SDNTK
CARO QUINTERO, Rafael	SDNTK
CARRILLO FUENTES, Vicente	SDNTK
WEI, Hsueh Kang	SDNTK
ARELLANO FELIX, Benjamin Alberto	SDNTK
HENAO MONTOYA, Arcangel de Jesus	SDNT
ISLAMIC MOVEMENT OF UZBEKISTAN	FTO] [SDGT
PATINO FOMEQUE, Victor Julio	SDNT
INDUSTRIA DE PESCA SOBRE EL PACIFICO S.A	SDNT
GALAPAGOS S.A	SDNT
DUQUE BOTERO, Jorge Alirio	SDNT
NEW IRISH REPUBLICAN ARMY	FTO] [SDGT
CARDENAS GUILLEN, Osiel	SDNTK
CARO QUINTERO, Miguel Angel	SDNTK
GUZMAN LOERA, Joaquin	SDNTK
MALHERBE DE LEON, Oscar	SDNTK
RAMON MAGANA, Alcides	SDNTK
UNITED SELF-DEFENSE FORCES OF COLOMBIA	SDNTK] [SDGT
ASBAT AL-ANSAR	FTO] [SDGT
SALAFIST GROUP FOR CALL AND COMBAT	FTO] [SDGT
LIBYAN ISLAMIC FIGHTING GROUP	SDGT
AL-ITIHAAD AL-ISLAMIYA	SDGT
ISLAMIC ARMY OF ADEN	SDGT
AL-ADL, Sayf	SDGT
AL-WALID, Mahfouz Ould	SDGT
HUSAYN, Zayn al-Abidin Muhammad	SDGT
AL-IRAQI, Abd al-Hadi	SDGT
SHIHATA, Thirwat Salah	SDGT
AHMAD, Tariq Anwar al-Sayyid	SDGT
MAKHTAB AL-KHIDAMAT/AL KIFAH	SDGT
WAFA HUMANITARIAN ORGANIZATION	SDGT
AL RASHID TRUST	SDGT
MAMOUN DARKAZANLI IMPORT-EXPORT COMPANY	SDGT
ABDULLAH, Abdullah Ahmed	SDGT
ALI, Ahmed Mohammed Hamed	SDGT
AL-MUGHASSIL, Ahmad Ibrahim	SDGT
AL-NASSER, Abdelkarim Hussein Mohamed	SDGT
AL-YACOUB, Ibrahim Salih Mohammed	SDGT
ATWA, Ali	SDGT
EL-HOORIE, Ali Saed Bin Ali	SDGT
FADHIL, Mustafa Mohamed	SDGT
GHAILANI, Ahmed Khalfan	SDGT
IZZ-AL-DIN, Hasan	SDGT
MOHAMMED, Fazul Abdullah	SDGT
MOHAMMED, Khalid Shaikh	SDGT
YASIN, Abdul Rahman	SDGT
AL-HAMATI SWEETS BAKERIES	SDGT
JAISH-I-MOHAMMED	FTO] [SDGT
JAM'YAH TA'AWUN AL-ISLAMIA	SDGT
RABITA TRUST	SDGT
AGHA, Haji Abdul Manan	SDGT
AL-AHDAL, Mohammad Hamdi Mohammad Sadiq	SDGT
AL-HAQ, Amin	SDGT
HAMDAN, Salim Ahmad Salim	SDGT
AL-SHARIF, Sa'd Abdullah Hussein	SDGT
BIN MARWAN, Bilal	SDGT
BIN MUHAMMAD, Ayadi Chafiq	SDGT
DARKAZANLI, Mamoun	SDGT
HIJAZI, Riad	SDGT
UTHMAN, Omar Mahmoud	SDGT
AWEYS, Hassan Dahir	SDGT] [SOMALIA
AL-AQSA ISLAMIC BANK	SDGT
BEIT EL-MAL HOLDINGS	SDGT
HOLY LAND FOUNDATION FOR RELIEF AND DEVELOPMENT	SDGT
UMMAH TAMEER E-NAU	SDGT
MAHMOOD, Sultan Bashir-Ud-Din	SDGT
MAJEED, Abdul	SDGT
LASHKAR E-TAYYIBA	FTO] [SDGT
CONTINUITY IRA	FTO] [SDGT
FIRST OF OCTOBER ANTIFASCIST RESISTANCE GROUP	SDGT
LOYALIST VOLUNTEER FORCE	SDGT
ORANGE VOLUNTEERS	SDGT
RED HAND DEFENDERS	SDGT
ULSTER DEFENCE ASSOCIATION	SDGT
BOULGHITI, Boubekeur	SDGT
REVIVAL OF ISLAMIC HERITAGE SOCIETY	SDGT
AL-LIBI, Abd al-Muhsin	SDGT
ACCESOS ELECTRONICOS S.A.DE C.V.	SDNTK
ADMINISTRADORA DE INMUEBLES VIDA, S.A. DE C.V.	SDNTK
ADP, S.C.	SDNTK
COMPLEJO TURISTICO OASIS, S.A. DE C.V.	SDNTK
DISTRIBUIDORA IMPERIAL DE BAJA CALIFORNIA, S.A. DE C.V.	SDNTK
FARMACIA VIDA SUPREMA, S.A. DE C.V.	SDNTK
FORPRES, S.C.	SDNTK
GEX EXPLORE S. DE R.L. DE C.V.	SDNTK
OPERADORA VALPARK, S.A. DE C.V.	SDNTK
VALPARK, S.A. DE C.V.	SDNTK
AGUILAR AMAO, Miguel	SDNTK
AGUIRRE GALINDO, Manuel	SDNTK
ARELLANO FELIX, Enedina	SDNTK
FREGOSO AMEZQUITA, Maria Antonieta	SDNTK
GIL GARCIA, Jose Alejandro	SDNTK
HERNANDEZ PULIDO, Maria Elda	SDNTK
MIJARES TRANCOSO, Gilberto	SDNTK
MORENO MEDINA, Luis Ignacio	SDNTK
OROPEZA MEDRANO, Francisco Javier	SDNTK
RAMIREZ AGUIRRE, Sergio Humberto	SDNTK
TOLEDO CARREJO, Luis Raul	SDNTK
ABAUNZA MARTINEZ, Javier	SDGT
ALBERDI URANGA, Itziar	SDGT
ALCALDE LINARES, Angel	SDGT
ALBISU IRIARTE, Miguel	SDGT
ARZALLUS TAPIA, Eusebio	SDGT
ELCORO AYASTUY, Paulo	SDGT
FIGAL ARRANZ, Antonio Agustin	SDGT
GOGEASCOECHEA ARRONATEGUI, Eneko	SDGT
GOIRICELAYA GONZALEZ, Cristina	SDGT
IPARRAGUIRRE GUENECHEA, Maria Soledad	SDGT
MORCILLO TORRES, Gracia	SDGT
MUGICA GONI, Ainhoa	SDGT
MUNOA ORDOZGOITI, Alona	SDGT
NARVAEZ GONI, Juan Jesus	SDGT
OLARRA GURIDI, Juan Antonio	SDGT
ORBE SEVILLANO, Zigor	SDGT
OTEGUI UNANUE, Mikel	SDGT
PEREZ ARAMBURU, Jon Inaki	SDGT
SAEZ DE EGUILAZ MURGUIONDO, Carlos	SDGT
URANGA ARTOLA, Kemen	SDGT
VILA MICHELENA, Fermin	SDGT
AL-HARAMAIN ISLAMIC FOUNDATION	SDGT
AL-AQSA MARTYRS BRIGADE	FTO] [SDGT
THE AID ORGANIZATION OF THE ULEMA	SDGT
AOUADI, Mohamed Ben Belgacem	SDGT
BEN HENI, Lased	SDGT
BOUCHOUCHA, Mokhtar	SDGT
ES SAYED, Abdelkader Mahmoud	SDGT
ESSID, Sami Ben Khemais	SDGT
AL-FAWAZ, Khalid Abd al-Rahman Hamd	SDGT
AL-MASRI, Abu Hamza	SDGT
APAOLAZA SANCHO, Ivan	SDGT
BERASATEGUI ESCUDERO, Ismael	SDGT
GALLASTEGUI SODUPE, Lexuri	SDGT
PALACIOS ALDAY, Gorka	SDGT
QUINTANA ZORROZUA, Asier	SDGT
RUBENACH ROIG, Juan Luis	SDGT
ZUBIAGA BRAVO, Manex	SDGT
ASKATASUNA	SDGT
DA COSTA, Luis Fernando	SDNTK
GONZALEZ QUIRARTE, Eduardo	SDNTK
IBRAHIM, Haji	SDNTK
KNOWLES, Samuel	SDNTK
TUITO, Oded	SDNTK
ZAMBADA GARCIA, Ismael	SDNTK] [ILLICIT-DRUGS-EO14059
BABBAR KHALSA INTERNATIONAL	SDGT
INTERNATIONAL SIKH YOUTH FEDERATION	SDGT
NEW PEOPLE'S ARMY / COMMUNIST PARTY OF THE PHILIPPINES	FTO] [SDGT
SISON, Jose Maria	SDGT
BEN SOLTANE, Adel	SDGT
BEN ATTIA, Nabil Ben Mohamed Ben Ali	SDGT
CHEKKOURI, Yassine	SDGT
JELASSI, Riadh Ben Belkassem Ben Mohamed	SDGT
KAMMOUN, Mehdi	SDGT
KISHK, Samir	SDGT
MAAROUFI, Tarek Ben Habib Ben Al-Toumi	SDGT
REMADNA, Abdelhalim	SDGT
THAER, Mansour	SDGT
TLILI, Al-Azhar Ben Ammar Ben Abadallah	SDGT
WADDANI, Habib	SDGT
EASTERN TURKISTAN ISLAMIC MOVEMENT	SDGT
JULAIDAN, Wa'el Hamza Abd Al-Fatah	SDGT
BAHAJI, Said	SDGT
BINALSHIBH, Ramzi Mohammed Abdullah	SDGT
EL MOTASSADEQ, Mounir	SDGT
ESSABAR, Zakarya	SDGT
TUNISIAN COMBAT GROUP	SDGT
GLOBAL RELIEF FOUNDATION, INC.	SDGT
GLOBAL RELIEF FOUNDATION, INC.	SDGT
JEMAA ISLAMIYAH	FTO] [SDGT
GOMEZ BUSTAMANTE, Luis Hernando	SDNT
MONTOYA SANCHEZ, Diego Leon	SDNT
AGRICOLA DOIMA DEL NORTE DEL VALLE LTDA.	SDNT
AGROPECUARIA MIRALINDO S.A.	SDNT
GANADERIA EL VERGEL LTDA.	SDNT
GANADERIAS BILBAO LTDA.	SDNT
INMOBILIARIA EL ESCORIAL LTDA.	SDNT
INMOBILIARIA LINARES LTDA.	SDNT
INMOBILIARIA PASADENA LTDA.	SDNT
INVERSIONES LA QUINTA Y CIA. LTDA.	SDNT
LADRILLERA LA CANDELARIA LTDA.	SDNT
MONTOYA LUNA E HIJOS Y CIA. S.C.S.	SDNT
ORGANIZACION LUIS HERNANDO GOMEZ BUSTAMANTE Y CIA S.C.S.	SDNT
VISCAYA LTDA.	SDNT
GOMEZ APONTE, Laura Victoria	SDNT
GOMEZ GOMEZ, Viviana	SDNT
GOMEZ JARAMILLO, Olga Cecilia	SDNT
HURTADO ROMERO, Jairo Jose	SDNT
MONTOYA SANCHEZ, Eugenio	SDNT
MONTOYA SANCHEZ, Juan Carlos	SDNT
RUIZ CASTANO, Maria Helena	SDNT
ECHEBERRIA SIMARRO, Leire	SDGT
ECHEGARAY ACHIRICA, Alfonso	SDGT
VALLEJO FRANCO, Inigo	SDGT
BENEVOLENCE INTERNATIONAL FOUNDATION	SDGT
BENEVOLENCE INTERNATIONAL FUND	SDGT
BOSANSKA IDEALNA FUTURA	SDGT
MOROCCAN ISLAMIC COMBATANT GROUP	SDGT
LAJNAT AL DAAWA AL ISLAMIYYA	SDGT
SAYADI, Nabil Abdul Salam	SDGT
ISAMUDDIN, Nurjaman Riduan	SDGT
ABDURRAHMAN, Mohamad Iqbal	SDGT
STICHTING BENEVOLENCE INTERNATIONAL NEDERLAND	SDGT
LASHKAR I JHANGVI	FTO] [SDGT
HEKMATYAR, Gulbuddin	SDGT
ANSAR AL-ISLAM	FTO] [SDGT
THE RIYADUS-SALIKHIN RECONNAISSANCE AND SABOTAGE BATTALION OF CHECHEN MARTYRS	SDGT
THE SPECIAL PURPOSE ISLAMIC REGIMENT	SDGT
THE ISLAMIC INTERNATIONAL BRIGADE	SDGT
CHIWENGA, Constantino Guveya	GLOMAG
MNANGAGWA, Emmerson Dambudzo	GLOMAG
MUCHINGURI, Oppah Charm Zvipange	GLOMAG
VALENCIA TRUJILLO, Joaquin Mario	SDNT
BANANERA AGRICOLA S.A.	SDNT
CIA. MINERA DAPA S.A.	SDNT
COMPANIA DE FOMENTO MERCANTIL S.A.	SDNT
CONSTRUCCIONES PROGRESO DEL PUERTO S.A.	SDNT
CREDISA S.A.	SDNT
CRIADERO LA LUISA E.U.	SDNT
DRAGADOS Y MUELLES GAVIOTA LTDA.	SDNT
GRANJA LA SIERRA LTDA.	SDNT
GRAN MUELLE S.A.	SDNT
MIRA E.U.	SDNT
OCCIDENTAL DE PAPELES LTDA.	SDNT
SERVICIO AEREO DE SANTANDER E.U.	SDNT
UNIDAS S.A.	SDNT
TODOBOLSAS Y COLSOBRES	SDNT
AL-AQSA FOUNDATION	SDGT
AL-AQSA E.V.	SDGT
STICHTING AL-AQSA	SDGT
FORENINGEN AL-AQSA	SDGT
AL-AQSA	SDGT
AQSSA SOCIETY YEMEN	SDGT
AL-AQSA FOUNDATION	SDGT
AL-AQSA FOUNDATION	SDGT
AL-AQSA FOUNDATION	SDGT
ADEMI, Xhevat	BALKANS
ADILI, Gafur	BALKANS
ALBANIAN NATIONAL ARMY	BALKANS
ALISPAHIC, Bakir	BALKANS
ARMY OF THE REPUBLIC OF ILIRIDA	BALKANS
BAJAGIC, Zvonko	BALKANS
BANOVIC, Predrag	BALKANS
BEQIRI, Idajet	BALKANS
BEXHETI, Nuri	BALKANS
BIO CORPORATION	BALKANS
BJELICA, Milovan	BALKANS
BLAGOJEVIC, Vidoje	BALKANS
BLASKIC, Tihomir	BALKANS
BORAVCANIN, Ljubomir	BALKANS
BOSKOVSKI, Ljube	BALKANS
BRDJANIN, Radoslav	BALKANS
BUTKA, Spiro	BALKANS
CERKEZ, Mario	BALKANS
CESIC, Ranko	BALKANS
CESIC-ROJS, Ljubo	BALKANS
CETNIK RAVNAGORSKI POKRET	BALKANS
CORIC, Valentin	BALKANS
DALIPI, Tahir	BALKANS
DELIC, Hazim	BALKANS
DOSEN, Damir	BALKANS
ELSHANI, Gafur	BALKANS
FRONT FOR ALBANIAN NATIONAL UNITY	BALKANS
FURUNDZIJA, Anto	BALKANS
FUSTAR, Dusan	BALKANS
GAJIC-MILOSEVIC, Milica	BALKANS
GALIC, Stanislav	BALKANS
GRUBAN, Momcilo	BALKANS
HABIBI, Skender	BALKANS
HADZIHASANOVIC, Enver	BALKANS
HALILI, Nevzat	BALKANS
HARADINAJ, Daut	BALKANS
HASANI, Zhavit	BALKANS
HAXHIREXHA, Kastriot	BALKANS
IVANOVIC, Milan	BALKANS
JAKSIC, Marko	BALKANS
JANKOVIC, Gojko	BALKANS
JELAVIC, Ante	BALKANS
JELISIC, Goran	BALKANS
JOKIC, Dragan	BALKANS
JOKIC, Miodrag	BALKANS
KARADZIC, Luka	BALKANS
KARADZIC, Radovan	BALKANS
KARADZIC-JOVICEVIC, Sonja	BALKANS
KNEZEVIC, Dusan	BALKANS
KORDIC, Dario	BALKANS
KOS, Milojica	BALKANS
KOVACEVIC, Vladimir	BALKANS
KRNOJELAC, Milorad	BALKANS
KRSTIC, Radislav	BALKANS
KRYEZIU, Izmet	BALKANS
KUBURA, Amir	BALKANS
KUNARAC, Dragoljub	BALKANS
KVOCKA, Miroslav	BALKANS
LALOVIC, Dragan	BALKANS
LIBERATION ARMY OF PRESEVO, MEDVEDJA, AND BUJANOVAC	BALKANS
LIMAJ, Fatmir	BALKANS
LLADROVICI, Ramiz	BALKANS
LUKIC, Milan	BALKANS
LUKIC, Sredoje	BALKANS
LUKOVIC, Milorad Ulemek	BALKANS
LUSHTAKU, Sami	BALKANS
MANCO OIL COMPANY	BALKANS
MANDIC, Momcilo	BALKANS
MARKOVIC, Mirjana	BALKANS
MARKOVIC, Radovac	BALKANS
MARKU, Ton	BALKANS
MARTIC, Milan	BALKANS
MARTINOVIC, Vinko	BALKANS
MEJAKIC, Zeljko	BALKANS
MILOSEVIC, Borislav	BALKANS
MILOSEVIC, Dragomir	BALKANS
MILOSEVIC, Marija	BALKANS
MILOSEVIC, Marko	BALKANS
MILOSEVIC, Milanka	BALKANS
MILOSEVIC, Slobodan	BALKANS
MLADIC, Ratko	BALKANS
MORINA, Xhavit	BALKANS
MRDJA, Darko	BALKANS
MUSLIU, Isak	BALKANS
MUSLIU, Shefqet	BALKANS
MUSTAFA, Rrustem	BALKANS
NALETILIC, Mladen	BALKANS
NATIONAL COMMITTEE FOR THE LIBERATION AND PROTECTION OF ALBANIAN LANDS	BALKANS
NATIONAL LIBERATION ARMY	BALKANS
NATIONAL MOVEMENT FOR THE LIBERATION OF KOSOVO	BALKANS
NDRECAJ, Maliq	BALKANS
NIKOLIC, Momir	BALKANS
NIKOLIC, Zarko	BALKANS
OBRENOVIC, Dragan	BALKANS
PANDUREVIC, Vinko	BALKANS
PAVKOVIC, Nebojsa	BALKANS
PERIC, Jozo	BALKANS
PLAVSIC, Biljana	BALKANS
POLITICAL COUNCIL OF PRESEVO, MEDVEDJA, AND BUJANOVAC	BALKANS
POPOVIC, Vujadin	BALKANS
POPULAR MOVEMENT OF KOSOVO	BALKANS
PRCAC, Dragoljub	BALKANS
PUMA SECURITY COMPANY	BALKANS
RADIC, Miroslav	BALKANS
RADIC, Mlado	BALKANS
RAJIC, Ivica	BALKANS
RASEVIC, Mitar	BALKANS
REXHEPI, Daut	BALKANS
ROGULJIC, Slavko	BALKANS
SAHINPASIC, Senad	BALKANS
SAINOVIC, Nikola	BALKANS
SAMIU, Izair	BALKANS
SELIMI, Rexhep	BALKANS
SESELJ, Vojislav	BALKANS
SHAQIRI, Shaqir	BALKANS
SIKIRICA, Dusko	BALKANS
SIMATOVIC, Franko	BALKANS
SIMIC, Blagoje	BALKANS
SIMIC, Milan	BALKANS
SLJIVANCANIN, Veselin	BALKANS
SOPTA, Stanko	BALKANS
STAKIC, Milomir	BALKANS
STANISIC, Jovica	BALKANS
STANKOVIC, Radovan	BALKANS
STEPANOVIC, Novak	BALKANS
SUMA, Emrush	BALKANS
SYLA, Azem	BALKANS
TADIC, Dusan	BALKANS
TADIC, Miroslav	BALKANS
TODOVIC, Savo	BALKANS
UKSINI, Sami	BALKANS
VASILJEVIC, Mitar	BALKANS
VUKOVIC, Zoran	BALKANS
XHAFERI, Shefit	BALKANS
XHEMAJLI, Emrush	BALKANS
XHEMAJLI, Muhamet	BALKANS
ZARIC, Simo	BALKANS
ZELEN-KARADZIC, Ljiljana	BALKANS
ZIGIC, Zoran	BALKANS
ZUPLJANIN, Stojan	BALKANS
DIAS DE MENDONCA, Leonardo	SDNTK
ESPARRAGOZA MORENO, Juan Jose	SDNTK
PALMA SALAZAR, Hector Luis	SDNTK
QUINTERO MERAZ, Jose Albino	SDNTK
UNITED WA STATE ARMY	SDNTK
ABDAOUI, Youssef	SDGT
AKLI, Mohamed Amine	SDGT
AMDOUNI, Mehrez	SDGT
AYARI, Chiheb Ben Mohamed	SDGT
BAAZAOUI, Mondher	SDGT
DUMONT, Lionel	SDGT
ESSAADI, Moussa Ben Amor Ben Ali	SDGT
FETTAR, Rachid	SDGT
HAMAMI, Brahim Ben Hedili Ben Mohamed	SDGT
JARRAYA, Khalil	SDGT
JENDOUBI, Faouzi Ben Mohamed Ben Ahmed	SDGT
MNASRI, Fethi Ben Rebai Ben Absha	SDGT
OUAZ, Najib	SDGT
RARRBO, Ahmed Hosni	SDGT
SALEH, Nedal	SDGT
MZOUDI, Abdelghani	SDGT
AL-TIKRITI, Saddam Hussein	IRAQ2
AL-TIKRITI, Qusay Saddam Hussein	IRAQ2
AL-TIKRITI, Uday Saddam Hussein	IRAQ2
AL-TIKRITI, Abid Hamid Mahmud	IRAQ2
AL-TIKRITI, Ali Hassan al-Majid	IRAQ2
AL-DURI, Izzat Ibrahim	IRAQ2
AL-TIKRITI, Hani abd-al-Latif Tilfah	IRAQ2
AL-NUMAN, Aziz Salih	IRAQ2
ZUBAIDI, Muhammad Hamza	IRAQ2
AL-TIKRITI, Kamal Mustafa Sultan Abdallah	IRAQ2
AL-TIKRITI, Barzan abd al-Ghafur Sulaiman Majid	IRAQ2
AL-TIKRITI, Muzahim Sa'b Hassan	IRAQ2
AL-TIKRITI, Ibrahim Ahmad abd al-Sattar Muhammed	IRAQ2
AL-RAWI, Saif-al-Din Fulayyih Hassan Taha	IRAQ2
AL-TIKRITI, Rafi abd-al-Latif Tilfah	IRAQ2
AL-TIKRITI, Tahir Jalil Habbush	IRAQ2
AL-TIKRITI, Hamid Raja Shalah	IRAQ2
AL-DULAYMI, Latif Nusayyif Jasim	IRAQ2
HUWAYSH, Abd-al-Tawab Mullah	IRAQ2
AL-JIZRAWI, Taha Yassin Ramadan	IRAQ2
AL-TIKRITI, Rukan Razuki abd-al-Ghafur Sulaiman	IRAQ2
AL-TIKRITI, Jamal Mustafa Abdallah Sultan	IRAQ2
HADI, Mizban Khadr	IRAQ2
MA'RUF, Taha Muhyi-al-Din	IRAQ2
AZIZ, Tariq	IRAQ2
AL-TIKRITI, Walid Hamid Tawfiq	IRAQ2
AL-TAI, Sultan Hashim Ahmad	IRAQ2
AL-AZZAWI, Hikmat Mizban Ibrahim	IRAQ2
AL-AHMAD, Mahmud Dhiyab	IRAQ2
AL-RAWI, Ayad Futayyih Khalifa	IRAQ2
AL-NAQIB, Zuhair Talib abd-al-Sattar	IRAQ2
AL-SA'DI, Amir Hamudi Hassan	IRAQ2
AL-UBAIDI, Amir Rashid Muhammad	IRAQ2
AL-YASSIN, Husam Muhammad Amin	IRAQ2
AL-TIKRITI, Sab'awi Ibrahim Hassan	IRAQ2
AL-TIKRITI, Watban Ibrahim Hassan	IRAQ2
AL-TIKRITI, Barzan Ibrahim Hassan	IRAQ2
AMMASH, Huda Salih Mahdi	IRAQ2
AL-SAD'UN, Abd-al-Baqi abd-al-Karim Abdallah	IRAQ2
AL-SA'DUN, Muhammad Zimam abd-al-Razzaq	IRAQ2
AL-NAJIM, Samir abd al-Aziz	IRAQ2
ABD-AL-GHAFUR, Humam abd-al-Khaliq	IRAQ2
AL-UBAIDI, Yahia Abdallah	IRAQ2
GHALIB, Nayif Shindakh Thamir	IRAQ2
AL-MASHHADANI, Saif-al-Din	IRAQ2
GHARIB, Fadil Mahmud	IRAQ2
AL-KHAFAJI, Muhsin Khadr	IRAQ2
KAZIM, Rashid Taan	IRAQ2
AL-KUBAYSI, Ugla Abid Saqar	IRAQ2
AL-UBAIDI, Ghazi Hammud	IRAQ2
MAHDI, Adil Abdallah	IRAQ2
AL-AWADI, Hussein Qaid	IRAQ2
AL-MUHAMMAD, Khamis Sirhan	IRAQ2
AL-TIKRITI, Sa'd abd-al-Majid al-Faysal	IRAQ2
SPASOJEVIC, Dragon	BALKANS
VASIC, Dragomir	BALKANS
ASSOCIATION DE SECOURS PALESTINIENS	SDGT
AL-ALAMI, Imad Khalil	SDGT
HAMDAN, Usama	SDGT
MISHAAL, Khalid	SDGT
RANTISI, Abdel Aziz	SDGT
COMITE' DE BIENFAISANCE ET DE SECOURS AUX PALESTINIENS	SDGT
INTERPAL	SDGT
PALESTINIAN ASSOCIATION IN AUSTRIA	SDGT
SANABIL ASSOCIATION FOR RELIEF AND DEVELOPMENT	SDGT
DWIKARNA, Agus	SDGT
JULKIPLI, Salim Y Salamuddin	SDGT
MUNANDAR, Aris	SDGT
MURAD, Abdul Hakim	SDGT
SIREGAR, Parlindungan	SDGT
SYAWAL, Yassin	SDGT
YUNOS, Mukhlis	SDGT
BIN MANSOUR, Amran	SDGT
HIR, Zulkifli Bin Abdul	SDGT
KASMURI, Abdul Manaf	SDGT
MARZUKI, Zulkifli	SDGT
SUFAAT, Yazid	SDGT
WAN MIN, Wan Mat	SDGT
ZAKARIA, Zaini	SDGT
ABU DHESS, Mohamed	SDGT
AL-DAGMA, Aschraf	SDGT
MOUSTFA, Djamel	SDGT
SHALABI, Ismail Abdallah Sbaitan	SDGT
AL-AKHTAR TRUST INTERNATIONAL	SDGT
AL-BAKOUN ALA AL-AHD ORGANIZATION	SDGT
BELMOKHTAR, Mokhtar	SDGT
DHAMAT HOUMET DAAWA SALAFIA	SDGT
EL HADI, Mustapha Nasri Ben Abdul Kader Ait	SDGT
LOUNICI, Djamel	SDGT
BEN ABDELHAKIM, Cherif Said	SDGT
BOUYAHIA, Hamadi Ben Abdul Aziz Ben Ali	SDGT
CABDULLAAH, Ciise Maxamed	SDGT
DRISSI, Noureddine Ben Ali Ben Belkassem	SDGT
EL AYASHI, Radi Abd El Samie Abou El Yazid	SDGT
HAMMID, Mohammed Tahir	SDGT
HAMRAOUI, Kamel Ben Mouldi Ben Hassan	SDGT
MOSTAFA, Mohamed Amin	SDGT
RIHANI, Lotfi Ben Abdul Hamid Ben Ali	SDGT
ROUINE, Lazher Ben Khalifa Ben Ahmed	SDGT
SALEH AL-SAADI, Nassim Ben Mohamed Al-Cherif ben Mohamed	SDGT
TRABELSI, Mourad	SDGT
ZARKAOUI, Imed Ben Mekki Ben Al-Akhdar	SDGT
AMMARI, Saifi	SDGT
DURGUTI, Safet	SDGT
ABO GHAITH, Sulaiman Jassem	SDGT
AL-HARAMAIN : PAKISTAN BRANCH	SDGT
AL-HARAMAIN : INDONESIA BRANCH	SDGT
AL-HARAMAIN : KENYA BRANCH	SDGT
AL-HARAMAIN : TANZANIA BRANCH	SDGT
BASEVIC, Dragan	BALKANS
BOROVCANIN, Veljko	BALKANS
DJORDA, Samojko	BALKANS
ECIM, Ljuban	BALKANS
JAKUPI, Avdyl	BALKANS
KOJIC, Radomir	BALKANS
KOVAC, Tomislav	BALKANS
KUJUNDZIC, Predrag	BALKANS
MARIJANOVIC, Milovan	BALKANS
SARAC, Ivan	BALKANS
SHAQIRI, Xhezair	BALKANS
THACI, Menduh	BALKANS
2904977 CANADA, INC.	CUBA
CORPORACION CIMEX S.A.	CUBA
CUBANACAN GROUP	CUBA
CUBANACAN INTERNATIONAL B.V	CUBA
CUBANACAN U.K. LIMITED	CUBA
HAVANATUR S.A.	CUBA
HAVANATUR BAHAMAS LTD.	CUBA
HAVANATUR CHILE S.A.	CUBA
LA COMPANIA TIENDAS UNIVERSO S.A.	CUBA
FUNDACION PARA LA PAZ DE CORDOBA	SDNTK
ARROYAVE RUIZ, Elkin Alberto	SDNTK
ATENCIA PITALUA, Rafael Dario	SDNTK
BLANCO PUERTA, Edgar Fernando	SDNTK
BUITRAGO PARADA, Hector German	SDNTK
CASTANO GIL, Carlos	SDNTK
CASTANO GIL, Jose Vicente	SDNTK
CASTELLANOS GARZON, Henry	SDGT
CIFUENTES GALINDO, Luis Eduardo	SDNTK
DUQUE GAVIRIA, Ivan Roberto	SDNTK
GIRALDO SERNA, Hernan	SDNTK
GOMEZ ALVAREZ, Sor Teresa	SDNTK
ISAZA ARANGO, Ramon Maria	SDNTK
MANCUSO GOMEZ, Salvatore	SDNTK
MARIN ARANGO, Luciano	SDGT
MURILLO BEJARANO, Diego Fernando	SDNTK
AL-ZINDANI, Shaykh Abd-al-Majid	SDGT
ABD AL-GHAFAR, Sundus	IRAQ2
AL-DURI, Jawhar Majid	IRAQ2
AL-RABI'I, Nidal	IRAQ2
AL-TIKRITI, Ali Barzan Ibrahim Hasan	IRAQ2
AL-TIKRITI, Ali Saddam Hussein	IRAQ2
AL-TIKRITI, Hala Saddam Hussein	IRAQ2
AL-TIKRITI, Khawla Barzan Ibrahim Hasan	IRAQ2
AL-TIKRITI, Mohammad Barzan Ibrahim Hasan	IRAQ2
AL-TIKRITI, Noor Barzan Ibrahim Hasan	IRAQ2
AL-TIKRITI, Raghad Saddam Hussein	IRAQ2
AL-TIKRITI, Rana Saddam Hussein	IRAQ2
AL-TIKRITI, Saja Barzan Ibrahim Hasan	IRAQ2
AL-TIKRITI, Thoraya Barzan Ibrahim Hasan	IRAQ2
AL-UBAYDI, Intissar	IRAQ2
SHAHBANDAR, Samira	IRAQ2
TILFAH, Sajida Khayrallah	IRAQ2
HOLA SUN HOLIDAYS LIMITED	CUBA
DERAMCHI, Othman	SDGT
BENDEBKA, L'Hadi	SDGT
DI ANNABA, Yacine	SDGT
KIFANE, Abderrahmane	SDGT
EL HEIT, Ali	SDGT
HADDAD, Fethi Ben Assen Ben Salem	SDGT
ABBES, Moustafa	SDGT
ABBES, Youcef	SDGT
AL WASEL AND BABEL GENERAL TRADING LLC	IRAQ2
AL-BASHAIR TRADING COMPANY, LTD	IRAQ2
AL-HUDA STATE COMPANY FOR RELIGIOUS TOURISM	IRAQ2
AVIATRANS ANSTALT	IRAQ2
LOGARCHEO S.A.	IRAQ2
AHMED, Adnan S. Hasan	IRAQ2
AL OBAIDI, Tarik Nasser S.	IRAQ2
AL-QUBAYSI, Munir	IRAQ2
BAHNAM, Hikmat Jarjes	IRAQ2
DJERMANE, Kamel	SDGT
AL-HARAMAIN & AL MASJED AL-AQSA CHARITY FOUNDATION : BOSNIA BRANCH	SDGT
TAIBAH INTERNATIONAL : BOSNIA BRANCH	SDGT
AL FURQAN	SDGT
BURHAN, Dr. Sahir	IRAQ2
HAMUDAT, General Maki Mustafa	IRAQ2
SHABAN, Adib	IRAQ2
SLEWA, Roodi	IRAQ2
ARELLANO FELIX, Eduardo Ramon	SDNTK
ARELLANO FELIX, Francisco Javier	SDNTK
ARELLANO FELIX ORGANIZATION	SDNTK
JUAREZ CARTEL	SDNTK] [FTO] [SDGT] [ILLICIT-DRUGS-EO14059
NEMBHARD, Norris	SDNTK
NOORZAI, Haji Bashir	SDNTK
RAMCHARAN, Leebert	SDNTK
ZEVALLOS GONZALES, Fernando Melciades	SDNTK
AERO CONTINENTE S.A	SDNTK
AVIANDINA S.A.C.	SDNTK
IAC INTERNATIONAL INC.	SDNTK
MEJIA MAGNANI, John Yvan	SDNTK
SISTEMA DE DISTRIBUCION MUNDIAL, S.A.C.	SDNTK
ZEVALLOS GONZALES, Lupe Maritza	SDNTK
ZEVALLOS GONZALES, Milagros Angelina	SDNTK
AERO CONTINENTE (USA) INC.	SDNTK
CARGO AIRCRAFT LEASING CORP.	SDNTK
INTERNATIONAL PACIFIC TRADING, INC.	SDNTK
AL-HARAMAIN : AFGHANISTAN BRANCH	SDGT
AL-HARAMAIN : ALBANIA BRANCH	SDGT
AL-HARAMAIN : BANGLADESH BRANCH	SDGT
AL-HARAMAIN : ETHIOPIA BRANCH	SDGT
AL-HARAMAIN : THE NETHERLANDS BRANCH	SDGT
AL-AQIL, Aqeel Abdulaziz Aqeeil	SDGT
BARAKAT, Assad Ahmad	SDGT
CASA APOLLO	SDGT
BARAKAT IMPORT EXPORT LTDA	SDGT
DARRAJI, Kamel	SDGT
JAMMALI, Imed Ben Bechir Ben Hamda	SDGT
LOUBIRI, Habib Ben Ahmed	SDGT
TRABELSI, Chabaane Ben Mohamed	SDGT
KRUNIC, Savo	BALKANS
PEJCIC, Mile	BALKANS
PETRIC, Zoran	BALKANS
BOUT, Viktor Anatolijevitch	DRCONGO
RUPRAH, Sanjivan Singh	DRCONGO
ABBAS, Abdul Hussein	IRAQ2
AHMAD, Rasem	IRAQ2
AHMAD, Wallid Issa	IRAQ2
AL-AMIRI, Adnan Talib Hassim	IRAQ2
AL-ARABI TRADING COMPANY LIMITED	IRAQ2
AL-ATRUSH, Abd al-Wahhab Umar Mirza	IRAQ2
AL-AZAWI, Dafir	IRAQ2
AL-BAZZAZ, Hikmet Abdallah	IRAQ2
AL-DAJANI, Leila N.S.	IRAQ2
AL-DAJANI, Nadim S.	IRAQ2
AL-DAJANI, Sa'ad	IRAQ2
AL-HAMMADI, Hamid Yusif	IRAQ2
AL-HUWAYSH, Isam Rashid	IRAQ2
AL-JABBURI, Sadi Tuma Abbas	IRAQ2
AL-KHODAIR, Ahmad Hussein	IRAQ2
AL-MAJID, Hussein Kamel Hassan	IRAQ2
AL-MALIKI, Shabib Lazem	IRAQ2
AL-QASIR, Nazar Jumah Ali	IRAQ2
AL-RIDA, Karim Hasan	IRAQ2
AL-RUBA, Dr. Khadim	IRAQ2
AL-SAHHAF, Muhammad Said Kazim	IRAQ2
AL-ZIBARI, Arshad Muhammad Ahmad Muhammad	IRAQ2
ALAWI, Abdel-Salam Abdel-Rahman	IRAQ2
ALWAN, Allaidin Hussain	IRAQ2
AMD CO. LTD AGENCY	IRAQ2
ARAB PROJECTS COMPANY S.A. LTD.	IRAQ2
ATIA, Hachim K.	IRAQ2
DAGHIR, Ali Ashour	IRAQ2
DURAND PROPERTIES LIMITED	IRAQ2
FARAJ, Samal Majid	IRAQ2
FARTRADE HOLDINGS S.A.	IRAQ2
FATTAH, Jum'a Abdul	IRAQ2
HABIB, Mohammed Turki	IRAQ2
HELFORD DIRECTORS LIMITED	IRAQ2
JASIM, Latif Nusayyif	IRAQ2
JON, Hana Paul	IRAQ2
JUME'AN, George	IRAQ2
KARAGHULLY, Labeed A.	IRAQ2
KHALIL, Dr. Ahmad Murtada Ahmad	IRAQ2
MALIK, Assim Mohammed Rafiq Abdul	IRAQ2
MOHAMED, Abdul Kader Ibrahim	IRAQ2
MUBARAK, Umid Medhat	IRAQ2
NAMAN, Saalim	IRAQ2
OMRAN, Karim Dhaidas	IRAQ2
RZOOKI, Hanna	IRAQ2
SALIH, Abd al-Munim Ahmad	IRAQ2
T.M.G. ENGINEERING LIMITED	IRAQ2
TALL, Aktham	IRAQ2
TARIQ ABU SHANAB EST. FOR TRADE & COMMERCE	IRAQ2
TECHNOLOGY AND DEVELOPMENT GROUP LTD	IRAQ2
TIGRIS TRADING, INC.	IRAQ2
ZAHRAN, Yousuf	IRAQ2
ZAINAL, Akram	IRAQ2
KUNFUTH, Abbas Khalaf	IRAQ2
AL-TAMIMI, Muhannad Juma Y	IRAQ2
BLOTO INTERNATIONAL COMPANY	IRAQ2
MELFI MARINE CORPORATION S.A.	CUBA
AL-BUTHE, Soliman	SDGT
AL-HARAMAIN FOUNDATION : COMOROS ISLANDS	SDGT
ISLAMIC AFRICAN RELIEF AGENCY	SDGT
SULAIMAN, Mohammed Ibrahim	SDGT
MAKKI, Jaffar Ahmad Abdullah	SDGT
ABBAKAR MUHAMAD, Abdul Aziz	SDGT
AL-SUDANI, Khalid Ahmad Jumah	SDGT
BUISIR, Ibrahim	SDGT
HERNANDEZ ZEA, Luis Antonio	SDNT
ACCIRENT S.A.	SDNT
AEROCOMERCIAL ALAS DE COLOMBIA LTDA.	SDNT
AEROVIAS ATLANTICO LTDA.	SDNT
ASOCIACION TURISTICA INTERNACIONAL S.C.S.	SDNT
CIA. CONSTRUCTORA Y COMERCIALIZADORA DEL SUR LTDA.	SDNT
DESARROLLOS AGROINDUSTRIALES S.A.	SDNT
GREEN ISLAND S.A.	SDNT
INTERCONTINENTAL DE FINANCIACION AEREA  S.A.	SDNT
INVERSIONES Y COMERCIALIZADORA INCOM LTDA.	SDNT
LARGO LEASING LTD.	SDNT
TRANS PACIFIC WORLD LEASING LIMITED	SDNT
VELEZ RENGIFO, Piedad	SDNT
ARCE JARAMILLO, Melba Rosa	SDNT
ISLAMIC STATE OF IRAQ AND THE LEVANT	FTO] [SDGT
SERCUBA	CUBA
LABRA AVILES, Jesus Abraham	SDNTK
HIGUERA GUERRERO, Gilberto	SDNTK
PEREZ PASUENGO, Efrain	SDNTK
AURELIANO FELIX, Jorge	SDNTK
YANEZ GUERRERO, Rigoberto	SDNTK
MARTINEZ DUARTE, Armando	SDNTK
AL-FAQIH, Saad Rashed Mohammad	SDGT
BATARJEE, Adel Abdul Jalil Ibrahim	SDGT
SERB DEMOCRATIC PARTY	BALKANS
ZDRAVO	BALKANS
KOMOTKO	BALKANS
BRALO, Miroslav	BALKANS
DJORDJEVIC, Vlastimir	BALKANS
LAZAREVIC, Vladimir	BALKANS
LUKIC, Sreten	BALKANS
MOVEMENT FOR ISLAMIC REFORM IN ARABIA	SDGT
AL-FADHLI, Muhsin	SDGT
RAMCHARAN LTD	SDNTK
RAMCHARAN BROTHERS LTD	SDNTK
CARIBBEAN SHOWPLACE LTD	SDNTK
CARIBBEAN BEACH PARK	SDNTK
MOHAMMAD, Haji Baz	SDNTK
SHALISH, Zuhayr	IRAQ2
SHALISH, Asif	IRAQ2
SES INTERNATIONAL CORP	IRAQ2
AHMAD, Muhammad Yunis	IRAQ2
AL-HIYARI, Bilal Mansur	SDGT
RUSDAN, Abu	SDGT
SUMARSONO, Aris	SDGT
AL-TIKRITI, Yasir Sabawi Ibrahim Hasan	IRAQ2
AL-TIKRITI, Omar Sabawi Ibrahim Hasan	IRAQ2
AL-TIKRITI, Ayman Sabawi Ibrahim Hasan	IRAQ2
AL-TIKRITI, Ibrahim Sabawi Ibrahim Hasan	IRAQ2
ELEHSSAN	SDGT
ISLAMIC JIHAD GROUP	FTO] [SDGT
ARRIOLA MARQUEZ ORGANIZATION	SDNTK
ARRIOLA MARQUEZ, Miguel Angel	SDNTK
ARRIOLA MARQUEZ, Oscar Arturo	SDNTK
WONG, Moon Chi	SDNTK
GAXIOLA MEDINA, Rigoberto	SDNTK
DIODATO DEL GALLO, Marco Marino	SDNTK
KOREA MINING DEVELOPMENT TRADING CORPORATION	NPWMD] [DPRK2
TANCHON COMMERCIAL BANK	NPWMD
KOREA RYONBONG GENERAL CORPORATION	NPWMD
AEROSPACE INDUSTRIES ORGANIZATION	NPWMD] [IFSR] [IRAN-CON-ARMS-EO
SHAHID HEMMAT INDUSTRIAL GROUP	NPWMD] [IFSR
SHAHID BAKERI INDUSTRIAL GROUP	NPWMD] [IFSR
SCIENTIFIC STUDIES AND RESEARCH CENTER	NPWMD
AL-TIKRITI, Bashar Sabawi Ibrahim Hasan	IRAQ2
AL-TIKRITI, Sa'd Sabawi Ibrahim Hasan	IRAQ2
EL BOUHALI, Ahmed	SDGT
BOUGHANEMI, Faycal	SDGT
LAAGOUB, Abdelkader	SDGT
SERVICIOS ADMINISTRATIVOS Y DE ORGANIZACION, S.C.	SDNTK
KONTROLES ELECTRONICOS DE BAJA CALIFORNIA, S.A. DE C.V.	SDNTK
COMERCIALIZADORA AMIA, S.A. DE C.V.	SDNTK
MELGOZA TORRES, Martin	SDNTK
ALTAMIRANO LOPEZ, Hector	SDNTK
SOTO GIL, Yolanda Esthela	SDNTK
MARTINEZ CASAS, Carlos Mario	SDNTK
TAPIA ORTEGA, Abigail	SDNTK
LOPEZ POBLANO, Beatriz Raquel	SDNTK
CARRERA YLLADES, Marisela	SDNTK
PEREZ CASTANO, Mario Alberto	SDNTK
HERNANDEZ MORENO, Arturo	SDNTK
ARRIOLA MARQUEZ, Edgar Fernando	SDNTK
ARRIOLA MARQUEZ, Luis Raul	SDNTK
INDIO VITORIO S. DE P.R. DE R.L. DE C.V.	SDNTK
CHIHUAHUA FOODS S.A. DE C.V.	SDNTK
CORRALES SAN IGNACIO S.P.R. DE R.L. DE C.V.	SDNTK
CAMBIOS PALMILLA S.A. DE C.V.	SDNTK
GASOLINERAS SAN FERNANDO S.A. DE C.V.	SDNTK
INMOBILIARIA EL PRESON S.A. DE C.V.	SDNTK
INMOBILIARIA EL ESCORPION DEL NORTE S.A. DE C.V.	SDNTK
DEL NORTES CARNES FINAS SAN IGNACIO S.A. DE C.V.	SDNTK
AUTO EXPRESS DORADOS S.A. DE C.V.	SDNTK
LICON MUNOZ, Jorge Arturo	SDNTK
CARRASCO MIRANDA, Willebaldo	SDNTK
ARREOLA GOMEZ, Guadalupe Armando	SDNTK
ARRIOLA LUNA, Paola	SDNTK
MATANGA, Tandabantu Godwin	GLOMAG
SALEH, Dr. Abdul Latif	SDGT
AL-SIBA'I, Hani Muhammad Yusuf	SDGT
AHMAD, Zaki Izzat Zaki	SDGT
ABD AL-RAHMAN, Abdullah Muhammad Rajab	SDGT
AL-ISLAMBULI, Muhammad Ahmad Shawqi	SDGT
MUSTAFA BAKRI, Ali Sa'd Muhammad	SDGT
HESONG TRADING CORPORATION	NPWMD
TOSONG TECHNOLOGY TRADING CORPORATION	NPWMD
KOREA COMPLEX EQUIPMENT IMPORT CORPORATION	NPWMD
KOREA KWANGSONG TRADING CORPORATION	NPWMD
KOREA PUGANG TRADING CORPORATION	NPWMD
KOREA RYONGWANG TRADING CORPORATION	NPWMD
KOREA INTERNATIONAL CHEMICAL JOINT VENTURE COMPANY	NPWMD
KOREA RYONHA MACHINERY JOINT VENTURE CORPORATION	NPWMD
UDOMDET, Ronnayut	SDNTK
CHARIAPAPORN, Hiran	SDNTK
JUNTARAPRAPORN, Aping	SDNTK
PHUANGPHET, Suwit	SDNTK
JANPRAPAPORN, Arin	SDNTK
KRADUMPORN, Somboon	SDNTK
KRADUMPORN, Varee	SDNTK
CHAIWORASIN, Wimonsi	SDNTK
CHAIWORASIN, Wilai	SDNTK
PICHAYOS, Winai	SDNTK
CHAIJAMROONPHAN, Warin	SDNTK
NICE FANTASY GARMENT COMPANY LTD.	SDNTK
V.R. FRUIT COMPANY	SDNTK
SIAM NICE COMPANY LTD.	SDNTK
SCORE COMMERCIAL COMPANY LTD.	SDNTK
RUNGRIN COMPANY LTD.	SDNTK
RATTANA VICHAI COMPANY LTD.	SDNTK
PROGRESS SURAWEE COMPANY LTD.	SDNTK
PLUS TECH AUTO SUPPLY COMPANY LTD.	SDNTK
PLOYDAENG JEWELRY SHOP	SDNTK
MAESAI K.D.P. COMPANY LTD.	SDNTK
KRADUMPORN IMPORT EXPORT COMPANY LTD.	SDNTK
HATKAEW COMPANY LTD.	SDNTK
GREEN CAR RENT LIMITED PARTNERSHIP	SDNTK
BANGKOK SILK FLOWER COMPANY LTD.	SDNTK
BANGKOK ARTI-FLORA DESIGN LIMITED PARTNERSHIP	SDNTK
A-TEAM CHEMICALS COMPANY LTD.	SDNTK
QUINTERO SANCLEMENTE, Ramon Alberto	SDNT
SAHIRON, Radulan	SDGT
HAPILON, Isnilon Totoni	SDGT
RASHID, Ata Abdoulaziz	SDGT
HUSSEIN, Mazen Ali	SDGT
AHMAD, Farhad Kanabi	SDGT
YOUSEF, Rafik Mohamad	SDGT
IZZAT, Dieman Abdulkadir	SDGT
KHALIL, Ibrahim Mohamed	SDGT
AL-FAQIH, Abd al-Rahman	SDGT
ABD'RABBAH, Ghuma	SDGT
KHALED, Abdulbaqi Mohammed	SDGT
NASUF, Tahir	SDGT
BENHAMMEDI, Mohammed	SDGT
SARA PROPERTIES LIMITED	SDGT
MEADOWBROOK INVESTMENTS LIMITED	SDGT
OZLAM PROPERTIES LIMITED	SDGT
SANABEL RELIEF AGENCY LIMITED	SDGT
HILAL, Musa	DARFUR
AL MANAR TV	SDGT
LEBANESE MEDIA GROUP	SDGT
AL NOUR RADIO	SDGT
BADRI, Gabril Abdul Kareem	DARFUR
BA'ASYIR, Abu Bakar	SDGT
GUNAWAN, Gun Gun Rusman	SDGT
RIFKI, Taufik	SDGT
ANSHORI, Abdullah	SDGT
KOHAS AG	NPWMD
STEIGER, Jakob	NPWMD
EL HASSAN, Gaffar Mohmed	DARFUR
ZAHHAR, Mahmoud Khaled	SDGT] [NS-PLC
HAMMAD, Fathi Ahmad Mohammad	SDGT] [NS-PLC
LIMMT ECONOMIC AND TRADE COMPANY, LTD.	NPWMD] [IFSR
BEIJING ALITE TECHNOLOGIES CO., LTD.	NPWMD] [IFSR
CHINA NATIONAL PRECISION MACHINERY IMPORT/EXPORT CORPORATION	NPWMD] [IFSR
NAWAY, Haji Ali	SDNTK
AMEZCUA CONTRERAS ORGANIZATION	SDNTK
JAMIL GEORGES, Fahd	SDNTK
IBRAHIM, Dawood	SDNTK] [SDGT
DAWOOD IBRAHIM ORGANIZATION	SDNTK
LUKASHENKA, Alyaksandr Ryhorovich	BELARUS
HALAVANAU, Viktar Hryhoryavich	BELARUS
ZIMOUSKY, Aliaksandr Leanidavich	BELARUS
SANAM INDUSTRIAL GROUP	NPWMD] [IFSR
YA MAHDI INDUSTRIES GROUP	NPWMD] [IFSR
SUKHARENKA, Stiapan Mikalayevich	BELARUS
PAULICHENKA, Dzmitry Valeryevich	BELARUS
SHEIMAN, Viktar Uladzimiravich	BELARUS
YARMOSHINA, Lidziya Mihaulauna	BELARUS
PIATKEVICH, Natallia Uladzimirauna	BELARUS
LUKASHENKA, Viktar Aliaksandravich	BELARUS
NAUMAU, Uladzimir Uladzimiravich	BELARUS
AL-MUJIL, Abd Al Hamid Sulaiman Muhammed	SDGT
'ABD AL-RAZZIQ, Abu Sufian al-Salamabi Muhammed Ahmed	SDGT
NETHERLANDS CARIBBEAN BANK N.V.	CUBA
ISLAMIC RESISTANCE SUPPORT ORGANIZATION	SDGT
YOUSSER COMPANY FOR FINANCE AND INVESTMENT	SDGT
BAYT AL-MAL	SDGT
AL-SHAMI, Husayn	SDGT
PLAYA MAR S.A. DE C.V.	SDNTK
INMOBILIARIA ESPARTA S.A. DE C.V.	SDNTK
INMOBILIARIA LA PROVINCIA S.A. DE C.V.	SDNTK
INMOBILIARIA ESTADO 29 S.A. DE C.V.	SDNTK
INMOBILIARIA TIJUANA COSTA S.A. DE C.V.	SDNTK
HERNANDEZ SOMERO, Urbano	SDNTK
URIBE URIBE, Miguel Angel	SDNTK
JIMENEZ PEREZ, Jose Julian Bruno	SDNTK
PELAYO MENDOZA, Franco Arturo	SDNTK
GOMEZ BUSTAMANTE, Wilmer de Jesus	SDNT
GIRALDO FRANCO, Juan Carlos	SDNT
ROJAS FRANCO, Jaime	SDNT
CANO ALZATE, Yolanda Sofia	SDNT
PATINO RESTREPO, Carlos Arturo	SDNT
GOMEZ BUSTAMANTE, Luis Alfonso	SDNT
CANO CORREA, Jhon Eidelber	SDNT
INVERSIONES MACARNIC PATINO Y CIA S.C.S.	SDNT
COMERCIALIZADORA DE CAFE DEL OCCIDENTE CODECAFE LTDA.	SDNT
GOMEZ MARIN LTDA.	SDNT
GAVIOTAS LTDA.	SDNT
CANO AGUDELO S EN C	SDNT
AHMAD, Najmuddin Faraj	SDGT
AL-ALI, Hamid	SDGT
AL-JALAMAH, Jaber	SDGT
AL-BATHALI, Mubarak Mushakhas Sanad	SDGT
KOREA HYOKSIN TRADING CORPORATION	NPWMD
POPOV, Dimitri Igorevich	DRCONGO
MANDRO, Khawa Panga	DRCONGO
MPANO, Douglas	DRCONGO
NKUNDA, Laurent	DRCONGO
MURWANASHYAKA, Ignace	DRCONGO
BARAKAT, Hatim Ahmad	SDGT
BARAKAT, Hamzi Ahmad	SDGT
FAYAD, Sobhi Mahmoud	SDGT
FAYAD, Saleh Mahmoud	SDGT
CASA HAMZE	SDGT
ABDALLAH, Muhammad Yusif	SDGT
OMAIRI, Farouk	SDGT
TARABAIN CHAMAS, Mohamad	SDGT
BARAKAT, Mohammad Fayez	SDGT
KAZAN, Ali Muhammad	SDGT
GALERIA PAGE	SDGT
JIHAD AL-BINA	SDGT
AL GHABRA, Mohammed	SDGT
CARGO FREIGHT INTERNATIONAL	DRCONGO
COMPAGNIE AERIENNE DES GRANDS LACS	DRCONGO
GREAT LAKES BUSINESS COMPANY	DRCONGO
KALAYE ELECTRIC COMPANY	NPWMD] [IFSR
HIGHER INSTITUTE OF APPLIED SCIENCE AND TECHNOLOGY	NPWMD
ELECTRONICS INSTITUTE	NPWMD
NATIONAL STANDARDS AND CALIBRATION LABORATORY	NPWMD
DOCKRAT, Farhad Ahmed	SDGT
DOCKRAT, Junaid Ismail	SDGT
SNIPER AFRICA	SDGT
MIKLASHEVICH, Petr Petrovich	BELARUS
PODOBED, Yury Nikolaevich	BELARUS
SLIZHEVSKY, Oleg Leonidovich	BELARUS
RADKOV, Aleksandr Mikhailovich	BELARUS
RUSAKEVICH, Vladimir Vasilyevich	BELARUS
SIVAKOV, Yury	BELARUS
BUTEMBO AIRLINES	DRCONGO
CONGOCOM TRADING HOUSE	DRCONGO
MACHANGA LTD.	DRCONGO
UGANDA COMMERCIAL IMPEX	DRCONGO
OZIA MAZIO, Dieudonne	DRCONGO
DEFENSE INDUSTRIES ORGANIZATION	NPWMD] [IFSR] [IRAN-CON-ARMS-EO
HARUN, Ahmad Muhammed	DARFUR
AUF, Awad Ibn	DARFUR
MUSONI, Straton	DRCONGO
AL-DIBISKI, Nur Al-Din	SDGT
AZIZAH, Sa'id Yusif Ali Abu	SDGT
AL-SAYYID, 'Ali Sulayman Mas'ud 'Abd	SDGT
TORRES FELIX, Javier	SDNTK
ARAUJO LAVEAGA, Carmen Amelia	SDNTK
BUENO GARCIA, Santos	SDNTK
ZAMBADA NIEBLA, Modesta	SDNTK
ZAMBADA NIEBLA, Monica del Rosario	SDNTK
ZAMBADA NIEBLA, Midiam Patricia	SDNTK
ZAMBADA NIEBLA, Maria Teresa	SDNTK
NIEBLA CORDOZA, Rosario	SDNTK
ROSARIO NIEBLA CARDOZA A. EN P.	SDNTK
ESTANCIA INFANTIL NINO FELIZ S.C.	SDNTK
ESTABLO PUERTO RICO S.A. DE C.V.	SDNTK
JAMARO CONSTRUCTORES S.A. DE C.V.	SDNTK
NUEVA INDUSTRIA DE GANADEROS DE CULIACAN S.A. DE C.V.	SDNTK
BANK SADERAT IRAN	IRAN] [SDGT] [IFSR
AZZA AIR TRANSPORT COMPANY LTD.	DARFUR
FARAYAND TECHNIQUE	NPWMD] [IFSR
AL-DULAYMI, Hasan Hashim Khalaf	IRAQ2
AL-TIKRITI, Ahmed Watban Ibrahim Hasan	IRAQ2
AL-AHMAD, Ahmad Muhammad Yunis	IRAQ2
AL-AHMAD, Sa'ad Muhammad Yunis	IRAQ2
AL-AZAWI, Hatem Hamdan	IRAQ2
AL-DURI, Thabet	IRAQ2
AL-RAWI, Fawzi Mutlaq	SDGT
CAZAREZ SALAZAR, Victor Emilio	SDNTK
PAREDES CORDOVA, Jorge Mario	SDNTK
KHAN, Shahbaz	SDNTK
ALIZAI, Haji Azizullah	SDNTK
BARTH, Frederik Heinz	SDNTK
GULF CARTEL	SDNTK] [FTO] [SDGT] [ILLICIT-DRUGS-EO14059
FAJR INDUSTRIES GROUP	NPWMD] [IFSR
MIZAN MACHINE MANUFACTURING GROUP	NPWMD] [IFSR
ISLAMIC REVOLUTIONARY GUARD CORPS	FTO] [SDGT] [NPWMD] [IRGC] [IFSR] [IRAN-HR] [HRIT-IR] [ELECTION-EO13848
MINISTRY OF DEFENSE AND ARMED FORCES LOGISTICS	SDGT] [NPWMD] [IFSR] [IRAN-CON-ARMS-EO] [RUSSIA-EO14024
SANTANILLA BOTACHE, Miguel	SDGT
AL-SALAH SOCIETY	SDGT
AL-KURD, Ahmad Harb	SDGT
MARTYRS FOUNDATION	SDGT] [IFSR
MARTYRS FOUNDATION IN LEBANON	SDGT
PALESTINIAN MARTYRS FOUNDATION	SDGT
GOODWILL CHARITABLE ORGANIZATION, INC.	SDGT
ALIQ, Qasim	SDGT
AL-SHAMI, Ahmad	SDGT
AL-QARD AL-HASSAN ASSOCIATION	SDGT
FATAH AL-ISLAM	SDGT
ISLAMIC REVOLUTIONARY GUARD CORPS (IRGC)-QODS FORCE	FTO] [SDGT] [IRGC] [IFSR] [IRAN-HR] [ELECTION-EO13848
ZULUAGA LINDO, Francisco Javier	SDNT
VANOY MURILLO, Ramiro	SDNT
SOCIEDAD SUPERDEPORTES LTDA.	SDNT
AL-KHASHIBAN, Fahd Muhammad 'Abd Al-'Aziz	SDGT
SUGHAYR, Muhammad 'Abdallah Salih	SDGT
AL-TALHI, Abdul Rahim	SDGT
REZAIE, Morteza	SDGT] [NPWMD] [IRGC] [IFSR
AHMADIAN, Ali Akbar	SDGT] [NPWMD] [IRGC] [IFSR
SOLEIMANI, Qasem	SDGT] [NPWMD] [IRGC] [IFSR
HEJAZI, Mohammad	SDGT] [NPWMD] [IRGC] [IFSR
AL-SHEIBANI, Abu Mustafa	IRAQ3
TAMILS REHABILITATION ORGANISATION	SDGT
KHATAM OL ANBIA GHARARGAH SAZANDEGI NOOH	SDGT] [NPWMD] [IRGC] [IFSR
ORIENTAL OIL KISH	SDGT] [NPWMD] [IRGC] [IFSR
GHORB KARBALA	SDGT] [NPWMD] [IRGC] [IFSR
SEPASAD ENGINEERING COMPANY	SDGT] [NPWMD] [IRGC] [IFSR
GHORB NOOH	SDGT] [NPWMD] [IRGC] [IFSR
OMRAN SAHEL	SDGT] [NPWMD] [IRGC] [IFSR
SAHEL CONSULTANT ENGINEERS	SDGT] [NPWMD] [IRGC] [IFSR
HARA COMPANY	SDGT] [NPWMD] [IRGC] [IFSR
GHARARGAHE SAZANDEGI GHAEM	SDGT] [NPWMD] [IRGC] [IFSR
HARDAN, Assaad Halim	LEBANON
WAHHAB, Wi'am	LEBANON
MAKHLUF, Hafiz	LEBANON
BELNEFTEKHIM	BELARUS
BELNEFTEKHIM USA, INC.	BELARUS
BAHMANYAR, Bahmanyar Morteza	NPWMD] [IFSR
DASTJERDI, Ahmad Vahid	NPWMD] [IFSR
ESMAELI, Reza-Gholi	NPWMD] [IFSR
SALIMI, Hosein	SDGT] [NPWMD] [IRGC] [IFSR
NOOR MUHAMMAD, Abdul Majeed	SDNTK
KHAN, Sherbaz	SDNTK
DUZCAN, Ceylan	SDNTK
SCHNEIDER, Simon	SDNTK
MICHIELSEN, Tom	SDNTK
GHANI, Mohammad Nadeem	SDNTK
LOAN, Waseem Rauf	SDNTK
BEHZAD, Ahmad Abdulla Mohammad Abdulla	SDNTK
AZAM, Amir	SDNTK
FMF GENERAL TRADING LLC	SDNTK
AL AMLOOD TRADING LLC	SDNTK
A A TRADING FZCO	SDNTK
BELS FLOWERS IMPORT EXPORT BVBA	SDNTK
OFFENBACH HAUSHALTWAREN B.V.	SDNTK
KHAN & SCHIRINDEL GMBH	SDNTK
SAF TECH S.L.	SDNTK
DUBAI TRADING COMPANY	SDNTK
ZULEKHA GENERAL TRADING LLC	SDNTK
SHAHBAZ TV CENTER	SDNTK
SHAHNAWAZ TRADERS	SDNTK
SHER MATCH INDUSTRIES (PVT.) LIMITED	SDNTK
SHAHBAZ KHAN GENERAL TRADING LLC	SDNTK
MALEKI, Naser	NPWMD] [IFSR
DROUKDEL, Abdelmalek	SDGT
CAZARES SALAZAR, Blanca Margarita	SDNTK
MEZA GASPAR, Arturo	SDNTK
MEZA CAZARES, Arturo	SDNTK
MEZA CAZARES, Lizbeth	SDNTK
PEREZ VERDUZCO, Roberto	SDNTK
BELTRAN ROMERO, Mireya Denisse	SDNTK
BELTRAN SANCHEZ, Hector Manuel	SDNTK
AGUIRRE SANCHEZ, Blanca Armida	SDNTK
AGUIRRE SANCHEZ, Claudia	SDNTK
OLIVAS OJEDA, Marco Antonio	SDNTK
RUIZ ZAVALA, Aleyda	SDNTK
ZAZUETA URREA, Epifanio	SDNTK
OLIVAS OJEDA, Juan Carlos	SDNTK
OLIVAS OJEDA, Jesus Joaquin	SDNTK
SISTEMA DE RADIO DE SINALOA, S.A. DE C.V.	SDNTK
TOYS FACTORY, S.A. DE C.V.	SDNTK
CONSORCIO INMOBILIARIO DEL VALLE DE CULIACAN, S.A. DE C.V.	SDNTK
PATRACA, S.A. DE C.V.	SDNTK
SEPRIV, S.A. DE C.V.	SDNTK
OPERADORA INTEGRAL DE COMERCIO, S.A. DE C.V.	SDNTK
TECNOLOGIA DIGITAL Y SERVICIOS, S.A. DE C.V.	SDNTK
MULTISERVICIOS AGSA, S.A. DE C.V.	SDNTK
MEXGLOBO, S.A. DE C.V.	SDNTK
AGBAS CONSULTORES, S.A. DE C.V.	SDNTK
COCINA DE TIJUANA, S. DE R.L. DE C.V.	SDNTK
HACIENDA CIEN ANOS DE TIJUANA, S. DE R.L. DE C.V.	SDNTK
SIN-MEX IMPORTADORA, S.A. DE C.V.	SDNTK
COMERCIAL JOANA, S.A. DE C.V.	SDNTK
COMERCIALIZADORA BRIMAR'S, S.A. DE C.V.	SDNTK
COMERCIALIZADORA TOQUIN, S.A. DE C.V.	SDNTK
COMERCIALIZADORA JALSIN, S.A. DE C.V.	SDNTK
COMERCIAL DOMELY, S.A. DE C.V	SDNTK
AL LAMI, Isma'il Hafiz	IRAQ3
AL-JABURI, Mish'an Rakin Thamin	IRAQ3
AL-ZAWRA TELEVISION STATION	IRAQ3
FORUZANDEH, Ahmed	SDGT] [IRAQ3] [IRGC
TEYREBAZEN AZADIYA KURDISTAN	SDGT
SAEED, Muhammad	SDGT
LAKHVI, Zaki-ur-Rehman	SDGT
ASHRAF, Haji Muhammad	SDGT
BAHAZIQ, Mahmoud Mohammad Ahmed	SDGT
MAKHLUF, Rami	PAARSSR-EO13894
AL MAZIDIH, Ghazy Fezza Hishan	SDGT
AL MAZIDIH, Akram Turki Hishan	SDGT
AL-MARSUMI, Saddah Jaylut	SDGT
HARAKAT UL-JIHAD-I-ISLAMI/BANGLADESH	FTO] [SDGT
MUHAMMAD, Sirajuddin Haqqani Jalaluddin Khwasa	SDGT
POLOTSK STEKLOVOLOKNO OAO	BELARUS
AL-SHABAAB	FTO] [SDGT] [SOMALIA
BELARUSIAN OIL TRADE HOUSE	BELARUS
TRINIDAD, Angelo Ramirez	SDGT
DE VERA, Pio Abogne	SDGT
DELLOSA, Redendo Cain	SDGT
DELOS REYES, Feliciano Semborio, Jr.	SDGT
AYERAS, Ricardo Perez	SDGT
LAVILLA, Ruben Pestano, Jr.	SDGT
PAREJA, Dinno Amor Rosalejos	SDGT
HOJATI, Mohsen	NPWMD] [IFSR
KETABACHI, Mehrdada Akhlaghi	NPWMD] [IFSR] [IRAN-CON-ARMS-EO
SHAHID SATTARI INDUSTRIES	NPWMD] [IFSR
SAFAVI, Yahya Rahim	SDGT] [NPWMD] [IRGC] [IFSR
FAKHRIZADEH-MAHABADI, Mohsen	NPWMD] [IFSR
AMMUNITION AND METALLURGY INDUSTRIES GROUP	NPWMD] [IFSR
7TH OF TIR	NPWMD] [IFSR
PARCHIN CHEMICAL INDUSTRIES	NPWMD] [IFSR
NASR AL DIN, Ghazi	SDGT
KAN'AN, Fawzi Mustafa	SDGT
BIBLOS TRAVEL AGENCY	SDGT
HILAL TRAVEL AGENCY	SDGT
JAFFAR 'ALI, 'Abd al-Rahman Muhammad	SDGT
AL-SUBAIY, Khalifa Muhammad Turki	SDGT
ABD AL-KHALIQ, Adil Muhammad Mahmud	SDGT
MOHAMMADHASNI, Haji Asad Khan Zarkari	SDNTK
BELTRAN LEYVA, Marcos Arturo	SDNTK
BELTRAN LEYVA ORGANIZATION	SDNTK] [ILLICIT-DRUGS-EO14059
GONZALEZ POLANCO, Hermagoras	SDNTK
'NDRANGHETA ORGANIZATION	SDNTK
YAKUT, Cumhur	SDNTK
REVIVAL OF ISLAMIC HERITAGE SOCIETY	SDGT
JOZA INDUSTRIAL COMPANY	NPWMD] [IFSR
RAJAH SOLAIMAN MOVEMENT (RSM)	SDGT
SANTOS, Ahmad	SDGT
JALOLOV, Najmiddin Kamolitdinovich	SDGT
BURANOV, Suhayl Fatilloevich	SDGT
AL-HARAMAIN ISLAMIC FOUNDATION	SDGT
GASMI, Salah	SDGT
DJOUADI, Yahia	SDGT
DEGHDEGH, Ahmed	SDGT
HAMMADOU, Abid	SDGT
SAFETY EQUIPMENT PROCUREMENT COMPANY	NPWMD] [IFSR
GUZMAN ENRIQUEZ, Juan Luis	SDNTK
LUCERO DE MARTINEZ, Sandra	SDNTK
QUINTERO ARCE, Juan Francisco	SDNTK
AGUIRRE CARDONA, Armando	SDNTK
GARCIA DURAN, Maria Del Rosario	SDNTK
GAXIOLA GARCIA, Carlos Alberto	SDNTK
GAXIOLA GARCIA, Maria Elena	SDNTK
DUARTE MUNOZ, Roque	SDNTK
FITCH TOVAR, Jose Manuel	SDNTK
ARCE BORBOA, Ana Cristina	SDNTK
FITCH PARENTE, Pablo Antonio	SDNTK
FITCH PARENTE, Jose Elmer	SDNTK
GAXIOLA GARCIA, Rigoberto	SDNTK
BIOESPORT S.A. DE C.V.	SDNTK
FLETES Y TRANSPORTES GAXGAR S.A. DE C.V.	SDNTK
INMUEBLES SIERRA VISTA S.A. DE C.V.	SDNTK
DISTRIBUIDORA DE HERMOSILLO GAXIOLA HERMANOS S.A. DE C.V.	SDNTK
MINERA RIO PRESIDIO S.A. DE C.V.	SDNTK
MINERA LA CASTELLANA Y ANEXAS S.A. DE C.V.	SDNTK
MOLDURAS DEL NOROESTE S.A. DE C.V.	SDNTK
INMOBILIARIA GAXIOLA HERMANOS S.A. DE C.V.	SDNTK
DISTRIBUIDORA GRAN AUTO S.A. DE C.V.	SDNTK
TEMPLE DEL PITIC S.A. DE C.V.	SDNTK
COPA DE PLATA S.A. DE C.V.	SDNTK
COMPANIA MINERA DEL RIO CIANURY S.A. DE C.V.	SDNTK
GRUPO INDUSTRIAL GAXIOLA HERMANOS S.A. DE C.V.	SDNTK
AGRICOLA GAXIOLA S.A. DE C.V.	SDNTK
KONY, Joseph	SDGT] [CAR
AL-UBAYDI, Ahmad Hassan Kaka	IRAQ3
SURAQIYA FOR MEDIA AND BROADCASTING	IRAQ3
ARMAMENT INDUSTRIES GROUP	NPWMD] [IFSR
AL-DARI, Harith Sulayman	IRAQ3
AL-KABI, Arkam 'Abbas	SDGT] [IRAQ3
ELMABRUK, Maftah Mohamed	SDGT
ELOSTA, Abdelrazag Elsharif	SDGT
SHAHLAI, Abdul Reza	SDGT] [IRAQ3] [IRGC] [IFSR
IRAN COMMUNICATION INDUSTRIES	NPWMD] [IFSR
SHIRAZ ELECTRONICS INDUSTRIES	NPWMD] [IFSR
IRAN ELECTRONICS INDUSTRIES	NPWMD] [IFSR] [IRAN-TRA
RANGEL SILVA, Henry de Jesus	VENEZUELA
CARVAJAL BARRIOS, Hugo Armando	VENEZUELA
IRAN AIRCRAFT MANUFACTURING INDUSTRIAL COMPANY	NPWMD] [IFSR] [IRAN-CON-ARMS-EO
FARASAKHT INDUSTRIES	NPWMD] [IFSR
TSAI, Hsein Tai	NPWMD
SU, Lu-Chi	NPWMD
TRANS MERITS CO. LTD.	NPWMD
GLOBAL INTERFACE COMPANY INC.	NPWMD
RENDON POBLETE, Rosalinda	SDNTK
PULIDO VALDIVIA, Javier	SDNTK
LADINO AVILA, Jaime Arturo	SDNTK
AMEZCUA CONTRERAS, Patricia	SDNTK
AMEZCUA CONTRERAS, Adan	SDNTK
ALVAREZ VAZQUEZ, Jose Gerardo	SDNTK
LABORATORIOS WILLMAR, S.A. DE C.V.	SDNTK
FARMACIA JERLYNE, S.A. DE C.V.	SDNTK
AMERICAN TUNE UP, S.A. DE C.V.	SDNTK
UNION OF GOOD	SDGT
CHOU, Hsien Cheng	SDNTK
THET, Naing Win	SDNTK
KHINE, Oo Oo	SDNTK
SAMSAENG, Suthep	SDNTK
AKIRAPHOKIN, Thit	SDNTK
PRAPATWORA, Atchara	SDNTK
PO, Kong	SDNTK
BOONCHUA, Chanchira	SDNTK
HLA, Aung	SDNTK
CHANG, Chin Sung	SDNTK
LAO, Ssu	SDNTK
SHIH, Kuo Neng	SDNTK
CHA, Ta Fa	SDNTK
KYA, La Bo	SDNTK
LI, Cheng Yu	SDNTK
TUAN, Shao Kuei	SDNTK
LI, Kai Shou	SDNTK
PAO, Yu Liang	SDNTK
PAO, Yu Hsiang	SDNTK
WEI, Hsueh Yuan	SDNTK
WEI, Hsueh Lung	SDNTK
HO, Chun Ting	SDNTK
KHUM THAW COMPANY LIMITED	SDNTK
SANGSIRI KANKASET COMPANY LIMITED	SDNTK
TET KHAM GEMS CO., LTD.	SDNTK
TING SHING TAI JEWELLERY (HK)  CO. LIMITED	SDNTK
SHUEN WAI HOLDING LIMITED	SDNTK
HONG PANG GEMS & JEWELLERY COMPANY LIMITED	SDNTK
HONG PANG GEMS & JEWELLERY (HK) CO. LIMITED	SDNTK
HONG PANG TEXTILE COMPANY LIMITED	SDNTK
HONG PANG MINING COMPANY LIMITED	SDNTK
HONG PANG LIVESTOCK DEVELOPMENT COMPANY LIMITED	SDNTK
HONG PANG GENERAL TRADING COMPANY, LIMITED	SDNTK
HONG PANG ELECTRONIC INDUSTRY CO., LTD.	SDNTK
TET KHAM CONSTRUCTION COMPANY LIMITED	SDNTK
DEHONG THAILONG HOTEL CO., LTD.	SDNTK
YANGON AIRWAYS COMPANY LIMITED	SDNTK
VEST SPECTRUM (S) PTE. LTD.	SDNTK
TET KHAM (S) PTE. LTD.	SDNTK
AW-MOHAMED, Ahmed Abdi	SDGT] [SOMALIA
ROBOW, Mukhtar	SDGT
NAVAL DEFENCE MISSILE INDUSTRY GROUP	NPWMD] [IFSR
EL HABHAB, Redouane	SDGT
NATIONAL IRANIAN OIL COMPANY	IRAN] [SDGT] [IFSR] [IFCA
NAFTIRAN INTERTRADE CO. LIMITED	IRAN
NAFTIRAN INTERTRADE CO. SARL	IRAN
GELOWICZ, Fritz Martin	SDGT
YILMAZ, Adem	SDGT
WAAD PROJECT	SDGT
TAMIL FOUNDATION	SDGT
FREE LIFE PARTY OF KURDISTAN	SDGT
HAQ, Abdul	SDGT
AMEEN AL-PESHAWARI, Fazeel-A-Tul Shaykh Abu Mohammed	SDGT
KHAN, Abdul Qadeer	NPWMD
FAROOQ, Muhammad	NPWMD
GRIFFIN, Peter	NPWMD
GRIFFIN, Paul Nicholas	NPWMD
ALGUADIS, Selim	NPWMD
CIRE, Kursad Zafer	NPWMD
LERCH, Gotthard	NPWMD
GEIGES, Daniel	NPWMD
WISSER, Gerhard	NPWMD] [IFSR
QASMANI, Arif	SDGT
JAVAID, Nasir	SDGT
MUJAHID, Mohammed Yahya	SDGT
HAMID, Mustafa	SDGT
BIN LADEN, Sa'ad	SDGT
AL-BAHTIYTI, Muhammad Rab'a al-Sayid	SDGT
HUSAIN, Ali Saleh	SDGT
MUDACUMURA, Sylvestre	DRCONGO
MBARUSHIMANA, Callixte	DRCONGO
NTAWUNGUKA, Pacifique	DRCONGO
MUJYAMBERE, Leopold	DRCONGO
NZEYIMANA, Stanislas	DRCONGO
MEJIA REGALADO, Jose Manuel	SDNTK
PORTILLA BARRAZA, Jorge	SDNTK
GONZALES GARBANCHO DE ZEVALLOS, Sara Maria	SDNTK
BELLOSOM ENTERPRISE, INC.	SDNTK
BLISSEY PANAMA INC.	SDNTK
LA CROSSE GROUP INC	SDNTK
AERO COURIER CARGO S.A.	SDNTK
EMPRESA DE TRANSPORTES CHULUCANAS 2000 S.A.	SDNTK
PERUVIAN PRECIOUS METALS S.A.C.	SDNTK
SERVICIOS SILSA S.A.C.	SDNTK
URANTIA SERVICES S.A.	SDNTK
EDITORA TRANSPARENCIA S.A.	SDNTK
ORIENTE CONTRATISTAS GENERALES S.A.	SDNTK
PERU TOTAL MARKET E.I.R.L.	SDNTK
LUCERO IMPORT S.A.C.	SDNTK
REPRESENTACIONES ORIENTE S.R.L.	SDNTK
ORIENTE TOURS S.R.L.	SDNTK
CORPORACION DE INVERSIONES EMPRESARIALES S.A.	SDNTK
CONTINENTE MOVIL Y SERVICIOS S.R.L.	SDNTK
TALLER DE REPARACIONES DE AERODINOS SUS PARTES Y SERVICIOS AEREOS S.A.	SDNTK
TRANSPORTES AEREOS UNIDOS SELVA AMAZONICA S.A.	SDNTK
PERU GLOBAL TOURS S.A.C.	SDNTK
ASOCIACION CIVIL LOS PROMOTORES AERONAUTICOS	SDNTK
VUELA PERU S.A.C.	SDNTK
AERO CONTINENTE E.I.R.L.	SDNTK
LASA PERU S.A.C.	SDNTK
EMPRESA EDITORA CONTINENTE PRESS S.A.	SDNTK
CARTEL DEL NORESTE	SDNTK] [FTO] [SDGT] [TCO] [ILLICIT-DRUGS-EO14059
LA FAMILIA MICHOACANA	SDNTK] [ILLICIT-DRUGS-EO14059
SINALOA CARTEL	SDNTK] [FTO] [SDGT] [ILLICIT-DRUGS-EO14059
KHORASAN METALLURGY INDUSTRIES	NPWMD] [IFSR
KAVEH CUTTING TOOLS COMPANY	NPWMD] [IFSR
AMIN INDUSTRIAL COMPLEX	NPWMD] [IFSR
YAZD METALLURGY INDUSTRIES	NPWMD] [IFSR
SHAHID SAYYADE SHIRAZI INDUSTRIES	NPWMD] [IFSR
NIRU BATTERY MANUFACTURING COMPANY	NPWMD] [IFSR
LI, Fangwei	NPWMD] [IFSR
ALVI, Mohammad Masood Azhar	SDGT
CHEEMA, Azam	SDGT
AL-MUHANDIS, Abu Mahdi	IRAQ3
KATA'IB HIZBALLAH	FTO] [SDGT] [IRAQ3
LOPEZ OSPINA, Carlos Antonio	SDNT
JACOME DEL VALLE, Omar Alfredo	SDNT
VASQUEZ VALENCIA, Natalia Andrea	SDNT
SUAZA BARCO, Maria del Carmen	SDNT
SANCHEZ RIVERA, Doris Patricia	SDNT
PEREZ MONTERO, Maria Marcela del Pilar	SDNT
SANCHEZ MARTELL, Julio Cesar Jassan Estuardo	SDNT
MUNERA VELASQUEZ, Martha Marina	SDNT
MEJIA ARTEAGA, Nora	SDNT
HERNANDEZ MEJIA, Jorge Alberto	SDNT
DURAN PORRAS, Gloria Amparo	SDNT
BERMUDEZ SUAZA, Pedro Antonio	SDNT
CONSULTORIA EN CAMBIOS FALCON S.A. DE C.V.	SDNT
HIERROS DE JERUSALEM S.A.	SDNT
TAXI AEREO ANTIOQUENO S.A.	SDNT
LLANOTOUR LTDA.	SDNT
AGROGANADERA LOS SANTOS S.A.	SDNT
AGROESPINAL S.A.	SDNT
AERONAUTICA CONDOR S.A. DE C.V.	SDNT
AERONAUTICA CONDOR DE PANAMA, S.A.	SDNT
GRUPO FALCON DE PANAMA, S.A.	SDNT
GRUPO FALCON S.A.	SDNT
GRUPO GUADALEST S.A. DE C.V.	SDNT
FRANZUL S.A.	SDNT
CONSTRUCTORA GUADALEST S.A.	SDNT
ASES DE COMPETENCIA Y CIA. S.A.	SDNT
AL-SHAMMARI, Sa'ad Uwayyid 'Ubayd Mu'jil	SDGT
AL-DARI, Muthanna Harith	SDGT
TAJIDEEN, Kassim	SDGT
AL-QUBAYSI, Abd-al-Munim	SDGT
REVOLUTIONARY STRUGGLE	FTO] [SDGT
BHEEL, Imam	SDNTK
MAKLED GARCIA, Walid	SDNTK
RENDON HERRERA, Daniel	SDNTK
HAJI JUMA KHAN ORGANIZATION	SDNTK
TREVINO MORALES, Miguel	SDNTK] [ILLICIT-DRUGS-EO14059
CARDENAS GUILLEN, Ezequiel	SDNTK
COSTILLA SANCHEZ, Jorge Eduardo	SDNTK
NAMCHONGANG TRADING CORPORATION	NPWMD
HONG KONG ELECTRONICS	NPWMD
KADDOURA, Ali Ahmad	SDNT
HENAO JARAMILLO, Mario Alberto	SDNT
ABDUL RAHIM, Ali Mohamad	SDNT
ALVARADO, Imad Abdul Rahim	SDNT
DIB EL MALT, Abdul Naser	SDNT
MADRID FRANCO, Cecilia	SDNT
CANAS PULIDO, Ramon Alberto	SDNT
GONZALEZ HOYOS, Carlos Enrique	SDNT
VARELA BUSTOS, Fernando	SDNT
HARB, Chekri Mahmoud	SDNT
ACOSTA SERNA, Robinson Duvan	SDNT
ACOSTA SERNA, Oscar Alonso	SDNT
RINCON ORDONEZ, Jorge Enrique	SDNT
FLOREZ UPEGUI, Francisco Antonio	SDNT
VARIEDADES HARB SPORT	SDNT
ALMACEN FUTURO NO. 1	SDNT
COMERCIAL JINAN S.A.	SDNT
CANALES VENECIA LTDA.	SDNT
FLOREZ HERMANOS LTDA.	SDNT
KOREA KWANGSON BANKING CORP	NPWMD
LA HACIENDA (USA), LLC	SDNTK
RUNNING BROOK, LLC (USA)	SDNTK
GENERAL BUREAU OF ATOMIC ENERGY	NPWMD
KOREA TANGUN TRADING CORPORATION	NPWMD] [DPRK2
KARAYILAN, Murat	SDNTK
ALTUN, Ali Riza	SDNTK
AYDAR, Zubayir	SDNTK
IRANIAN MINES AND MINING INDUSTRIES DEVELOPMENT AND RENOVATION ORGANIZATION	IRAN
ASCOTEC HOLDING GMBH	IRAN
ASCOTEC JAPAN K.K.	IRAN
METAL & MINERAL TRADE S.A.R.L.	IRAN
IRASCO S.R.L.	IRAN
MINES AND METALS ENGINEERING GMBH	IRAN
ASCOTEC STEEL TRADING GMBH	IRAN
ASCOTEC MINERAL & MACHINERY GMBH	IRAN
ASCOTEC SCIENCE & TECHNOLOGY GMBH	IRAN
BREYELLER STAHL TECHNOLOGY GMBH & CO. KG	IRAN
NATIONAL PETROCHEMICAL COMPANY	IRAN] [SDGT] [IFSR
IRAN PETROCHEMICAL COMMERCIAL COMPANY	IRAN
NPC INTERNATIONAL	IRAN] [NPWMD] [IFSR
INTRA CHEM TRADING GMBH	IRAN
PETROCHEMICAL COMMERCIAL COMPANY INTERNATIONAL	IRAN
P.C.C. (SINGAPORE) PRIVATE LIMITED	IRAN
PETROCHEMICAL COMMERCIAL COMPANY FZE	IRAN
PETROCHEMICAL COMMERCIAL COMPANY (U.K.) LIMITED	IRAN
IRAN FOREIGN INVESTMENT COMPANY	IRAN
IFIC HOLDING AG	IRAN
IHAG TRADING GMBH	IRAN
NATIONAL IRANIAN OIL COMPANY PTE LTD	IRAN
IRAN INSURANCE COMPANY	IRAN
BIMEH IRAN INSURANCE COMPANY (U.K.) LIMITED	IRAN
PETROPARS LTD.	IRAN
PETROPARS INTERNATIONAL FZE	IRAN
PETROPARS UK LIMITED	IRAN
KALA LIMITED	IRAN
KALA PENSION TRUST LIMITED	IRAN
IRANIAN OIL COMPANY (U.K.) LIMITED	IRAN
NIOC INTERNATIONAL AFFAIRS (LONDON) LIMITED	IRAN
NAFTIRAN TRADING SERVICES CO. (NTS) LIMITED	IRAN
PETROIRAN DEVELOPMENT COMPANY (PEDCO) LIMITED	IRAN
NICO ENGINEERING LIMITED	IRAN
INDUSTRIAL DEVELOPMENT AND RENOVATION ORGANIZATION OF IRAN	IRAN
MACHINE SAZI ARAK CO. LTD.	IRAN
WEST SUN TRADE GMBH	IRAN
AMROGGANG DEVELOPMENT BANK	NPWMD
KIM, Tong-Myo'ng	NPWMD
LEYVA ESCANDON, Edgardo	SDNTK
AL-QA'IDA IN THE ARABIAN PENINSULA	FTO] [SDGT
REYES GARZA, Agustin	SDNTK
CONTRERAS NOVOA, Hector	SDNTK
ESTETICA CAR WASH S.A. DE C.V.	SDNTK
ESTETIC CARR DE OCCIDENTE, S.A. DE C.V.	SDNTK
MORENO PEREZ, Felipe	SDNTK
MARTINEZ CANTABRANA, Cesar	SDNTK
GUTIERREZ BARBOZA, Maureen Patricia	SDNTK
DE ICAZA LOZANO, Alejandro	SDNTK
LABORIN ARCHULETA, Clara Elena	SDNTK
BELTRAN LEYVA, Alfredo	SDNTK
BELTRAN LEYVA, Hector	SDNTK
MOREXPRESS, S.A. DE C.V.	SDNTK
ILC EXPORTACIONES, S. DE R.L. DE C.V.	SDNTK
ABDILLAHI, Abshir	SOMALIA
GARAAD, Mohamed Abdi	SOMALIA
SA'ID, Mohamed	SOMALIA
MANA'A, Fares Mohammed	SOMALIA
AL-TURKI, Hassan Abdullah Hersi	SDGT] [SOMALIA
KHALAF, Fuad Mohamed	SOMALIA
BAYNAH, Yasin Ali	SOMALIA
MAHAMOUD, Bashir Mohamed	SOMALIA
JAYSH RIJAL AL-TARIQ AL-NAQSHABANDI	FTO] [SDGT] [IRAQ3
CPMIEC SHANGHAI PUDONG COMPANY	NPWMD] [IFSR
TASCON ROJAS, Servio Tulio	SDNT
SAAVEDRA ARCE, Rodrigo Eugenio	SDNT
GUTIERREZ AGUIRRE, Duffay	SDNT
CIFUENTES VARGAS, Yanet	SDNT
CIFUENTES VARGAS, Orlando	SDNT
UNIVISA S.A.	SDNT
SERVIAGRICOLA CIFUENTES E.U.	SDNT
SAAVEDRA Y CIA. S. EN C.	SDNT
RESTAURANTE BAR PUNTA DEL ESTE	SDNT
BOSQUE DE SANTA TERESITA LTDA.	SDNT
ALIMENTOS CARNICOS DE TRADICION ESPANOLA LTDA.	SDNT
QASEMI, Rostam	SDGT] [NPWMD] [IRGC] [IFSR
RAHAB INSTITUTE	SDGT] [NPWMD] [IRGC] [IFSR
MAKIN INSTITUTE	SDGT] [NPWMD] [IRGC] [IFSR
IMENSAZEN CONSULTANT ENGINEERS INSTITUTE	SDGT] [NPWMD] [IRGC] [IFSR
FATER ENGINEERING INSTITUTE	SDGT] [NPWMD] [IRGC] [IFSR
SULEMAN, Mohamed Bachir	SDNTK
GRUPO MBS LIMITADA	SDNTK
GRUPO MBS - KAYUM CENTRE	SDNTK
MAPUTO SHOPPING CENTRE	SDNTK
MENDEZ VARGAS, Jose de Jesus	SDNTK
LOYA PLANCARTE, Dionicio	SDNTK
GOMEZ MARTINEZ, Servando	SDNTK
RUEDA MEDINA, Jose Arnoldo	SDNTK
BARRERA MEDRANO, Nicandro	SDNTK
TRANSPORTADORA PUREPECHA S.A. DE C.V.	SDNTK
ULLOA ESPITIA, Hubel	SDNTK
SANCHEZ SILVA, Elkin Alexis	SDNTK
CARDENAS DUARTE, Norma Constanza	SDNTK
AGUILAR DUARTE, Jose Lenoir	SDNTK
JEREZ PINEDA, Oscar Alberto	SDNTK
GUTIERREZ HERNANDEZ, Javier Mauricio	SDNTK
MOLINA CUBILLOS, Alba Judith	SDNTK
LONDONO ZAPATA, Jesus Antonio	SDNTK
JEREZ GALEANO, Jaime	SDNTK
GUTIERREZ, Dolis	SDNTK
OSPINA MURILLO, Wilmer	SDNTK
GUERRERO CASTILLO, Pedro Oliveiro	SDNTK
GUTIERREZ GARAVITO, Armando	SDNTK
BUSTOS SUAREZ, Danilo	SDNTK
BARRERA BARRERA, Daniel	SDNTK
MINIMERCADO EL MANANTIAL DEL NEUTA	SDNTK
CARDENAS DUARTE Y CIA. LTDA.	SDNTK
LOGISTICA Y TRANSPORTE NORVAL LTDA.	SDNTK
WISMOTOS FUENTE DE ORO	SDNTK
VITAL SILUET CENTRO DE ESTETICA	SDNTK
RECIFIBRAS SECUNDARIAS LTDA.	SDNTK
MODERNA EXPRESS TRANSPORTE DE CARGA LTDA.	SDNTK
LA TASAJERA DE FUENTE DE ORO	SDNTK
JAIME JEREZ V. Y CIA. S.C.S. JERGAL S.C.S.	SDNTK
INVERSIONES TALADRO LTDA.	SDNTK
INVERSIONES LOS TUNJOS LTDA.	SDNTK
INVERSIONES GANAGRO LTDA.	SDNTK
INVERSIONES GANADERAS Y PALMERAS S.A.	SDNTK
INVERSIONES LAS ACACIAS Y CIA. LTDA.	SDNTK
INVERSIONES AGROINDUSTRIALES DEL ORIENTE LTDA.	SDNTK
INVERSIONES ADAG LTDA.	SDNTK
HERJEZ LTDA.	SDNTK
ESTACION DE SERVICIO SERVIAGRICOLA DEL ARIARI	SDNTK
ESTACION DE SERVICIO LA TURQUESA	SDNTK
ESTACION DE SERVICIO LA FLORESTA DE FUENTE DE ORO	SDNTK
EJERCITO REVOLUCIONARIO POPULAR ANTITERRORISTA DE COLOMBIA	SDNTK
EMPRESA DE EMPLEOS TEMPORALES LA UNICA LTDA.	SDNTK
DOLL EXPORT LTDA.	SDNTK
DEWBELLE CENTRO DE ESTETICA Y BELLEZA LTDA.	SDNTK
COMERCIALIZADORA E INVERSIONES BUSTOS ARIZA Y CIA. S.C.S.	SDNTK
CIA. COMERCIALIZADORA DE MOTOCICLETAS Y REPUESTOS S.A.	SDNTK
BLUE-STAR SECCION HOSTELERIA S.L.	SDNTK
BINGO INTERNACIONAL E.U.	SDNTK
AGUILAR AGUILAR Y CIA. LTDA.	SDNTK
AGUILAR ALVAREZ Y CIA. LTDA.	SDNTK
AL-DULAYMI, Ahmad Khalaf Shabib	SDGT
TORRES MARTINEZ, Camilo	SDNTK
SANCHEZ GONZALEZ, Arnulfo	SDNTK
MEJIA VALENCIA, Gonzalo Alberto	SDNTK
NEGRETE LUNA, Jose Maria	SDNTK
OCHOA GUISAO, Walter	SDNTK
MANCO TORRES, Jhon Freddy	SDNTK
OCAMPO MORALES, Jorge Eliecer	SDNTK
USUGA DAVID, Dairo Antonio	SDNTK] [ILLICIT-DRUGS-EO14059
RENDON HERRERA, Freddy Enrique	SDNTK
AGROPECUARIA HATO SANTA MARIA LTDA.	SDNTK
CENTRO DE DIAGNOSTICO AUTOMOTRIZ EJE BANANERO S.A.	SDNTK
REPUESTOS EL NATO Y CIA LTDA.	SDNTK
RENTA CAMPEROS URABA LTDA.	SDNTK
VIGILAR COLOMBIA LTDA.	SDNTK
AL-AQSA TV	SDGT
ISLAMIC NATIONAL BANK OF GAZA	SDGT
VELASQUEZ CABALLERO, Juan Daniel	SDNTK
CANO FLORES, Aurelio	SDNTK
BARRAGAN BALDERAS, Gilberto	SDNTK
MEJIA GONZALEZ, Juan Reyes	SDNTK
PENA MENDOZA, Sergio	SDNTK
RAMIREZ TREVINO, Mario	SDNTK
VELASQUEZ CABALLERO, Ivan	SDNTK
TREVINO MORALES, Omar	SDNTK] [ILLICIT-DRUGS-EO14059
GONZALEZ RODRIGUEZ, Dimas	SDNTK
CASTREJON PENA, Victor Nazario	SDNTK
SANCHEZ ESTEBAN, Alvaro	SDNTK
ACOSTA IBARRA, Ruben	SDNTK
FLORES SOTO, Mario	SDNTK
VARGAS GARCIA, Nabor	SDNTK
LECHUGA LICONA, Alfonso	SDNTK
LORMENDEZ PITALUA, Omar	SDNTK
IBARRA YEPIS, Prisciliano	SDNTK
DAVILA LOPEZ, Jose Ramon	SDNTK
HERNANDEZ LECHUGA, Lucio	SDNTK
RANGEL BUENDIA, Alfredo	SDNTK
GALARZA CORONADO, Jose Antonio	SDNTK
MENDOZA CONTRERAS, Cipriano	SDNTK
PEREZ ROJAS, Daniel	SDNTK
TORRES SOSA, Benjamin	SDNTK
MATEO LAUREANO, Ignacio	SDNTK
MEDINA ROJAS, Eleazar	SDNTK
LOPEZ TREJO, Fernando	SDNTK
RUIZ TLAPANCO, Sergio Enrique	SDNTK
VALENZUELA ZUNIGA, Ruben Alejandro	SDNTK
MURO GONZALEZ, Proceso Arturo	SDNTK
REYES ENRIQUEZ, Luis	SDNTK
SOTO PARRA, Miguel Angel	SDNTK
PEREZ MANCILLA, Alejandro	SDNTK
GUERRA RAMIREZ, Rogelio	SDNTK
MENDEZ SANTIAGO, Flavio	SDNTK
GONZALEZ CASTRO, Gustavo	SDNTK
VERA CALVA, Carlos	SDNTK
GERESANO ESCRIBANO, Gonzalo	SDNTK
ESTRADA GONZALEZ, Eduardo	SDNTK
ROMO LOPEZ, Martin	SDNTK
MONTES SERMENO, Juan Gabriel	SDNTK
VASQUEZ MIRELES, Victor Manuel	SDNTK
DIAZ LOPEZ, Mateo	SDNTK
GONZALEZ DURAN, Jaime	SDNTK
SAUCEDA GAMBOA, Gregorio	SDNTK
SELEK, Atilla	SDGT
MAZHAR, Mohammed	SDGT
RAHIM, Mufti Abdul	SDGT
NA TCHUTO, Jose Americo Bubo	SDNTK
CAMARA, Ibraima Papa	SDNTK
NTAGANDA, Bosco	DRCONGO
LUBANGA, Thomas	DRCONGO
KATANGA, Germain	DRCONGO
NGUDJOLO, Matthieu Cui	DRCONGO
MUTEBUTSI, Jules	DRCONGO
LORENZANA CORDON, Eliu Elixander	SDNTK
LORENZANA CORDON, Haroldo Geremias	SDNTK
LORENZANA CORDON, Waldemar	SDNTK
LORENZANA LIMA, Waldemar	SDNTK
AL-RIMI, Qasim	SDGT
CONTE, Ousmane	SDNTK
ALIZAI, Haji Agha Jan	SDNTK] [SDGT
BANDO, Haji	SDNTK
BELKALEM, Mohamed	SDGT
NAIL, Taleb	SDGT
ALVAREZ ALVAREZ, Wenceslao	SDNTK
MEJIA GUTIERREZ, Ignacio	SDNTK
MEGA EMPACADORA DE FRUTAS S.A. DE C.V.	SDNTK
IMPORTACIONES Y EXPORTACIONES NOBARO S.A. DE C.V.	SDNTK
ONERBANK ZAO	IRAN
KAKWAVU BUKANDE, Jerome	DRCONGO
JAVEDAN MEHR TOOS	NPWMD] [IFSR
MSP KALA NAFT CO. TEHRAN	IRAN
ISLAMIC REVOLUTIONARY GUARD CORPS AIR FORCE	FTO] [SDGT] [NPWMD] [IRGC] [IFSR] [RUSSIA-EO14024
ISLAMIC REVOLUTIONARY GUARD CORPS AL-GHADIR MISSILE COMMAND	SDGT] [NPWMD] [IRGC] [IFSR
NAQDI, Mohammad Reza	SDGT] [NPWMD] [IRGC] [IFSR] [IRAN-HR] [IRAN-EO13876
RAH SAHEL INSTITUTE	SDGT] [NPWMD] [IRGC] [IFSR
SEPANIR OIL AND GAS ENGINEERING COMPANY	SDGT] [NPWMD] [IRGC] [IFSR
VAHIDI, Ahmad	NPWMD] [IFSR] [IRAN-HR] [IRAN-CON-ARMS-EO
JAFARI, Mohammad Ali	SDGT] [NPWMD] [IRGC] [IFSR] [IRAN-HR
MAHAB GHODSS CONSULTING ENGINEERING COMPANY	IRAN
AUTOTRANSPORTES JYM S.A. DE C.V.	SDNTK
ARTE Y DISENO DE CULIACAN S.A. DE C.V.	SDNTK
RAMIREZ DUQUE, Carlos Manuel	SDNT
CASTRO JARAMILLO, Monica Maria	SDNT
RODRIGUEZ FERNANDEZ, Andre	SDNT
MASA FACIL, S.A. DE C.V.	SDNT
COMERCIALIZADORA DE GANADO Y RENTAS DE CAPITAL S.A.	SDNT
AL-AULAQI, Anwar	SDGT
UMAROV, Doku	SDGT
IRANIAN MINISTRY OF INTELLIGENCE AND SECURITY	SDGT] [IFSR] [IRAN-HR] [HRIT-IR] [CYBER2] [HOSTAGES-EO14078
MUSAVI, Hossein	SDGT] [IRGC] [IFSR
MORTEZAVI, Hasan	SDGT] [IRGC] [IFSR
ZAHEDI, Mohammed Reza	SDGT] [IRGC] [IFSR
IMAM KHOMEINI RELIEF COMMITTEE (LEBANON BRANCH)	SDGT] [IFSR
ZURAIK, Ali Hasan	SDGT
MUSAVI, Razi	SDGT] [IFSR
ALLAHDAD, Hushang	SDGT] [IRGC] [IFSR
IRANIAN COMMITTEE FOR THE RECONSTRUCTION OF LEBANON	SDGT] [IFSR
ISHAKZAI, Gul Agha	SDGT
ABDULLAH, Amir	SDGT
HAQQANI, Nasiruddin	SDGT
ABU-AL-KHAYR, Muhammad Abdallah Hasan	SDGT
KASHMIRI, Mohammad Ilyas	SDGT
HARAKAT-UL JIHAD ISLAMI	SDGT
AMAYA ALEMAN, Onecimo Antonio	SDNTK
WIDOBLO HERNANDEZ, Jose	SDNTK
OLVERA ESTRADA, Arturo	SDNTK
OLVERA ESTRADA, Rodolfo	SDNTK
FLORES CACHO, Javier	SDNTK
MASSA CAMACHO, Eduardo	SDNTK
DUARTE TORRES, Rafael	SDNTK
TORO DIAZ, Diana Lorena	SDNTK
URREA LENIS, Jair Fernando	SDNTK
GONZALEZ MEDINA, Jaime Andres	SDNTK
COBO LEDESMA, Juan Carlos	SDNTK
RODARTE GRIJALVA, Jose Luis	SDNTK
JASSO ROCHA, Oscar Arturo	SDNTK
GARCIA SANCHEZ, Ricardo	SDNTK
FLORES CACHO, Alejandro	SDNTK
COMERCIALIZADORA GONRA	SDNTK
GRUPO HORTA ZAVALA S.A. DE C.V.	SDNTK
COPY RED S.A. DE C.V.	SDNTK
CIRCUITO ELECTRONICO S.A. DE C.V.	SDNTK
GRUPO CRISTAL CORONA S.A. DE C.V.	SDNTK
AERO EXPRESS INTERCONTINENTAL S.A. DE C.V.	SDNTK
CAPACITACION AERONAUTICA PROFESIONAL S.C.	SDNTK
MANTENIMIENTO, AERONAUTICA, TRANSPORTE, Y SERVICIOS AEREOS S.A. DE C.V.	SDNTK
CLUB DEPORTIVO OJOS NEGROS A.C.	SDNTK
GENETICA IMPORT-EXPORT S.P.R. DE R.L. DE C.V.	SDNTK
GENETICA GANADERA RANCHO ALEJANDRA S.P.R. DE R. L. DE C.V.	SDNTK
TEHRIK-E TALIBAN PAKISTAN (TTP)	FTO] [SDGT
OFFICE 39	DPRK
RECONNAISSANCE GENERAL BUREAU	DPRK] [DPRK2
KIM, Yong Chol	DPRK
GREEN PINE ASSOCIATED CORPORATION	DPRK
SECOND ECONOMIC COMMITTEE	NPWMD
MUNITIONS INDUSTRY DEPARTMENT	NPWMD
SECOND ACADEMY OF NATURAL SCIENCES	NPWMD
RI, Je-Son	NPWMD
RI, Hong-Sop	NPWMD
YUN, Ho-Jin	NPWMD
KOREA TAESONG TRADING COMPANY	NPWMD
KOREA HEUNGJIN TRADING COMPANY	NPWMD
RADAN, Ahmad-Reza	IRAN-HR
MOHSENI-EJEI, Qolam-Hossein	IRAN-HR
MAHSOULI, Sadeq	IRAN-HR
MORTAZAVI, Saeed	IRAN-HR
MOSLEHI, Heydar	IRAN-HR
NAJJAR, Mostafa Mohammad	IRAN-HR
TAEB, Hossein	SDGT] [IRGC] [IRAN-HR
LORENA DEL MAR, S.A. DE C.V.	SDNTK
FLORBEL OPERADORA DE RESTAURANTES, S.A. DE C.V.	SDNTK
TATES DESARROLLO, S.A. DE C.V.	SDNTK
JR CONTROLADORA DE RESTAURANTES, S.A. DE C.V.	SDNTK
KAKAR, Saleh Mohammad	SDGT
AL REHMAT TRUST	SDGT
MAKKI, Hafiz Abdul Rahman	SDGT
LLANOS GAZIA, Jorge Luis	SDNTK
AUDIO ALARMAS, S.A. DE C.V.	SDNTK
BASALTOS TONALA, S.A. DE C.V.	SDNTK
JAYSH AL-ADL	FTO] [SDGT
GOMEZ ORTIZ, David	SDNTK
ALVAREZ ZEPEDA, Alfredo	SDNTK
KOREA DAESONG BANK	DPRK
KOREA DAESONG GENERAL TRADING CORPORATION	DPRK
FLOREZ SEPULVEDA, Marco Tulio	SDNTK
NSANZUBUKIRE, Felicien	DRCONGO
ZIMURINDA, Innocent	DRCONGO
IYAMUREMYE, Gaston	DRCONGO
ABDULLAH, Mian	SDGT
MUGARAGU, Leodomir	DRCONGO
RAUF, Hafiz Abdur	SDGT
KHAN, Mohammad Naushad Alam	SDGT
GESTORES DEL ECUADOR GESTORUM S.A.	SDNTK
AFRIDI, Amanullah	SDGT
UR-REHMAN, Mati	SDGT
AZHAR, Abdul Rauf	SDGT
MOLANO TORRES, Deysi Yamile	SDNTK
SANCHEZ REY, German Gonzalo	SDNTK
SERRALDE PLAZA, Carlos Fernando	SDNTK
DORIA CASTILLO, Danit Dario	SDNTK
MELRUX RICA S PIZZA	SDNTK
AMG RICAS PIZZA	SDNTK
OBRAS, SERVICIOS Y MANTENIMIENTOS C.A.	SDNTK
INVERSIONES MINERAS H.D. EMPRESA UNIPERSONAL	SDNTK
CIA. AGROINDUSTRIAL PALMERA S.A.	SDNTK
7 KARNES	SDNTK
TAJIDEEN, Ali	SDGT
TAJIDEEN, Husayn	SDGT
TAJCO	SDGT
GOLFRATE HOLDINGS (ANGOLA) LDA	SDGT
CONGO FUTUR	SDGT
KAIRABA SUPERMARKET	SDGT
OVLAS TRADING S.A.	SDGT
GRUPO AROSFRAN EMPREENDIMENTOS E PARTICIPACOES SARL	SDGT
AFRI BELG COMMERCIO E INDUSTRIA LDA	SDGT
WEHBE, Bilal Mohsen	SDGT
KHARROUBI, Ali Mohamed	SDNTK
ELLISSA HOLDING	SDNTK
SOLMAR	SDNTK
ELLISSA GROUP SA	SDNTK
AGROPHEN	SDNTK
ELLISSA SHIPPING	SDNTK
YAMEN BENIN SARL	SDNTK
ELLISSA PARC COTONOU	SDNTK
ELLISSA MEGASTORE	SDNTK
ALMACEN JUNIOR	SDNTK
ALMACEN JUNIOR NO. 2	SDNTK
COMERCIAL PLANETA	SDNTK
SOCIETE ELLISSA GROUP CONGO	SDNTK
PARS OIL AND GAS COMPANY	IRAN
BONYAD TAAVON SEPAH	SDGT] [NPWMD] [IRGC] [IFSR] [IRAN-HR
ANSAR BANK	IRAN] [SDGT] [NPWMD] [IRGC] [IFSR
FATTAH, Parviz	SDGT] [NPWMD] [IRGC] [IFSR] [IRAN-EO13876
LINER TRANSPORT KISH	SDGT] [IFSR
MEHR BANK	SDGT] [NPWMD] [IRGC] [IFSR
LOS GUEROS	SDNTK
RODRIGUEZ OLIVERA, Daniel	SDNTK
RODRIGUEZ OLIVERA, Miguel	SDNTK
SHAHID AHMAD KAZEMI INDUSTRIES GROUP	NPWMD] [IFSR
M. BABAIE INDUSTRIES	NPWMD] [IFSR
AVENDANO OJEDA, Sergio	SDNTK
AVENDANO OJEDA, Hector Manuel	SDNTK
AVENDANO OJEDA, Martin Guadencio	SDNTK
AUTODROMO CULIACAN RACE PARK	SDNTK
AUTOS MINI	SDNTK
KHAROUBI, Jamal Mohamad	SDNTK
AYACHE, Hassan Mahmoud	SDNTK
AYASH, Hassan	SDNTK
JOUMAA, Ayman Saied	SDNTK
JOUMAA MONEY LAUNDERING ORGANIZATION / DRUG TRAFFICKING ORGANIZATION	SDNTK
PHENICIA SHIPPING OFFSHORE SARL	SDNTK
ELLISSA EXCHANGE COMPANY	SDNTK
HASSAN AYASH EXCHANGE COMPANY	SDNTK
GOLDI ELECTRONICS S.A.	SDNTK
NEW LINE EXCHANGE TRUST CO.	SDNTK
MACPAR MAKINA SAN VE TIC A.S.	NPWMD] [IFSR
STEP A.S.	NPWMD] [IFSR
MULTIMAT IC VE DIS TICARET PAZARLAMA LIMITED SIRKETI	NPWMD] [IFSR
CARVANA COMPANY	NPWMD] [IFSR
MACHINE PARDAZAN CO.	NPWMD] [IFSR
JAFARI, Milad	NPWMD] [IFSR
JAFARI, Mohammad Javad	NPWMD] [IFSR
FALSAFI, Mahin	NPWMD] [IFSR
JAFARI, Mani	NPWMD] [IFSR
DURANSOY, Muammer Kuntay	NPWMD] [IFSR
DURANSOY, Cagri	NPWMD] [IFSR
HAQQANI, Khalil Al-Rahman	SDGT
'ABD AL-SALAM, Said Jan	SDGT
KARTAL, Remzi	SDNTK
BAYIK, Cemil	SDNTK
KALKAN, Duran	SDNTK
OK, Sabri	SDNTK
UZUN, Adem	SDNTK
GREEN LEAF GENERAL TRADING LLC	SDNTK
NEW ANSARI MONEY EXCHANGE	SDNTK
NEW ANSARI LTD	SDNTK
AL ADAL EXCHANGE	SDNTK
CONNECT TELECOM GENERAL TRADING LLC	SDNTK
BARAKZAI ANSARI, Haji Abdullah	SDNTK
KHAN, Haji Mohammad	SDNTK
NOORULLAH, Haji	SDNTK
NOOR, Haji Mohammad	SDNTK
MOHAMMAD AFZAL, Rahmatullah	SDNTK
HAJI ABDUL QAYOUM, Eissa Jan	SDNTK
JAFARI DOLATABADI, Abbas	IRAN-HR
BA'ASYIR, Abdul Rahim	SDGT
ABDUL RAHMAN, Muhammad Jibril	SDGT
PATEK, Umar	SDGT
SHAYESTEH, Bahram Ali	SDNTK
INTERCONTINENTAL BAUMASCHINEN UND NUTZFAHRZEUGE HANDELS GMBH	SDNTK
SECT OF REVOLUTIONARIES	SDGT
QADHAFI, Muammar	LIBYA2
QADHAFI, Khamis	LIBYA2
QADHAFI, Saif al-Islam	LIBYA2
GADDAFI, Mutassim	LIBYA2
QADHAFI, Ayesha	LIBYA2
ISHAQZAI, Haji Lal Jan	SDNTK
FARKASH, Safia	LIBYA2
GADDAFI, Hannibal	LIBYA2
GADDAFI, Muhammad	LIBYA2
GADDAFI, Saadi	LIBYA2
GADDAFI, Saif Al-Arab	LIBYA2
DORDA, Abu Zaid	LIBYA2
MATUQ, Matuq Mohammed	LIBYA2
JABIR, Abu Bakr Yunis	LIBYA2
AL-SENUSSI, Abdullah	LIBYA2
DE GARIKOITZ ASPIAZU RUBINA, Miguel	SDGT
DE FRUTOS, Jose Ignacio Reta	SDGT
AL-ASIRI, Ibrahim Hassan Tali	SDGT
GADDAFI INTERNATIONAL CHARITY AND DEVELOPMENT FOUNDATION	LIBYA2
WAATASEMU CHARITY ASSOCIATION	LIBYA2
SALEH, Bachir	LIBYA2
AL BAGHDADI, Ali Al-Mahmoudi	LIBYA2
BANK OF EAST LAND	DPRK
MAMLUK, Ali	HRIT-SY
NAJIB, Atif	PAARSSR-EO13894
AL-ASSAD, Maher	PAARSSR-EO13894
BASIJ RESISTANCE FORCE	FTO] [SDGT] [IRGC] [IFSR] [IRAN-HR
ARMY OF ISLAM	FTO] [SDGT
AL-ASSAD, Bashar	PAARSSR-EO13894
AL-SHAAR, Mohammad Ibrahim	PAARSSR-EO13894
CHAM HOLDING	PAARSSR-EO13894
BENA PROPERTIES	PAARSSR-EO13894
AL MASHREQ INVESTMENT FUND	PAARSSR-EO13894
QUDSIYAH, Abdul Fatah	PAARSSR-EO13894
ZAITOUN, Mohammed Dib	PAARSSR-EO13894
CHIZARI, Mohsen	SDGT
TORRES FELIX, Manuel	SDNTK
NYAKINIYWA, Naima Mohamed	SDNTK
MWAU, John Harun	SDNTK
CALLE SERNA, Javier Antonio	SDNTK
CAUCASUS EMIRATE	SDGT
MOGHADAM, Ismail Ahmadi	IRAN-HR] [IRAN-TRA
LAW ENFORCEMENT FORCES OF THE ISLAMIC REPUBLIC OF IRAN	IRAN-HR] [HRIT-IR
BELLOSO RODRIGUEZ, Daniel	SDNTK
BELLOSO RODRIGUEZ, Miguel Angel	SDNTK
GALAVIZ MARTIN, Mayra	SDNTK
VASQUEZ HERNANDEZ, Alfredo	SDNTK
AL-GHAMDI, Othman	SDGT
BAGHBANI, Gholamreza	SDNTK
SHAHRIYARI, Behnam	SDGT] [IFSR
BEHNAM SHAHRIYARI TRADING COMPANY	SDGT] [IFSR
AGHA, Ahmad Zia	SDGT
WAZIR, Ahmed Jan	SDGT
RABI, Fazl	SDGT
AKHUND, Mohammad Aman	SDGT
MEHR-E EQTESAD-E IRANIAN INVESTMENT COMPANY	SDGT] [NPWMD] [IRGC] [IFSR
TIDEWATER MIDDLE EAST CO.	SDGT] [NPWMD] [IRGC] [IFSR] [IFCA
HASSAN, Jamil	PAARSSR-EO13894
YAKUZA	TCO
CAMORRA	TCO
HAMMAMI, Omar	SOMALIA
OMAR, Hassan Mahat	SOMALIA
AL-'AJMI, 'Ali Hasan 'Ali	SDGT
AL-KUWARI, Salim Hasan Khalifah Rashid	SDGT
KHAWAR, Abdallah Ghanim Mahfuz Muslim	SDGT
KHALIL, Ezedin Abdel Aziz	SDGT
MUHAMMADI, Umid	SDGT
HAMSHO, Muhammad	PAARSSR-EO13894
HAMSHO INTERNATIONAL GROUP	PAARSSR-EO13894
NAFTAN OAO	BELARUS
GRODNO AZOT OAO	BELARUS
GRODNO KHIMVOLOKNO OAO	BELARUS
BELSHINA OAO	BELARUS
DUGHMUSH, Mumtaz	SDGT
KARIM ALI, Ali Abdul	PAARSSR-EO13894
GOITOM, Taeme Abraham	SOMALIA
NEGASH, Tewolde Habte	SOMALIA
SHAABAN, Bouthaina	PAARSSR-EO13894
FIGUEROA SALAZAR, Amilcar Jesus	VENEZUELA
BERNAL ROSALES, Freddy Alirio	VENEZUELA
AL-LIBI, Abu Yahya	SDGT
SALIM, 'Abd al-Rahman Ould Muhammad al-Husayn Ould Muhammad	SDGT
KHAN, Mustafa Hajji Muhammad	SDGT
HARB, Abbas Hussein	SDNTK
SALEH, Kassem Mohamad	SDNTK
HARB, Ali Houssein	SDNTK
IMPORTADORA SILVANIA	SDNTK
IMPORTADORA SILVANIA, C.A.	SDNTK
BODEGA MICHIGAN	SDNTK
COMERCIALIZADORA EMPRESARIAL TEAM BUSINESS S.A.	SDNTK
INDIAN MUJAHIDEEN	FTO] [SDGT
MUKULU, Jamil	DRCONGO
IQBAL, Zafar	SDGT
BHUTTAVI, Hafiz Abdul Salam	SDGT
LIZASO, Jurdan Martitegui	SDGT
ABU GHAZALA, Muhammad Hisham Muhammad Isma'il	SDGT
NOORZAI, Hajji Faizullah Khan	SDGT
NOORZAI, Hajji Malik	SDGT
REHMAN, Abdur	SDGT
RAHIM, Fazal	SDGT
ABBASIN, Abdul Aziz	SDGT
AL-BADRI, Dr. Ibrahim 'Awwad Ibrahim 'Ali	SDGT
MAHAN AIR	SDGT] [NPWMD] [IFSR
CONSPIRACY OF FIRE NUCLEI	SDGT
ARBABSIAR, Manssor	SDGT] [IRGC] [IFSR
ABDOLLAHI, Hamed	SDGT] [IRGC] [IFSR
SHAKURI, Gholam	SDGT] [IRGC] [IFSR
KHAN, Mali	SDGT
IRAN CENTRIFUGE TECHNOLOGY COMPANY	NPWMD] [IFSR
ARAGHI, Abdollah	SDGT] [IRGC] [IRAN-HR
FIROUZABADI, Hassan	IRAN-HR
PAYA PARTOV CO.	NPWMD] [IFSR
PARTO SANAT CO.	NPWMD] [IFSR
NEKA NOVIN	NPWMD] [IFSR
FULMEN GROUP	NPWMD] [IFSR
YASA PART	NPWMD] [IFSR
SHEKA, Ntabo Ntaberi	DRCONGO
SIMATIC DEVELOPMENT CO.	NPWMD] [IFSR
SULEIMAN HAMAD AL-HABLAIN, Ibrahim	SDGT
ALMACEN ELECTRO SONY STAR	SDNTK
JUNIOR INTERNATIONAL S.A.	SDNTK
GLOBAL TECHNOLOGY IMPORT & EXPORT, S.A. (GTI)	SDNTK
MICRO EMPRESA ASHQUI	SDNTK
AGROPECUARIA LA PERLA LTDA.	SDNTK
KPD S.A.	SDNTK
EL KHANSA, Mohamad Zouheir	SDNTK
EDERY CRIVOSEI, Jaime	SDNTK
SALEH, Ali Mohamad	SDGT
EL KHANSA, Ahmad	SDNTK
ASLAN, Aus	PAARSSR-EO13894
FIGUEROA VASQUEZ, Ezio Benjamin	SDNTK
FIGUEROA GOMEZ, Hassein Eduardo	SDNTK
DESARROLLO ARQUITECTONICO FORTIA, S.A. DE C.V.	SDNTK
DESARROLLOS INMOBILIARIOS CITADEL, S.A. DE C.V.	SDNTK
DESARROLLOS TURISTICOS FORTIA, S.A. DE C.V.	SDNTK
DISPOSITIVOS INDUSTRIALES DINAMICOS, S.A. DE C.V.	SDNTK
DISTRIBUIDORA LIFE, S.A.	SDNTK
DISTRIBUIDORA MEDICA HOSPITALARIA, S.A. DE C.V.	SDNTK
EL PALOMAR CAR WASH, S.A. DE C.V.	SDNTK
FORTIA BAJA SUR, S.A. DE C.V.	SDNTK
GEOFARMA S.A. DE C.V.	SDNTK
GRUPO COMERCIAL SAN BLAS, S.A. DE C.V.	SDNTK
GRUPO F Y F MEDICAL INTERNACIONAL DE EQUIPOS	SDNTK
PROMOCIONES CITADEL, S.A. DE C.V.	SDNTK
PUNTO FARMACEUTICO S.A. DE C.V.	SDNTK
SCUADRA FORTIA, S.A. DE C.V.	SDNTK
TECNOLOGIA OPTIMA CORPORATIVA S. DE R.L. DE C.V.	SDNTK
UNION ABARROTERO DE JALISCO S.C. DE R.L. DE C.V.	SDNTK
ALVAREZ ZEPEDA, Oscar	SDNTK
TORRES HOYOS, Carlos Mario	SDNTK
VALDEZ BENITES, Joel	SDNTK
BENGOECHEA, Jose Antonio Urruticoechea	SDGT
AL QARAWI, Saleh	SDGT
AL-QA'IDA KURDISH BATTALIONS	SDGT
CHOUKA, Yassin	SDGT
CHOUKA, Monir	SDGT
KAR, Mevlut	SDGT
GELERI, Zeyneddin	SDNTK
AKBULUT, Cerkez	SDNTK
BOZTEPE, Omer	SDNTK
GELERI, Omer	SDNTK
GELERI IMPORT EXPORT S.R.L.	SDNTK
MEGA GROUP S.R.L.	SDNTK
GELRO IMPEX S.R.L.	SDNTK
YAMAGUCHI-GUMI	TCO
SHINODA, Kenichi	TCO
TAKAYAMA, Kiyoshi	TCO
RAKHIMOV, Gafur-Arslanbek Akhmedovich	TCO
KHRISTOFOROV, Vasiliy Aleksandrovich	TCO
CHIBLI, Ibrahim	SDNTK
ZAYTSEV, Aleksey Alekseyevich	TCO
ACHWAN, Mochammad	SDGT
BA'ASYIR, Abdul Rosyid Ridho	SDGT
JEMMAH ANSHORUT TAUHID	FTO] [SDGT
ACHEKZAI, Abdul Samad	SDGT
MEMON, Ibrahim Abdul Razaaq	SDNTK
SHAKEEL, Chhota	SDNTK
OVERDICK MEJIA, Horst Walter	SDNTK
AGHAJANI, Hosein	SDGT] [IRGC] [IFSR
TABATABAEI, Sayyid Ali Akbar	SDGT] [IRGC] [IFSR
GHANI, Esmail	SDGT] [IRGC] [IFSR
JEGA, Ali Abbas Usman	SDGT] [IFSR
POUYA AIR	SDGT] [NPWMD] [IRGC] [IFSR
BEHINEH TRADING	SDGT] [IFSR
ADANOV, Munir	PAARSSR-EO13894
IRAN MARINE INDUSTRIAL COMPANY, SADRA	SDGT] [NPWMD] [IRGC] [IFSR
DEEP OFFSHORE TECHNOLOGY COMPANY,  P.J.S.	SDGT] [NPWMD] [IRGC] [IFSR
DATAK TELECOM	HRIT-IR
GUZMAN SALAZAR, Jesus Alfredo	SDNTK] [SDGT] [ILLICIT-DRUGS-EO14059
SALAZAR HERNANDEZ, Maria Alejandrina	SDNTK
BARAKZAI, Shah Mohammad	SDNTK
WALI, Mohammad	SDNTK
HADI, Abdul	SDNTK
MOHAMMAD, Haji Baz	SDNTK
NEW AHMADI LTD.	SDNTK
MOHAMMAD WALI MONEY EXCHANGE	SDNTK
EGHTESAD NOVIN BANK	IRAN] [IRAN-EO13902
PASARGAD BANK	IRAN] [IRAN-EO13902
KARAFARIN BANK	IRAN] [IRAN-EO13902
SAMAN BANK	IRAN] [IRAN-EO13902
SARMAYEH BANK	IRAN] [IRAN-EO13902
TAT BANK	IRAN
BANK-E SHAHR	IRAN] [IRAN-EO13902
HEKMAT IRANIAN BANK	IRAN] [NPWMD] [IFSR
TOURISM BANK	IRAN] [IRAN-EO13902
IRAN ZAMIN BANK	IRAN] [IRAN-EO13902
MEHR IRAN CREDIT UNION BANK	IRAN] [IRAN-EO13902
TOSEE TAAVON BANK	IRAN] [IRAN-EO13902
ISLAMIC REGIONAL COOPERATION BANK	IRAN] [IRAN-EO13902
CREDIT INSTITUTION FOR DEVELOPMENT	IRAN
GUZMAN SALAZAR, Archivaldo Ivan	SDNTK] [SDGT] [ILLICIT-DRUGS-EO14059
GUZMAN LOPEZ, Ovidio	SDNTK] [ILLICIT-DRUGS-EO14059
LIMON SANCHEZ, Ovidio	SDNTK
SALGUEIRO NEVAREZ, Noel	SDNTK
MALEK ASHTAR UNIVERSITY OF TECHNOLOGY	NPWMD] [IFSR
FADAVI, Ali	NPWMD] [IFSR
FROSCH, Daniel	NPWMD] [IFSR
INTERNATIONAL GENERAL RESOURCING FZE	NPWMD] [IFSR
MINISTRY OF DEFENCE EXPORT CENTER	NPWMD] [IFSR] [IRAN-CON-ARMS-EO
BARI, Abdul Baqi	SDGT
GUL, Bakht	SDGT
SHUSHANASHVILI, Lasha Pavlovich	TCO
SHEMAZASHVILI, Koba Shalvovich	TCO
SHUSHANASHVILI, Kakhaber Pavlovich	TCO
ABDALLAH AZZAM BRIGADES	FTO] [SDGT
KELMENDI, Naser	SDNTK
SOTO GASTELUM, Jose Antonio	SDNTK
SHAH, Sayed Wazir	SDNTK
CASANOVA ORDONEZ, Hermes Alirio	SDNTK
VILLOTA SEGURA, Aldemar	SDNTK
VILLOTA SEGURA, Segundo Alberto	SDNTK
ORBITAL HORIZONS CORP.	SDNTK
INDUITEX LTDA.	SDNTK
I&S HOLDING COMPANY, S.A.	SDNTK
MOHAMMED, Aboud Rogo	SOMALIA
IBARRA CARDONA, Luis Gerardo	SDNTK
CARDONA MARTINEZ, Mayela	SDNTK
IBARRA CARDONA, Carlos Jesus Ivan	SDNTK
CARDONA MARTINEZ, Pedro	SDNTK
DISTRIBUIDORA GERMAY S.A. DE C.V.	SDNTK
ESTACIONES DE SERVICIOS CANARIAS, S.A. DE C.V.	SDNTK
ESPARRAGOZA GASTELUM, Nadia Patricia	SDNTK
ABD EL-RAHMAN, Suhayl Salim	SOMALIA
OMAR, Omar Awadh	SOMALIA
AHMED, Abubaker Shariff	SOMALIA
LOPEZ PEREZ, Griselda Natividad	SDNTK
HERNANDEZ AMAYA, Ena Elizabeth	SDNTK
INDUSTRIAL SOLUTIONS	NPWMD
MECHANICAL CONSTRUCTION FACTORY	NPWMD
SYRONICS	NPWMD
GUBEREK GRIMBERG, Henry	SDNTK
GUBEREK RAVINOVICZ, Isaac Perez	SDNTK
C.I. DEL ISTMO S.A.S.	SDNTK
LOLALIMES	SDNTK
HANDASIEH	NPWMD
AL-WATFA, Ali Ibrahim	SDGT
KHANAFER, Hicham Nmer	SDGT
GASOLINERA Y SERVICIOS VILLABONITA, S.A. DE C.V.	SDNTK
ESPARRAGOZA GASTELUM, Brenda Guadalupe	SDNTK
ESPARRAGOZA GASTELUM, Juan Ignacio	SDNTK
MONZON ARAUJO, Ofelia	SDNTK
GUZMAN OCHOA, Ulises	SDNTK
PONCE FELIX, Martin Humberto	SDNTK
FAWAZ, Abbas Loutfe	SDGT
CHEHADE, Ali Ahmad	SDGT
GRUPO CINJAB, S.A. DE C.V.	SDNTK
GRUPO IMPERGOZA, S.A. DE C.V.	SDNTK
PETROBARRANCOS, S.A. DE C.V.	SDNTK
ESPARRAGOZA GASTELUM, Cristian Ivan	SDNTK
BADR AL DIN, Mustafa	SDGT
IBARRA FAVILA, Jose Gerardo	SDNTK
LORENZANA CORDON, Ovaldino	SDNTK
CONSTRUCTORA W.L.	SDNTK
CONSTRUCTORA H.L.P.	SDNTK
TRANSPORTES J.L. CORDON	SDNTK
CONSTRUCTORA H.L.T.	SDNTK
ADMINISTRADORA DEL ORIENTE	SDNTK
IMPORTADORA Y EXPORTADORA LORENZANA	SDNTK
INVERSIONES IRIS MANUELA, S.A.	SDNTK
PENTANE CHEMISTRY INDUSTRIES	NPWMD] [IFSR
BUENOS AIRES SERVICIOS, S.A. DE C.V.	SDNTK
GASTELUM PAYAN, Maria Guadalupe	SDNTK
COMERCIALIZADORA GERMAY DE SONORA S.A. DE C.V.	SDNTK
LORENZANA CORDON, Marta Julia	SDNTK
GASODIESEL Y SERVICIOS ANCONA, S.A. DE C.V.	SDNTK
GASOLINERA ALAMOS COUNTRY, S.A. DE C.V.	SDNTK
MAYALEH, Adib	PAARSSR-EO13894
ARAUJO MONZON, Elvira	SDNTK
GONZALEZ PARADA, Juvencio Ignacio	SDNTK
HANDAL PEREZ, Jose Miguel	SDNTK
BUSINESS LAB	NPWMD
MEZA FLORES DRUG TRAFFICKING ORGANIZATION	SDNTK
MEZA FLORES, Fausto Isidro	SDNTK] [ILLICIT-DRUGS-EO14059
FLORES APODACA, Agustin	SDNTK
FLORES APODACA, Salome	SDNTK
MEZA ANGULO, Fausto Isidro	SDNTK
ROSHAN MONEY EXCHANGE	SDGT
HAJI KHAIRULLAH HAJI SATTAR MONEY EXCHANGE	SDGT
BARAKZAI, Haji Abdul Sattar	SDGT
BARAKZAI, Haji Khairullah	SDGT
SHEKAU, Abubakar	SDGT
KAMBAR, Abubakar Adam	SDGT
AL-BARNAWI, Khalid	SDGT
YARZA, Aitzol Iriondo	SDGT
SERVICIOS CHULAVISTA, S.A. DE C.V.	SDNTK
FELIX FELIX, Victor Manuel	SDNTK
GONZALEZ CARDENAS, Jorge Guillermo	SDNTK
VILLA DIAZ, Oscar Dominguez	SDNTK
DIAS PANIAGUA, Rigoberto	SDNTK
VAZQUEZ VILLAVICENCIO, Gabriela	SDNTK
ARTAVIL	IRAN
ARK III	IRAN
ARGO I	IRAN
ARNICA	IRAN
APAMA	IRAN
BANEH	IRAN
DIAMOND II	IRAN
DREAM II	IRAN
DEEP SEA	IRAN
DORE	IRAN
DOVER	IRAN
DEVON	IRAN
DOWNY	IRAN
FOREST	IRAN
HERO II	IRAN
HENNA	IRAN
AMBER	IRAN
HASNA	IRAN
HUGE	IRAN
HAPPINESS I	IRAN] [SDGT
HELM	IRAN
HERBY	IRAN
HILDA I	IRAN
HAWK	IRAN
HALTI	IRAN
HEDY	IRAN
IMICO NEKA 455	IRAN
FORTUNE	IRAN
MARIVAN	IRAN
NASHA	IRAN
NAVARZ	IRAN
NAROON	IRAN
SEA STAR III	IRAN
SABITI	IRAN
SARDASHT	IRAN
SALINA	IRAN
SILVIA I	IRAN
SANAN	IRAN
STARK I	IRAN
SEVIN	IRAN
SONIA I	IRAN
SEA CLIFF	IRAN
STREAM	IRAN
SERENA	IRAN
SNOW	IRAN
SINOPA	IRAN] [SDGT
TOLOU	IRAN
VALFAJR2	IRAN
YAGHOUB	IRAN
YOUSEF	IRAN
INFORMATION SYSTEMS IRAN	NPWMD] [IFSR
ELECTRONIC COMPONENTS INDUSTRIES CO	NPWMD] [IFSR
ADVANCED INFORMATION AND COMMUNICATION TECHNOLOGY CENTER	NPWMD] [IFSR
DIGITAL MEDIA LAB	NPWMD] [IFSR
MOBILE VALUE-ADDED SERVICES LABORATORY	NPWMD] [IFSR
RABIEE, Hamid Reza	NPWMD] [IFSR
MORENO, Daniel	SDNTK
FLORES APODACA, Panfilo	SDNTK
D'S SUPERMARKET COMPANY LTD.	SDNTK
AUTO SERVICIO JATZIRY S.A. DE C.V.	SDNTK
CONSTRUCTORA JATZIRY DE GUASAVE S.A. DE C.V.	SDNTK
AUTOTRANSPORTES TERRESTRES S.A. DE C.V.	SDNTK
NATIONAL IRANIAN TANKER COMPANY	IRAN] [SDGT] [IFSR] [IFCA
NATIONAL IRANIAN TANKER COMPANY LLC	IRAN
N.I.T.C. REPRESENTATIVE OFFICE	IRAN
ARTA SHIPPING ENTERPRISES LIMITED	IRAN
ARASH SHIPPING ENTERPRISES LIMITED	IRAN
PROTON PETROCHEMICALS SHIPPING LIMITED	IRAN
DANESH SHIPPING COMPANY LIMITED	IRAN
DAVAR SHIPPING CO LTD	IRAN
HADI SHIPPING COMPANY LIMITED	IRAN
HARAZ SHIPPING COMPANY LIMITED	IRAN
HATEF SHIPPING COMPANY LIMITED	IRAN
HIRMAND SHIPPING COMPANY LIMITED	IRAN
HODA SHIPPING COMPANY LIMITED	IRAN
HOMA SHIPPING COMPANY LIMITED	IRAN
HONAR SHIPPING COMPANY LIMITED	IRAN
TC SHIPPING COMPANY LIMITED	IRAN
MEHRAN SHIPPING COMPANY LIMITED	IRAN
MERSAD SHIPPING COMPANY LIMITED	IRAN
SAMAN SHIPPING COMPANY LIMITED	IRAN
ASAN SHIPPING ENTERPRISE LIMITED	IRAN
SARV SHIPPING COMPANY LIMITED	IRAN
SEPID SHIPPING COMPANY LIMITED	IRAN
SIMA SHIPPING COMPANY LIMITED	IRAN
SINA SHIPPING COMPANY LIMITED	IRAN
CASPIAN MARITIME LIMITED	IRAN
MINAB SHIPPING COMPANY LIMITED	IRAN
PARS PETROCHEMICAL SHIPPING COMPANY	IRAN
DENA TANKERS FZE	IRAN
TANIDEH, Hossein	NPWMD] [IFSR
CENTER FOR INNOVATION AND TECHNOLOGY COOPERATION	NPWMD] [IFSR] [IRAN-CON-ARMS-EO
PETRO SUISSE INTERTRADE COMPANY SA	IRAN
HONG KONG INTERTRADE COMPANY	IRAN
NOOR ENERGY (MALAYSIA) LTD.	IRAN
PETRO ENERGY INTERTRADE COMPANY	IRAN
CORPORACION HANDAL S. DE R.L.	SDNTK
AUTO PARTES HANDAL S. DE R.L. DE C.V.	SDNTK
SUPERTIENDAS HANDAL S. DE R.L.	SDNTK
JM TROYA	SDNTK
J & E S. DE R.L. DE C.V.	SDNTK
RANCHO LA HERRADURA	SDNTK
EASY CASH S. DE R.L.	SDNTK
COMERCIALIZADORA CACHO S.A. DE C.V.	SDNTK
SIHAB, Ahmed Abdulrahman Sihab Ahmed	SDGT
AZZAM, Mansour Fadlallah	PAARSSR-EO13894
AL-HALQI, Wael Nader	PAARSSR-EO13894
KHAMIS, Imad Mohammad Deeb	PAARSSR-EO13894
SWEID, Joseph Jurji	PAARSSR-EO13894
DELL'AQUILA, Giuseppe	TCO
CATERINO, Mario	TCO
DI MAURO, Paolo	TCO
IOVINE, Antonio	TCO
ZAGARIA, Michele	TCO
BARICH, Mohammad Naim	SDNTK
HAMIYAH, Talal	SDGT
FLORES PACHECO, Cenobio	SDNTK
SALAZAR RAMIREZ, Jesus Alfredo	SDNTK
NIEBLAS NAVA, Guillermo	SDNTK
SOSA CANISALES, Felipe de Jesus	SDNTK
LOPEZ AISPURO, Armando	SDNTK
RASCON RAMIREZ, Jose Javier	SDNTK
SABORI CISNEROS, Raul	SDNTK
AL-SUBHI, Azzam Abdullah Zureik Al-Maulid	SDGT
AL-FREIJ, Fahd Jassem	PAARSSR-EO13894
URBANIZADORA NUEVA ITALIA, S.A. DE C.V.	SDNTK
SOCIALIKA RENTAS Y CATERING, S.A. DE C.V.	SDNTK
MS-13	FTO] [SDGT] [TCO
MIR, Sajjid	SDGT
MUJAHID, Abdullah	SDGT
YAQUB, Ahmed	SDGT
WALID, Hafiz Khalid	SDGT
SHEIKH, Qari Muhammad Yaqoob	SDGT
HAMZA, Amir	SDGT
MUNTAZIR, Abdullah	SDGT
SAEED, Talha	SDGT
EP-GOL	SDGT
EP-GOQ	SDGT
EP-GOY	SDGT
EP-GOX	SDGT
EX-35011	SDGT] [NPWMD] [IFSR
EX-301	SDGT] [NPWMD] [IFSR
EP-MNG	SDGT] [NPWMD] [IFSR
EP-MNH	SDGT] [NPWMD] [IFSR
EP-MNI	SDGT] [NPWMD] [IFSR
EP-MNJ	SDGT] [NPWMD] [IFSR
EP-MNK	SDGT] [NPWMD] [IFSR
EP-MNL	SDGT] [NPWMD] [IFSR
EP-MNQ	SDGT] [NPWMD] [IFSR
EK-30064	SDGT] [NPWMD] [IFSR
EP-MHA	SDGT] [NPWMD] [IFSR
EP-MHF	SDGT] [NPWMD] [IFSR
EP-MHG	SDGT] [NPWMD] [IFSR
EP-MHJ	SDGT] [NPWMD] [IFSR
EP-MHL	SDGT] [NPWMD] [IFSR
EP-MHM	SDGT] [NPWMD] [IFSR
EP-MHO	SDGT] [NPWMD] [IFSR
EP-MHP	SDGT] [NPWMD] [IFSR
EP-MNA	SDGT] [NPWMD] [IFSR
EP-MNB	SDGT] [NPWMD] [IFSR
EP-MNC	SDGT] [NPWMD] [IFSR
EP-MNE	SDGT] [NPWMD] [IFSR
EP-MNM	SDGT] [NPWMD] [IFSR
EP-MNN	SDGT] [NPWMD] [IFSR
EP-MNO	SDGT] [NPWMD] [IFSR
EP-MNP	SDGT] [NPWMD] [IFSR
EP-MNR	SDGT] [NPWMD] [IFSR
EP-MNS	SDGT] [NPWMD] [IFSR
EP-MNT	SDGT] [NPWMD] [IFSR
EP-MNU	SDGT] [NPWMD] [IFSR
EP-MNV	SDGT] [NPWMD] [IFSR
EP-MNX	SDGT] [NPWMD] [IFSR
EP-MOA	SDGT] [NPWMD] [IFSR
EP-MOB	SDGT] [NPWMD] [IFSR
EP-MOC	SDGT] [NPWMD] [IFSR
EP-MOE	SDGT] [NPWMD] [IFSR
EP-MOF	SDGT] [NPWMD] [IFSR
EP-MOG	SDGT] [NPWMD] [IFSR
EP-VIP	SDGT] [NPWMD] [IFSR
F-OJHH	SDGT] [NPWMD] [IFSR
F-OJHI	SDGT] [NPWMD] [IFSR
HAQQANI NETWORK	FTO] [SDGT
ARMY SUPPLY BUREAU	NPWMD] [IFSR
BELVNESHPROMSERVICE	NPWMD] [IFSR
ARMANAZI, Amr	NPWMD
ANDRADE PARRA, Alfredo	SDNTK
WAQFIYA RI'AYA AL-USRA AL-FILISTINYA WA AL-LUBNANYA	SDGT
AL-QUDS INTERNATIONAL FOUNDATION	SDGT
SUMIYOSHI-KAI	TCO
FUKUDA, Hareaki	TCO
LOPEZ NUNEZ, Damaso	SDNTK
CORONEL BARRERAS, Ines	SDNTK
HARB, Khalil Yusif	SDGT
ACHEKZAI, Maulawi Adam Khan	SDGT
CHAUDHRY, Aamir Ali	SDGT
BASHIR, Qari Ayyub	SDGT
AL-HARBI, Adel Radi Saqr Al-Wahabi	SDGT
DESARROLLOS EVEREST, S.A. DE C.V.	SDNTK
ESQUERRA ESQUER, Jorge Enrique	SDNTK
ESTRADA GUTIERREZ, Julio Cesar	SDNTK
LEON SANTIESTEBAN, Carlos Alberto	SDNTK
MAKENGA, Sultani	DRCONGO
PEREZ HENAO, Diego	SDNTK
LOS RASTROJOS	SDNTK
ZAKIR, Qari	SDGT
BAQIYATTALLAH UNIVERSITY OF MEDICAL SCIENCES	SDGT] [NPWMD] [IRGC] [IFSR
IMAM HOSSEIN UNIVERSITY	SDGT] [NPWMD] [IRGC] [IFSR
TEHRAN GOSTARESH COMPANY, P.J.S.	SDGT] [NPWMD] [IRGC] [IFSR
JALILI, Rasool	IRAN-TRA
MINISTRY OF CULTURE AND ISLAMIC GUIDANCE	IRAN-TRA
PRESS SUPERVISORY BOARD	IRAN-TRA
AMNAFZAR GOSTAR-E SHARIF	IRAN-TRA
PEYKASA	IRAN-TRA
TAGHIPOUR, Reza	IRAN-TRA
FAZLI, Ali	IRAN-TRA
ZARGHAMI, Ezzatollah	IRAN-TRA
CENTER TO INVESTIGATE ORGANIZED CRIME	IRAN-TRA
AL-GHANIMI, Karim Ja'far Muhsin	SDGT
MINA'I, Mohammad	SDGT] [IRGC] [IFSR
AL-MAKSUSI, Sayyid Salah Mahdi Hantush	SDGT
AL-HAMIDAWI, Riyad Yunis Jasim	SDGT
IRAN POOYA	NPWMD] [IFSR
ABBASI-DAVANI, Fereidoun	NPWMD] [IFSR
MOZAFFARINIA, Reza	NPWMD] [IFSR
RAHAT LTD	SDGT
QASIM, Mohammed	SDGT
KALIM, Musa	SDGT
ARIA NIKAN MARINE INDUSTRY	NPWMD] [IFSR
AL-MUSAWI, Ali Mussa Daqduq	SDGT
M23	DRCONGO
JABER, Mohammad	PAARSSR-EO13894
JAYSH AL-SHA'BI	PAARSSR-EO13894
AL-JUBURI, Maysar Ali Musa Abdallah	SDGT
SHABIHA	PAARSSR-EO13894
ZAGARIA, Pasquale	TCO
ZAGARIA, Carmine	TCO
ZAGARIA, Antonio	TCO
FOREIGN TRADE BANK OF THE DEMOCRATIC PEOPLE'S REPUBLIC OF KOREA	NPWMD] [DPRK3
POUYA CONTROL	NPWMD] [IFSR
JABER, Ayman	PAARSSR-EO13894
MOVEMENT FOR UNITY AND JIHAD IN WEST AFRICA	SDGT
EL KHAIRY, Hamad	SDGT
EL TILEMSI, Ahmed	SDGT
NGARUYE, Baudoin	DRCONGO
LEADER (HONG KONG) INTERNATIONAL TRADING LIMITED	NPWMD
KAINA, Innocent	DRCONGO
NEDA INDUSTRIAL GROUP	NPWMD] [IFSR
TOWLID ABZAR BORESHI IRAN	NPWMD] [IFSR
RAHIMYAR, Amir Hossein	NPWMD] [IFSR
TARH O PALAYESH	NPWMD] [IFSR
FARATECH	NPWMD] [IFSR
FORCES DEMOCRATIQUES DE LIBERATION DU RWANDA	DRCONGO
SAMAHA, MICHEL	SDGT] [LEBANON
CHEMICAL INDUSTRIES & DEVELOPMENT OF MATERIALS GROUP	NPWMD] [IFSR
KALASHOV, Zakhary Knyazevich	TCO
KASENOV, Adilet Zhakypovich	TCO
SAD IMPORT EXPORT COMPANY	NPWMD] [IFSR
HAMAD, Abdelbasit Alhaj Alhassan Haj	SDGT
MOHAMED, Mohamed Makawi Ibrahim	SDGT
DOOSTAN INTERNATIONAL COMPANY	NPWMD] [IFSR
MARINE INDUSTRIES ORGANIZATION	NPWMD] [IFSR] [IRAN-CON-ARMS-EO
ESBATI, Mostafa	NPWMD] [IFSR
RAMIREZ PERALES, Jose Odilon	SDNTK
LOPEZ GUERRERO, Ismael	SDNTK
RA, Kyong-Su	NPWMD
KIM, Kwang-Il	NPWMD
YO'N, Cho'ng-Nam	NPWMD
KO, Ch'o'l-Chae	NPWMD
INAGAWA-KAI	TCO
UCHIBORI, Kazuo	TCO
CASA EL VIEJO LUIS DISTRIBUIDORA, S.A. DE C.V.	SDNTK
LINARES CASTILLO, Jose Evaristo	SDNTK
KOREAN COMMITTEE FOR SPACE TECHNOLOGY	NPWMD
PAEK, Chang-Ho	NPWMD
CHANG, Myong-Chin	NPWMD
GOLDBERG, Marina Samuilovna	TCO
GRUPO COMERCIAL ROOL, S.A. DE C.V.	SDNTK
RANCHO EL NUEVO PACHON, S. DE R.L. DE C.V.	SDNTK
ROOL EUROPE AG	SDNTK
OPERADORA Y ADMINISTRADORA DE RESTAURANTES Y BARES RUDU, S.A. DE C.V.	SDNTK
OLIVERA JIMENEZ, Juana	SDNTK
RODRIGUEZ OLIVERA, Rosalina	SDNTK
DURAN NUNEZ, Juan Carlos	SDNTK
ELIZONDO CASTANEDA, Andres Martin	SDNTK
REYES MAGANA, Felipe	SDNTK
PARQUE ACUATICO LOS CASCABELES, S.A. DE C.V.	SDNTK
AL-ZAHRANI, Ahmed Abdullah Saleh al-Khazmari	SDGT
VERDUGO GARCIA, Monica Janeth	SDNTK
SIMA GENERAL TRADING CO FZE	IRAN
POLINEX GENERAL TRADING LLC	IRAN
ASIA ENERGY GENERAL TRADING (LLC)	IRAN
SYNERGY GENERAL TRADING FZE	IRAN
RANCHO AGRICOLA GANADERO LOS MEZQUITES, S.A. DE C.V.	SDNTK
GARCIA RIOS, Tomasa	SDNTK
GRIMBERG DE GUBEREK, Sara	SDNTK
CEBALLOS BUENO, Johanna Patricia	SDNTK
SBT S.A.	SDNTK
G&G INTERNACIONAL S.A.S.	SDNTK
INVERSIONES GILFE S.A.	SDNTK
ISSA EMPRESA UNIPERSONAL	SDNTK
COMERCIALIZADORA INTERNACIONAL ANDINA LIMITADA	SDNTK
PROMESAS DEL FUTBOL COLOMBIANO S.A.	SDNTK
COLOMBO PERUANA DE TEJIDOS S.A.	SDNTK
RUNIGA, Jean-Marie Rugerero	DRCONGO
BADEGE, Eric	DRCONGO
CAMBIS, Dimitris	IRAN
IMPIRE SHIPPING COMPANY	IRAN
DESTINY	IRAN] [SDGT
FELICITY	IRAN
HUMANITY	IRAN
GRACE BAY SHIPPING INC	IRAN
GARBIN NAVIGATION LTD	IRAN
MONSOON SHIPPING LTD	IRAN
KONING MARINE CORP	IRAN
BLUE TANKER SHIPPING SA	IRAN
JUPITER SEAWAYS SHIPPING	IRAN
HERCULES INTERNATIONAL SHIP	IRAN
HERMIS SHIPPING SA	IRAN
ISLAMIC REPUBLIC OF IRAN BROADCASTING	IRAN-TRA
IRANIAN COMMUNICATIONS REGULATORY AUTHORITY	IRAN-TRA
IRANIAN CYBER POLICE	IRAN-TRA
ASESORIA Y SERVICIOS ADMINISTRATIVOS, TECNICOS Y OPERATIVOS DUREL, S.A. DE C.V.	SDNTK
PAK, To-Chun	NPWMD
CHU, Kyu-Chang	NPWMD
O, Kuk-Ryol	NPWMD] [DPRK2
MUN, Cho'ng-Ch'o'l	NPWMD
SOLIS AVILES, Angello de Jesus	SDNTK
PARRA SANCHEZ, Mario	SDNTK
VALDEZ RODRIGUEZ, Manuel Arturo	SDNTK
VILLEGAS LOERA, Juan Carlos	SDNTK
VALENZUELA VALENZUELA, Vanessa	SDNTK
PAEK, Se-Bong	NPWMD
NOORZAI, Mullah Ahmed Shah	SDGT
GUARIN LOAIZA, Jose Berley	SDNTK
CENTRO COMERCIAL Y HABITACIONAL LOMAS, S.A. DE C.V.	SDNTK
COMMANDER NAZIR GROUP	SDGT
WAZIR, Malang	SDGT
GHALI, Iyad ag	SDGT] [HOSTAGES-EO14078
VALLARTA ESCALANTE, Luis Francisco	SDNTK
SANCHEZ ARELLANO, Luis Fernando	SDNTK
LOS CABALLEROS TEMPLARIOS	SDNTK
KARNER, Mihael	SDNTK
ORELLANA MORALES, Jairo Estuardo	SDNTK
VILLA SANCHEZ, Arnoldo	SDNTK
LOZA HERNANDEZ, Miguel	SDNTK
SISTEMAS ELITE DE SEGURIDAD PRIVADA, S.A. DE C.V.	SDNTK
LOS CACHIROS	SDNTK
ANSAR AL-DINE	FTO] [SDGT
SAMBOUK SHIPPING FZC	IRAN
T.F.M.C. THE FOOD MANAGEMENT CORPORATION LTD	SDNTK
FERNANDEZ DE LUNA, Jesus	SDNTK
FUNDACION ISSARA	SDNTK
BADR	IRAN
FERNANDEZ DE LUNA, Gerardo	SDNTK
GONZALEZ MUNIZ, Esperanza Maria	SDNTK
FERNANDEZ GONZALEZ, Carolina	SDNTK
GONZALEZ MUNIZ, Emilio Guillermo	SDNTK
COMPANIA GANADERA 5 MANANTIALES S. DE P.R. DE R.L.	SDNTK
IMPAN-COL, S.A.	SDNTK
CHAPS INVESTMENT INC.	SDNTK
INVERSORA PANACOL S.A.	SDNTK
C.I. CAFFEE VALORES S.A.	SDNTK
COMPANIA REAL DE PANAMA S.A.	SDNTK
CLAN DEL GOLFO	SDNTK] [FTO] [SDGT] [ILLICIT-DRUGS-EO14059
DROGANOV, Aleksey O.	MAGNIT
KARPOV, Pavel	MAGNIT
KOMNOV, Dmitriy	MAGNIT
KHIMINA, Yelena	MAGNIT
KRIVORUCHKO, Aleksey	MAGNIT
KUZNETSOV, Artem	MAGNIT
LOGUNOV, Oleg	MAGNIT
VILLARROEL RAMIREZ, Vassyly Kotosky	SDNTK
PECHEGIN, Andrey I.	MAGNIT
PODOPRIGOROV, Sergei G.	MAGNIT
PROKOPENKO, Ivan Pavlovitch	MAGNIT] [RUSSIA-EO14024
SILCHENKO, Oleg F.	MAGNIT
STASHINA, Yelena	MAGNIT
STEPANOVA, Olga G.	MAGNIT
TOLCHINSKIY, Dmitri M.	MAGNIT
UKHNALYOVA, Svetlana	MAGNIT
VINOGRADOVA, Natalya V.	MAGNIT
BOGATIROV, Letscha	MAGNIT
DUKUZOV, Kazbek	MAGNIT
STARLA	IRAN
DANIEL	IRAN
DINO I	IRAN
MARIA III	IRAN
DORENA	IRAN
YOUNES	IRAN
DAN	IRAN
ALUMINAT	NPWMD] [IFSR
PARS AMAYESH SANAAT KISH	NPWMD] [IFSR
KHAKI, Parviz	NPWMD] [IFSR
TAGHTIRAN KASHAN COMPANY	NPWMD] [IFSR
TAPIA QUINTERO, Jose Guadalupe	SDNTK
PISHRO SYSTEMS RESEARCH COMPANY	NPWMD] [IFSR
NOORZAI, Haji Kotwal	SDNTK
TRANS MULTI MECHANICS CO. LTD.	NPWMD
CHANG, Wen-Fu	NPWMD
BRACRO S.A.	SDNTK
ZOLAL IRAN COMPANY	NPWMD] [IFSR
BUJAR, Farhad	NPWMD] [IFSR
BANDAR IMAM PETROCHEMICAL COMPANY	IRAN] [NPWMD] [IFSR
BU ALI SINA PETROCHEMICAL COMPANY	IRAN] [NPWMD] [IFSR
MOBIN PETROCHEMICAL COMPANY	IRAN] [NPWMD] [IFSR
NOURI PETROCHEMICAL COMPANY	IRAN] [NPWMD] [IFSR
PARS PETROCHEMICAL COMPANY	IRAN] [NPWMD] [IFSR
SHAHID TONDGOYAN PETROCHEMICAL COMPANY	IRAN] [NPWMD] [IFSR
SHAZAND PETROCHEMICAL COMPANY	IRAN
TABRIZ PETROCHEMICAL COMPANY	IRAN
ANDISHEH ZOLAL	NPWMD] [IFSR
JASHNSAZ, Seifollah	IRAN
NIKOUSOKHAN, Mahmoud	IRAN
POURANSARI, Hashem	IRAN
BAHADORI, Masoud	IRAN
PETRO GREEN	NPWMD] [IFSR
VAZIRI, Hossein Nosratollah	NPWMD] [IFSR
GLOBAL SEA LINE CO LTD	NPWMD] [IFSR
ENERGY GLOBAL INTERNATIONAL FZE	NPWMD] [IFSR
BERCIAN MANCHON, Moris Alexander	TCO
CISNEROS RODRIGUEZ, Jose Misael	TCO
MONTERROSA-LARIOS, Marvin Geovanny	TCO
RIVERA-LUNA, Moises Humberto	TCO
TURCIOS ANGEL, Saul Antonio	TCO
HENRIQUEZ SOLORZANO, Borromeo Enrique	TCO
UR-CKF	SDGT] [NPWMD] [IFSR
UR-CKG	SDGT] [NPWMD] [IFSR
KYRGYZ TRANS AVIA	SDGT] [IFSR
KIM, Lidia	SDGT] [IFSR
SIRJANCO TRADING L.L.C.	SDGT] [IFSR
ARABNEJAD, Hamid	SDGT] [IFSR
COMMITTEE TO DETERMINE INSTANCES OF CRIMINAL CONTENT	IRAN-TRA
OFOGH SABERIN ENGINEERING DEVELOPMENT COMPANY	IRAN-TRA
MIR-HEJAZI, Asghar	IRAN-HR] [IRAN-EO13876
UR-CJW	SDGT] [NPWMD] [IFSR
UR-CKJ	SDGT] [NPWMD] [IFSR
UR-CKY	SDGT] [NPWMD] [IFSR
UR-CKX	SDGT] [IFSR
UR-CKZ	SDGT] [IFSR
AL-MASLI, 'Abd-al-Hamid	SDGT
EXECUTION OF IMAM KHOMEINI'S ORDER	IRAN] [IRAN-EO13876
TOSEE EQTESAD AYANDEHSAZAN COMPANY	IRAN
TADBIR ECONOMIC DEVELOPMENT GROUP	IRAN] [IRAN-EO13876
TADBIR INVESTMENT COMPANY	IRAN
MODABER	IRAN
TADBIR CONSTRUCTION DEVELOPMENT COMPANY	IRAN
TADBIR ENERGY DEVELOPMENT GROUP CO.	IRAN] [IRAN-EO13876
REY INVESTMENT COMPANY	IRAN
REYCO GMBH.	IRAN
MCS INTERNATIONAL GMBH	IRAN
MCS ENGINEERING	IRAN
GOLDEN RESOURCES TRADING COMPANY L.L.C.	IRAN
CYLINDER SYSTEM L.T.D.	IRAN
AMIN INVESTMENT BANK	IRAN] [IRAN-EO13902
PARDIS INVESTMENT COMPANY	IRAN
MELLAT INSURANCE COMPANY	IRAN
IRAN & SHARGH COMPANY	IRAN
IRAN & SHARGH LEASING COMPANY	IRAN
TADBIR BROKERAGE COMPANY	IRAN
ZARIN RAFSANJAN CEMENT COMPANY	IRAN
RISHMAK PRODUCTIVE & EXPORTS COMPANY	IRAN
OMID REY CIVIL & CONSTRUCTION COMPANY	IRAN
BEHSAZ KASHANE TEHRAN CONSTRUCTION CO.	IRAN
ROYAL ARYA CO.	IRAN
HORMOZ OIL REFINING COMPANY	IRAN
GHAED BASSIR PETROCHEMICAL PRODUCTS COMPANY	IRAN] [IRAN-EO13876
PERSIA OIL & GAS INDUSTRY DEVELOPMENT CO.	IRAN] [IRAN-EO13876
PARS OIL CO.	IRAN] [IRAN-EO13876
COMMERCIAL PARS OIL CO.	IRAN
MARJAN PETROCHEMICAL COMPANY	IRAN
GHADIR INVESTMENT COMPANY	IRAN
SADAF PETROCHEMICAL ASSALUYEH COMPANY	IRAN
POLYNAR COMPANY	IRAN
ONE CLASS PROPERTIES (PTY) LTD.	IRAN
ONE VISION INVESTMENTS 5 (PTY) LTD.	IRAN
PARS MCS	IRAN
OIL INDUSTRY INVESTMENT COMPANY	IRAN
REY NIRU ENGINEERING COMPANY	IRAN] [IRAN-EO13876
SON, Mun San	NPWMD
KIM, Chol Sam	NPWMD
DAEDONG CREDIT BANK	NPWMD
DCB FINANCE LIMITED	NPWMD
MOHAMED HAMZA, Abd Al-Ra'Ouf Abu Zaid	SDGT
SWISS MANAGEMENT SERVICES SARL	IRAN
DI LAURO, Marco	TCO
RICCIO, Mario	TCO
MENNETTA, Antonio	TCO
ABETE, Mariano	TCO
GUARINO, Rosario	TCO
SEYYEDI, Seyed Nasser Mohammad	IRAN
KASB INTERNATIONAL LLC	IRAN
PETRO ROYAL FZE	IRAN
AA ENERGY FZCO	IRAN
PARSAEI, Reza	IRAN
TABATABAEI, Seyyed Mohammad Ali Khatibi	IRAN
ZIRACCHIAN ZADEH, Mahmoud	IRAN
MOHADDES, Seyed Mahmoud	IRAN
QABALAN, Muhammad	SDGT
MANSUR, Muhammad Yusuf Ahmad	SDGT
YAYLA, Bulut	SDGT
RIVERA MARADIAGA, Javier Eriberto	SDNTK
RIVERA MARADIAGA, Devis Leonel	SDNTK
RIVERA MARADIAGA, Santos Isidro	SDNTK
RIVERA CARDONA, Santos Isidro	SDNTK
MARADIAGA LOPEZ, Esperanza Caridad	SDNTK
RIVERA MARADIAGA, Maira Lizeth	SDNTK
GANADEROS AGRICULTORES DEL NORTE, S. DE R.L. DE C.V.	SDNTK
PALMA DEL BAJO AGUAN, S.A.	SDNTK
MINERA MI ESPERANZA, S.A.	SDNTK
INMOBILIARIA RIVERA MARADIAGA, S.A. DE C.V.	SDNTK
KHAN, Bahawal	SDGT
CUELLAR CASTRO, Luis Eduardo	SDNTK
RODRIGUEZ VASQUEZ, Fernain	SDNTK
RIOS HERNANDEZ, Juanita Del Carmen	SDNTK
DISTRIBUIDORA E IMPORTADORA DE PRODUCTOS MEDICOS DEL NORTE, S.A. DE C.V.	SDNTK
AZMARAI, Umar Siddique Kathio	SDGT
JAMIA TALEEM-UL-QURAN-WAL-HADITH MADRASSA	SDGT
LAHBOUS, Mohamed	SDGT
KAWTHARANI, Muhammad	SDGT
MENDOZA ROBLES, Eduardo	SDNTK
AL-HASSAN, Bassam	PAARSSR-EO13894
SUNGKAR, Said Ahmad	SDGT
ABDUL MAJID, Afif	SDGT
MOSKALENKO, Sergey Yevgeniyevich	TCO
RYBALSKIY, Yakov	TCO
MUHAMMAD JAMAL NETWORK	SDGT
AL-KASHIF, Muhammad Jamal 'Abd-al Rahim Ahmad	SDGT
ROZI, Pahlawan	SDNTK
ZHANG, Lei	SDNTK
CEC LIMITED	SDNTK
MIRA PEREZ, Fredy Alonso	SDNTK
BOKO HARAM	FTO] [SDGT
ANSARU	FTO] [SDGT
LOPEZ LONDONO, Henry de Jesus	SDNTK
LITVINOVA, Larisa Anatolievna	MAGNIT
KRATOV, Dmitry Borisovich	MAGNIT
GAUS, Alexandra Viktorovna	MAGNIT
TAGIYEV, Fikret	MAGNIT
ALISOV, Igor Borisovich	MAGNIT
MARKELOV, Viktor Aleksandrovich	MAGNIT
KLYUEV, Dmitry Vladislavovich	MAGNIT
STEPANOV, Vladlen Yurievich	MAGNIT
KHLEBNIKOV, Vyacheslav Georgievich	MAGNIT
MONTOYA USUGA, Alexander	SDNTK
MORENO TUBERQUIA, Carlos Antonio	SDNTK
LA OFICINA DE ENVIGADO	SDNTK
IRIE, Tadashi	TCO
HASHIMOTO, Hirofumi	TCO
MASAKI, Toshio	TCO
ISHIDA, Shoroku	TCO
QODS AVIATION INDUSTRIES	NPWMD] [IFSR] [IRAN-CON-ARMS-EO] [RUSSIA-EO14024
FAN PARDAZAN	NPWMD] [IFSR
VAKHAYEV, Musa	MAGNIT
SUGAIPOV, Umar	MAGNIT
KRECHETOV, Andrei Alexandrovich	MAGNIT
AL-SHIHABI, Usamah Amin	SDGT
KAHVARIN, Iradj Mohammadi	NPWMD] [IFSR
DAYENI, Mahmoud Mohammadi	NPWMD] [IFSR
IRAN AVIATION INDUSTRIES ORGANIZATION	NPWMD] [IFSR] [IRAN-CON-ARMS-EO
ERTEBAT GOSTAR NOVIN	NPWMD] [IFSR
AMIDI, Reza	NPWMD] [IFSR
EYVAZ TECHNIC MANUFACTURING COMPANY	NPWMD] [IFSR
MARO SANAT COMPANY	NPWMD] [IFSR
NAVID COMPOSITE MATERIAL COMPANY	NPWMD] [IFSR
NEGIN PARTO KHAVAR	NPWMD] [IFSR
AL-MULATHAMUN BATTALION	FTO] [SDGT
AL-HUMAYQANI, 'Abd al-Wahhab Muhammad 'Abd al-Rahman	SDGT
AL-NU'AYMI, 'Abd al-Rahman bin 'Umayr	SDGT
JAN, Lahore	SDNTK
LAHORE JAN SHANWARI EXCHANGE	SDNTK
FAWAZ, Mustapha Reda Darwish	SDGT
SAIFULLAH, Qari	SDGT
DURANGO RESTREPO, Jairo de Jesus	SDNTK
ALVAREZ PINEDA, Rafael	SDNTK
ROBAYO ESCOBAR, Carlos Jose	SDNTK
VARON CADENA, Greilyn Fernando	SDNTK
PALENCIA GONZALEZ, Cipriam Manuel	SDNTK
ANAYA MARTINEZ, Cesar Daniel	SDNTK
GUTIERREZ RENDON, Orlando	SDNTK
VARON CADENA, Ingrid Edith	SDNTK
VARON CADENA, Maribel	SDNTK
H Y J COMERCIALIZADORA INTERNACIONAL LTDA	SDNTK
COMERCIALIZADORA J DURANGO	SDNTK
INMOBILIARIA FER CADENA	SDNTK
LITOGRAFIA VARON	SDNTK
VARIEDADES BRITNEY	SDNTK
ANSAR AL-SHARI'A IN BENGHAZI	FTO] [SDGT
ANSAR AL-SHARI'A IN DARNAH	FTO] [SDGT
ANSAR AL-SHARI'A IN TUNISIA	FTO] [SDGT
HASSINE, Seifallah Ben	SDGT
KHATTALAH, Ahmed Abu	SDGT
QUMU, Abu Sufian Ibrahim Ahmed Hamuda Bin	SDGT
KASKAR, Shaikh Anis Ibrahim	SDNTK
AL-QADULI, Abd Al-Rahman Muhammad Mustafa	SDGT
AL-JUHNI, 'Abd Al-Rahman Muhammad Zafir Al-Dubaysi	SDGT
NAVARRO CERRANO, Victor Ramon	SDNTK
AL-NAKHALAH, Ziyad	SDGT
JAN, Saidullah	SDGT
HAQQANI, Yahya	SDGT
ZADRAN, Muhammad Omar	SDGT
ADVANCE ELECTRICAL AND INDUSTRIAL TECHNOLOGIES SL	NPWMD] [IFSR
PUNTI, Pere	NPWMD] [IFSR
TIVA SANAT GROUP	NPWMD] [IFSR
TIVA KARA CO. LTD.	NPWMD] [IFSR
TIVA POLYMER CO.	NPWMD] [IFSR
TIVA DARYA	NPWMD] [IFSR
CANKO, Ali	NPWMD] [IFSR
MALEKOUTI POUR, Hamidreza	SDGT] [IFSR
BLUE SKY AVIATION CO FZE	SDGT
MAHMOUDI, Gholamreza	SDGT] [IFSR
AVIA TRUST FZE	SDGT
KOSARAYANIFARD, Pejman Mahmood	SDGT
SEYED ALHOSSEINI, Akbar	SDGT] [IRGC] [IFSR
HEMMATI, Alireza	SDGT] [IRGC] [IFSR
SADIKOV, Olimzhon Adkhamovich	SDGT
AFKHAMI RASHIDI, Mahmud	SDGT] [IRGC] [IFSR
MUSAVI, Sayyed Kamal	SDGT] [IRGC] [IFSR
FELIX BELTRAN, Victor Manuel	SDNTK
ISHAQ, Malik	SDGT
LIMON SANCHEZ, Alfonso	SDNTK
ZAKHARCHENKO, Vitaliy Yuriyovych	UKRAINE-EO13660
KUDO-KAI	TCO
NOMURA, Satoru	TCO
TANOUE, Fumio	TCO
LOS VALLES DRUG TRAFFICKING ORGANIZATION	SDNTK
VALLE VALLE, Miguel Arnulfo	SDNTK
VALLE VALLE, Luis Alonso	SDNTK
VALLE VALLE, Jose Reynerio	SDNTK
INVERSIONES YOSARY	SDNTK
INVERSIONES LUISITO	SDNTK
INVERSIONES VALLE	SDNTK
FINCA LOS TRES REYES	SDNTK
YANUKOVYCH, Viktor Fedorovych	UKRAINE-EO13660
AKSYONOV, Sergey Valeryevich	UKRAINE-EO13660
TAMADDON, Morteza	IRAN-TRA
KONSTANTINOV, Vladimir Andreyevich	UKRAINE-EO13660
ROGOZIN, Dmitry Olegovich	UKRAINE-EO13661
MANGOK, Marial Chanuong Yol	SOUTH SUDAN
SURKOV, Vladislav Yurievich	UKRAINE-EO13661
GLAZYEV, Sergey	UKRAINE-EO13661
KLISHAS, Andrey Aleksandrovich	UKRAINE-EO13661] [RUSSIA-EO14024
MATVIYENKO, Valentina Ivanovna	UKRAINE-EO13661] [RUSSIA-EO14024
MIZULINA, Yelena Borisovna	UKRAINE-EO13661] [RUSSIA-EO14024
SLUTSKY, Leonid Eduardovich	UKRAINE-EO13661] [RUSSIA-EO14024
MEDVEDCHUK, Viktor	UKRAINE-EO13660
OZEROV, Viktor Alekseevich	UKRAINE-EO13661
DZHABAROV, Vladimir Mikhailovich	UKRAINE-EO13661] [RUSSIA-EO14024
TIMCHENKO, Gennady Nikolayevich	UKRAINE-EO13661] [RUSSIA-EO14024
YAKUNIN, Vladimir Ivanovich	UKRAINE-EO13661
ZHELEZNYAK, Sergei Vladimirovich	UKRAINE-EO13661
ROTENBERG, Arkady Romanovich	UKRAINE-EO13661] [RUSSIA-EO14024
MIRONOV, Sergey Mikhailovich	UKRAINE-EO13661] [RUSSIA-EO14024
ROTENBERG, Boris Romanovich	UKRAINE-EO13661] [RUSSIA-EO14024
BUSHMIN, Evgeni Viktorovich	UKRAINE-EO13661
RYZHKOV, Nikolai Ivanovich	UKRAINE-EO13661] [RUSSIA-EO14024
TOTOONOV, Aleksandr Borisovich	UKRAINE-EO13661
PANTELEEV, Oleg Evgenevich	UKRAINE-EO13661
FURSENKO, Andrei Alexandrovich	UKRAINE-EO13661
KOZHIN, Vladimir Igorevich	UKRAINE-EO13661] [RUSSIA-EO14024
CHALIY, Aleksei Mikhailovich	UKRAINE-EO13660
KOVALCHUK, Yuri Valentinovich	UKRAINE-EO13661] [RUSSIA-EO14024
BANK ROSSIYA	UKRAINE-EO13661
SERGUN, Igor Dmitrievich	UKRAINE-EO13661
CHEMEZOV, Sergei	UKRAINE-EO13661] [RUSSIA-EO14024
IVANOV, Sergei Borisovich	UKRAINE-EO13661] [RUSSIA-EO14024
GROMOV, Alexei Alexeyevich	UKRAINE-EO13661] [ELECTION-EO13848
IVANOV, Victor Petrovich	UKRAINE-EO13661
NARYSHKIN, Sergey Yevgenyevich	UKRAINE-EO13661] [RUSSIA-EO14024
SECHIN, Igor Ivanovich	UKRAINE-EO13661] [RUSSIA-EO14024
ISLAMIC STATE OF IRAQ AND SYRIA - DEMOCRATIC REPUBLIC OF THE CONGO	FTO] [SDGT] [DRCONGO
BABAKOV, Alexander Mikhailovich	UKRAINE-EO13661] [RUSSIA-EO14024
KOZAK, Dmitry	UKRAINE-EO13661
SKOCH, Andrei Vladimirovich	UKRAINE-EO13661] [RUSSIA-EO14024
PUSHKOV, Alexei Konstantinovich	UKRAINE-EO13661] [RUSSIA-EO14024
BARROS, Francisco de Fatima Frederico	SDNTK
VOLODIN, Vyacheslav Victorovich	UKRAINE-EO13661] [RUSSIA-EO14024
ZIMA, Pyotr Anatoliyovych	UKRAINE-EO13660
YANUKOVYCH, Oleksandr Viktorovych	UKRAINE-EO13660
BOZIZE, Francois	CAR
ADAM, Noureddine	CAR
MISKINE, Abdoulaye	CAR
PEREZ OCAMPO, German Alberto	SDNTK
PEREZ OCAMPO, Santiago	SDNTK
COMPRA VENTA GERPEZ	SDNTK
MUROV, Evgeniy Alekseyevich	UKRAINE-EO13661
STAVYTSKY, Eduard Anatoliyovych	UKRAINE-EO13660
CHERNOMORNEFTEGAZ	UKRAINE-EO13660
ARBUZOV, Serhiy	UKRAINE-EO13660
BARBATO, Francesco	TCO
PANARO, Nicola	TCO
PANARO, Sebastiano	TCO
SCHIAVONE, Nicola	TCO
SCHIAVONE, Vincenzo	TCO
DJOTODIA, Michel	CAR
TEMIRGALIEV, Rustam Ilmirovich	UKRAINE-EO13660
ZHEREBTSOV, Yuriy Gennadievych	UKRAINE-EO13660
MEDVEDEV, Valery Kirillovich	UKRAINE-EO13660
MALYSHEV, Mikhail Grigorevich	UKRAINE-EO13660
TSEKOV, Serhiy Pavlovich	UKRAINE-EO13660] [RUSSIA-EO14024
AZAROV, Mykola Yanovych	UKRAINE-EO13660
ISIS-SINAI PROVINCE	FTO] [SDGT
KLYUYEV, Andriy Petrovych	UKRAINE-EO13660
BELAVENCEV, Oleg Evgenyevich	UKRAINE-EO13661
CORADO PORTILLO, Jenny Judith	TCO
BIESTRA S.A.	SDNTK
GLOBANTY S.A.S.	SDNTK
LILIANA ESQUENAZI M. & CIA. S. C. S.	SDNTK
OOO VOLGA GROUP	UKRAINE-EO13661] [RUSSIA-EO14024
OOO TRANSOIL	UKRAINE-EO13661] [RUSSIA-EO14024
AQUANIKA	UKRAINE-EO13661
INVESTCAPITALBANK	UKRAINE-EO13661
CJSC ZEST	UKRAINE-EO13661
JSB SOBINBANK	UKRAINE-EO13661
KARNER, Alenka	SDNTK
KARNER, Matevz	SDNTK
HU, Yongan	SDNTK
ZHANG, Jicheng	SDNTK
WANG, Guoying	SDNTK
SAKHATRANS LLC	UKRAINE-EO13661
AVIA GROUP LLC	UKRAINE-EO13661
AVIA GROUP NORD LLC	UKRAINE-EO13661
STROYGAZMONTAZH	UKRAINE-EO13661
SMP BANK	UKRAINE-EO13661] [RUSSIA-EO14024
STROYTRANSGAZ HOLDING	UKRAINE-EO13661
STROYTRANSGAZ GROUP	UKRAINE-EO13661
STROYTRANSGAZ OJSC	UKRAINE-EO13661
STROYTRANSGAZ-M LLC	UKRAINE-EO13661
STROYTRANSGAZ LLC	UKRAINE-EO13661
THE LIMITED LIABILITY COMPANY INVESTMENT COMPANY ABROS	UKRAINE-EO13661
BAMEX LIMITED	SDNTK
NORTHSTAR TRADING CORPORATION	SDNTK
KALLIOPE LIMITED	SDNTK
PANYA AG	SDNTK
MERIDEIS D.O.O.	SDNTK
VELINVESTMENT D.O.O.	SDNTK
PALEA D.O.O.	SDNTK
SUCCESS MOVE LTD.	NPWMD] [IFSR
DALIAN ZHONGCHUANG CHAR-WHITE CO., LTD.	NPWMD] [IFSR
TEREAL INDUSTRY AND TRADE LIMITED	NPWMD] [IFSR
DALIAN ZHENGHUA MAOYI YOUXIAN GONGSI	NPWMD] [IFSR
KARAT INDUSTRY CO., LTD.	NPWMD] [IFSR
MTTO INDUSTRY AND TRADE LIMITED	NPWMD] [IFSR
SINOTECH INDUSTRY CO., LTD.	NPWMD] [IFSR
SINOTECH DALIAN CARBON AND GRAPHITE MANUFACTURING CORPORATION	NPWMD] [IFSR
SAZEH MORAKAB CO. LTD	NPWMD] [IFSR
GHOLAMI, Ali	NPWMD] [IFSR
BOZORG, Marzieh	NPWMD] [IFSR
PABAS HOLDING CORP.	SDNTK
NORTH GROUP HOLDING CORP.	SDNTK
FEDERAL STATE UNITARY ENTERPRISE STATE RESEARCH AND PRODUCTION ENTERPRISE BAZALT	UKRAINE-EO13661] [RUSSIA-EO14024
KONSTRUKTORSKOE BYURO PRIBOROSTROENIYA OTKRYTOE AKTSIONERNOE OBSHCHESTVO	UKRAINE-EO13661
JOINT STOCK COMPANY AEROSPACE DEFENSE CONCERN ALMAZ-ANTEY	UKRAINE-EO13661] [RUSSIA-EO14024
JOINT STOCK COMPANY CONCERN RADIO ELECTRONIC TECHNOLOGIES	UKRAINE-EO13661] [RUSSIA-EO14024
JOINT STOCK COMPANY CONCERN SOZVEZDIE	UKRAINE-EO13661
JOINT STOCK COMPANY MILITARY-INDUSTRIAL CORPORATION NPO MASHINOSTROYENIA	UKRAINE-EO13661] [RUSSIA-EO14024
JOINT STOCK COMPANY SCIENTIFIC AND PRODUCTION CORPORATION URALVAGONZAVOD NAMED AFTER F E DZERZHINSKY	UKRAINE-EO13661] [RUSSIA-EO14024
JOINT STOCK COMPANY UNITED SHIPBUILDING CORPORATION	UKRAINE-EO13661] [RUSSIA-EO14024
LOUIE, Daniel Maurice	SDNTK
LOUIE, Kevin Gim	SDNTK
LOUIE, Francine Denise	SDNTK
PRIMUS, Tramayne John	SDNTK
SOURCE1HERBS	SDNTK
RESEARCH FX CONSULTANTS LIMITED	SDNTK
LEADING EDGE SOURCING CORPORATION	SDNTK
BOYLE CHEMICAL CO., LTD.	SDNTK
CHUOL, James Koang	SOUTH SUDAN
JOINT STOCK COMPANY CONCERN KALASHNIKOV	UKRAINE-EO13661] [RUSSIA-EO14024
GADET, Peter	SOUTH SUDAN
NEVEROV, Sergey Ivanovich	UKRAINE-EO13661] [RUSSIA-EO14024
MENYAILO, Sergei Ivanovich	UKRAINE-EO13660
PONOMARYOV, Vyacheslav	UKRAINE-EO13660
KAUROV, Valery Vladimirovich	UKRAINE-EO13660
SAVELYEV, Oleg Genrikhovich	UKRAINE-EO13661
PURGIN, Andrey Yevgenyevich	UKRAINE-EO13660
KOZYURA, Oleg Grigorievich	UKRAINE-EO13660
FEODOSIYA ENTERPRISE	UKRAINE-EO13660
PUSHILIN, Denis	UKRAINE-EO13660
BESEDA, Sergey	UKRAINE-EO13661
GIRKIN, Igor Vsevolodovich	UKRAINE-EO13660
BOLOTOV, Valery	UKRAINE-EO13660
ECHEVERRI PAREJA, Oscar Alonso	SDNTK
ACUAMATERIALES Y CIA. LIMITADA	SDNTK
BIDOGNETTI, Francesco	TCO
AL-BADANI, Shawki Ali Ahmed	SDGT
DELIMKHANOV, Adam Sultanovich	TCO] [RUSSIA-EO14024
SCHIAVONE, Francesco	TCO
GILL, Muhammad Hussein	SDGT
CHAUDHRY, Nazir Ahmad	SDGT
EXPERT PARTNERS	NPWMD
MEGATRADE	NPWMD
QUISPE PALOMINO, Victor	SDNTK] [SDGT
ROMERO RODRIGUEZ, Alexis	SDNTK
BUSTAMANTE JARAMILLO, Luis Carlos	SDNTK
MEDINA DIAZ, Herman De Jesus	SDNTK
VTB BANK PUBLIC JOINT STOCK COMPANY	UKRAINE-EO13662] [IRAN-EO13902] [RUSSIA-EO14024
STATE CORPORATION BANK FOR DEVELOPMENT AND FOREIGN ECONOMIC AFFAIRS VNESHECONOMBANK	UKRAINE-EO13662] [RUSSIA-EO14024
GAZPROMBANK JOINT STOCK COMPANY	UKRAINE-EO13662] [RUSSIA-EO14024
BM BANK JSC	UKRAINE-EO13662] [RUSSIA-EO14024
PUBLIC JOINT STOCK COMPANY SBERBANK OF RUSSIA	UKRAINE-EO13662] [RUSSIA-EO14024
DONBASS PEOPLE'S MILITIA	UKRAINE-EO13660
OPEN JOINT-STOCK COMPANY ROSNEFT OIL COMPANY	UKRAINE-EO13662] [RUSSIA-EO14024
LUHANSK PEOPLE'S REPUBLIC	UKRAINE-EO13660] [RUSSIA-EO14065
BORODAY, Alexander Yuryevich	UKRAINE-EO13660] [RUSSIA-EO14024
MESA VALLEJO, Juan Carlos	SDNTK
HERNANDEZ GRISALES, Jesus David	SDNTK
RAMIREZ GARCIA, Freyner Alfonso	SDNTK
MEDINA CARDONA, Rubiel	SDNTK
GONZALEZ VASQUEZ, Julian Andrey	SDNTK
ROJAS, Edinson Rodolfo	SDNTK
AMHAZ, Kamel Mohamad	SDGT
IBRAHIM, Ayman	SDGT
ZEAITER, Ali	SDGT
STARS GROUP HOLDING	SDGT
UNIQUE STARS MOBILE PHONES LLC	SDGT
STARS INTERNATIONAL LTD	SDGT
STARS COMMUNICATIONS LTD	SDGT
TELESERVE PLUS SAL	SDGT
STARS COMMUNICATIONS OFFSHORE SAL	SDGT
FASTLINK SARL	SDGT
DALE, Anders Cameroon Ostensvig	SDGT
MUNOZ AGUDELO, Diego Alberto	SDNTK
RIOS LOPEZ, Didier de Jesus	SDNTK
SHCHEGOLEV, Igor Olegovich	UKRAINE-EO13661] [RUSSIA-EO14024
DONETSK PEOPLE'S REPUBLIC	UKRAINE-EO13660] [RUSSIA-EO14065
AL-ADNANI, Abu Mohammed	SDGT
CHONGCHONGANG SHIPPING COMPANY LIMITED	DPRK
OCEAN MARITIME MANAGEMENT COMPANY LIMITED	DPRK
CHONG CHON GANG	DPRK
BEZLER, Igor Nikolayevich	UKRAINE-EO13660
AM NOK GANG	DPRK
BAEK MA KANG	DPRK
DAI HONG DAN	DPRK
HWANG GUM SAN 2	DPRK
HYOK SIN 2	DPRK
JANG JA SAN CHONG NYON HO	DPRK
JON JIN 2	DPRK
DOK CHON	DPRK
MU DU BONG	DPRK
O UN CHONG NYON HO	DPRK
PO THONG GANG	DPRK
PHO THAE	DPRK
PI RUY GANG	DPRK
DONKO, Dejan	SDNTK
SAGAX INVESTMENT GROUP LTD.	SDNTK
KARNER D.O.O. LJUBLJANA	SDNTK
AMMERSHAM COMMERCIAL VENTURES LIMITED	SDNTK
PANACEA INTERNATIONAL LTD.	SDNTK
RAK WON 2	DPRK
RYONG GANG 2	DPRK
RYONG GUN BONG	DPRK
TAE DONG GANG	DPRK
ISAZA SANCHEZ, Felix Alberto	SDNTK
ISAZA SANCHEZ, Nelson Dario	SDNTK
ARREDONDO ORTIZ, Carlos Arturo	SDNTK
QUISPE PALOMINO, Jorge	SDNTK] [SDGT
FLORES HALA, Florindo Eleuterio	SDNTK
RUDENKO, Miroslav Vladimirovich	UKRAINE-EO13660
PUBLIC JOINT STOCK COMPANY GAZPROM NEFT	UKRAINE-EO13662] [RUSSIA-EO14024
SURGUTNEFTEGAS	UKRAINE-EO13662] [RUSSIA-EO14024
CABRERA SARABIA, Felipe	SDNTK
CABRERA SARABIA, Alejandro	SDNTK
CABRERA SARABIA, Jose Luis	SDNTK
HAJI BASIR AND ZARJMIL COMPANY HAWALA	SDGT
BASIR, Haji Abdul	SDGT
RAHMAT, Qari	SDGT
KHAVARMIANEH BANK	IRAN] [IRAN-EO13902
GHARZOLHASANEH RESALAT BANK	IRAN] [IRAN-EO13902
KISH INTERNATIONAL BANK	IRAN
KAFOLATBANK	IRAN
ARAUJO URIARTE, Alejandra	SDNTK
SHALAN, Abd Al Nur	SDGT
TSARYOV, Oleh Anatolievich	UKRAINE-EO13660
IQBAL, Muhammad	SDGT
ASMA MONEY EXCHANGERS	SDGT
AL-'ANIZI, 'Abd al-Rahman Khalaf 'Ubayd Juday'	SDGT
NEKLYUDOV, Dmitry Sergeyevich	UKRAINE-EO13660
BEREZIN, Fedor	UKRAINE-EO13660
ARIF, Said	SDGT
MUJAHIDIN SHURA COUNCIL IN THE ENVIRONS OF JERUSALEM	SDGT
KHRYAKOV, Alexander	UKRAINE-EO13660
AL-'ALI, Hamid Hamad Hamid	SDGT
IMANIRAD, Mohammad Javad	NPWMD] [IFSR
IMANIRAD, Arman	NPWMD] [IFSR
ZAKHARCHENKO, Alexander	UKRAINE-EO13660
THE ORGANIZATION OF DEFENSIVE INNOVATION AND RESEARCH	NPWMD] [IFSR
HOSSEINI, Sayyed Jabar	SDGT] [IFSR
CASPIAN AIRLINES	SDGT] [IFSR
MERAJ AIR	SDGT] [IFSR
ASIAN AVIATION LOGISTICS COMPANY LIMITED	SDGT] [IFSR
PIONEER LOGISTICS	SDGT] [IFSR
JAHAN TECH ROOYAN PARS	NPWMD] [IFSR
MANDEGAR BASPAR KIMIYA COMPANY	NPWMD] [IFSR
KOZITSYN, Nikolai	UKRAINE-EO13660
SAVCHENKO, Petr	UKRAINE-EO13660
PROFAKTOR, TOV	UKRAINE-EO13660
LUKOIL OAO	UKRAINE-EO13662] [RUSSIA-EO14024
OAO 'DOLGOPRUDNY RESEARCH PRODUCTION ENTERPRISE'	UKRAINE-EO13661
JSC V. TIKHOMIROV SCIENTIFIC RESEARCH INSTITUTE OF INSTRUMENT DESIGN	UKRAINE-EO13661
FREEZER AIR CONTRACTOR S.A.	SDNTK
QUALITY AUTOS S.A.	SDNTK
MYTISHCHI MACHINE BUILDING PLANT	UKRAINE-EO13661] [RUSSIA-EO14024
GUBAREV, Pavel	UKRAINE-EO13660
JOINT STOCK COMPANY ALMAZ-ANTEY AIR DEFENSE CONCERN MAIN SYSTEM DESIGN BUREAU NAMED BY ACADEMICIAN A.A. RASPLETIN	UKRAINE-EO13661
KALININ MACHINE PLANT JSC	UKRAINE-EO13661
STATE CORPORATION ROSTEC	UKRAINE-EO13662] [RUSSIA-EO14024
POKLONSKAYA, Natalia Vladimirovna	UKRAINE-EO13660
ANTYUFEYEV, Vladimir	UKRAINE-EO13660
WOL, Santino Deng	SOUTH SUDAN
KHALIL, Fazl-ur Rehman	SDGT
HILAL AHMAR SOCIETY INDONESIA	SDGT
SHEIKH, Muhammad Naeem	SDGT
ABDUL HAMEED SHAHAB-UD-DIN	SDGT
SHEIKH, Umair Naeem	SDGT
NIA INTERNATIONAL	SDGT
PERSHADA, Angga Dimas	SDGT
SUKIRNO, Bambang	SDGT
SANTOSO, Wiji Joko	SDGT
KELMENDI, Liridon	SDNTK
IMAMOVIC, Nusret	SDGT
SALEH, Mohammed Abdel-Halim Hemaida	SDGT
MARGOSHVILI, Murad	SDGT
AL-ABSI, Amru	SDGT
BATIRASHVILI, Tarkhan Tayumurazovich	SDGT
SALMAN, Maalim	SDGT
AL-SHAMMARI, Hamad Awad Dahi Sarhan	SDGT
AL-FADHIL, 'Abd al-Aziz Aday Zimin	SDGT
MUHAXHERI, Lavdrim	SDGT
JAISH AL-MUHAJIREEN WAL-ANSAR	SDGT
AL-BAKR, Ibrahim 'Isa Hajji Muhammad	SDGT
'ABD AL-SALAM, 'Abd al-Malik Muhammad Yusuf 'Uthman	SDGT
'ABD AL-SALAM, Ashraf Muhammad Yusuf 'Uthman	SDGT
BENGHALEM, Salim	SDGT
DAUDOV, Magomed Khozhakhmedovich	MAGNIT
AL-NAJDI, Muhannad	SDGT
FATEH, Abdessamad	SDGT
HASAR, Fatih	SDGT
HARAKAT SHAM AL-ISLAM	SDGT
AZZOUZ, Abd al-Baset	SDGT
ZDRILIUK, Serhii Anatoliyovych	UKRAINE-EO13660
KELMENDI, Elvis	SDNTK
KELMENDI, Donata	SDNTK
KELMENDI, Besnik	SDNTK
NIGHT WOLVES	UKRAINE-EO13660
ZALDOSTANOV, Aleksandr	UKRAINE-EO13660
MIHOUB, Qusay	PAARSSR-EO13894
DONATA COMPANY D.O.O.	SDNTK
HOTEL CASA GRANDE - SARAJEVO, BOSNIA AND HERZEGOVINA	SDNTK
BILAKHIA, Aziz Moosa	SDNTK
MEHRAN PAPER MILL	SDNTK
MAWAFI, Ramzi	SDGT
SAID, Khan	SDGT
AL-HUTHI, Abd al-Khaliq	YEMEN
AL HAKIM, Abdullah Yahya	YEMEN
SALEH, Ali Abdullah	YEMEN
PLOTNITSKY, Igor Venediktovich	UKRAINE-EO13660
MOZGOVOY, Aleksey	UKRAINE-EO13660
ALAUDINOV, Apti Kharonovich	MAGNIT
MALOFEYEV, Konstantin	UKRAINE-EO13660] [RUSSIA-EO14024
MARSHALL CAPITAL PARTNERS	UKRAINE-EO13660
OPLOT	UKRAINE-EO13660
KARYAKIN, Alexei Vyacheslavovich	UKRAINE-EO13660
SOUTH-EAST MOVEMENT	UKRAINE-EO13660
NOVOROSSIYA PARTY	UKRAINE-EO13660
GRIN, Victor Yakovlevich	MAGNIT
STRIZHOV, Andrei Alexandrovich	MAGNIT
AJNAD MISR	SDGT
DOURAN SOFTWARE TECHNOLOGIES	IRAN-TRA
ABYSSEC	IRAN-HR
PREDSTAVNISTVO CASAGRANDE EXPORT-IMPORT	SDNTK
HOTEL CASA GRANDE - ULCINJ, MONTENEGRO	SDNTK
KIM, Yong Chol	DPRK2
JANG, Yong Son	DPRK2
RYU, Jin	DPRK2
KIM, Kwang Chun	DPRK2
KIM, Kwang Yon	DPRK2
KIL, Jong Hun	DPRK2
JANG, Song Chol	DPRK2
KIM, Sok Chol	DPRK2
KIM, Kyu	DPRK2
YU, Kwang Ho	DPRK2
N.P.T.T. DONA-SHELL	SDNTK
KANG, Ryong	DPRK2
AL-ASHQAR, 'Abdallah	SDGT
FAZLULLAH, Maulana	SDGT
CARTEL DE JALISCO NUEVA GENERACION	SDNTK] [FTO] [SDGT] [ILLICIT-DRUGS-EO14059
LOS CUINIS	SDNTK
GONZALEZ VALENCIA, Abigael	SDNTK
OSEGUERA CERVANTES, Ruben	SDNTK] [SDGT] [ILLICIT-DRUGS-EO14059
CUSPERT, Denis Mamadou	SDGT
GALLON HENAO, Juan Santiago	SDNTK
CARTAGENA BENITEZ, Octavio	SDNTK
KHODAKOVSKYY, Oleksandr Sergeyevich	UKRAINE-EO13660
IVAKIN, Yuriy Vladimirovich	UKRAINE-EO13660
ABISOV, Sergei	UKRAINE-EO13660
GUBAREVA, Ekaterina	UKRAINE-EO13660] [RUSSIA-EO14024
RUSSIAN NATIONAL COMMERCIAL BANK	UKRAINE-EO13685
EURASIAN YOUTH UNION	UKRAINE-EO13660
DUGIN, Aleksandr	UKRAINE-EO13660
KOVALENKO, Andrey	UKRAINE-EO13660
KANISHCHEV, Pavel	UKRAINE-EO13660
LYAGIN, Roman	UKRAINE-EO13660
KARAMAN, Aleksandr	UKRAINE-EO13660
RASHID BALUCH, Abdul	SDGT
BOHATYRIOVA, Raisa Vasylivna	UKRAINE-EO13660
AMIGO SUPERMARKET LIMITED	SDGT
WONDERLAND AMUSEMENT PARK AND RESORT LTD	SDGT
KAFAK ENTERPRISES LIMITED	SDGT
FAWAZ, Fouzi Reda Darwish	SDGT
KODO-KAI	TCO
TAKEUCHI, Teruaki	TCO
TAHINI, Abdallah Asad	SDGT
HARINGHTON PADRON, Katherine Nayarith	VENEZUELA
BENAVIDES TORRES, Antonio Jose	VENEZUELA
NOGUERA PIETRI, Justo Jose	VENEZUELA
GONZALEZ LOPEZ, Gustavo Enrique	VENEZUELA
VIVAS LANDINO, Miguel Alcides	VENEZUELA
BERNAL MARTINEZ, Manuel Gregorio	VENEZUELA
PEREZ URDANETA, Manuel Eduardo	VENEZUELA
SIGMA TECH COMPANY	NPWMD
SHADI FOR CARS TRADING	NPWMD
DENISE COMPANY	NPWMD
FERNANDEZ VALENCIA, Guadalupe	SDNTK
BRIONES RUIZ, Abel	SDNTK
NIETO GONZALEZ, Rogelio	SDNTK
BEATTIE DE BRIONES, Myriam Susana	SDNTK
BRIONES RUIZ, Claudia Aide	SDNTK
RUIZ DE BRIONES, Magdalena	SDNTK
COMBUSTIBLES BRIONES, S.A. DE C.V.	SDNTK
AL HOUTHI, Abdul Malik	YEMEN
SALEH, Ahmed Ali	YEMEN
ERAZO NOLASCO, Eduardo	TCO
MENDOZA FIGUEROA, Jose Luis	TCO
CANALES RIVERA, Elmer	TCO
HARZI, Ali Ouni	SDGT
KARATE, Mahad	SDGT
DIRIYE, Ahmed	SDGT
MAZIOTIS, Nikolaos	SDGT
XIROS, Christodoulos	SDGT
STATE ENTERPRISE KERCH SEA COMMERCIAL PORT	UKRAINE-EO13685
AL-KA'BI, Sa'd bin Sa'd Muhammad Shariyan	SDGT
AL-KAWARI, 'Abd al-Latif Bin 'Abdallah Salih Muhammad	SDGT
FARAH, Meliad	SDGT
HASSAN, Hassan el-Hajj	SDGT
ATRIS, Hussein	SDGT
ALVAREZ INZUNZA, Juan Manuel	SDNTK
OLIVAS CHAIDEZ, Jose	SDNTK
NUEVA ATUNERA TRITON S.A. DE C.V.	SDNTK
OPERADORA EFICAZ PEGASO	SDNTK
AG & CARLON, S.A. DE C.V.	SDNTK
BRIC INMOBILIARIA	SDNTK
CONSULTORIA INTEGRAL LA FUENTE, SOCIEDAD CIVIL	SDNTK
GRUPO DIJEMA, S.A. DE C.V.	SDNTK
PLAZA LOS TULES	SDNTK
XAMAN HA CENTER	SDNTK
AHOME REAL ESTATE, S.A. DE C.V.	SDNTK
INTERCORP LEGOCA, S.A. DE C.V.	SDNTK
LA FIRMA MIRANDA, S.A. DE C.V.	SDNTK
SANCHEZ CARLON, Diana Maria	SDNTK
CAMACHO CAZARES, Jeniffer Beaney	SDNTK
SANCHEZ CARLON, Silvia Romina	SDNTK
TORRES GONZALEZ, Fernando	SDNTK
HOTELITO DESCONOCIDO	SDNTK
HD COLLECTION, S.A. DE C.V.	SDNTK
W&G ARQUITECTOS, S.A. DE C.V.	SDNTK
CIRCULO COMERCIAL TOTAL DE PRODUCTOS, S.A. DE C.V.	SDNTK
AMARAL AREVALO, Wendy Dalaithy	SDNTK
AL-NASER AIRLINES	SDGT] [IFSR
SKY BLUE BIRD AVIATION	SDGT] [IFSR
SHAMMOUT, Issam	SDGT] [IFSR
MSN 391	SDGT] [NPWMD] [IFSR
MSN 449	SDGT] [NPWMD] [IFSR
MSN 416	SDGT] [NPWMD] [IFSR
MSN 371	SDGT] [NPWMD] [IFSR
MSN 376	SDGT] [NPWMD] [IFSR
MSN 383	SDGT] [NPWMD] [IFSR
MSN 615	SDGT] [NPWMD] [IFSR
MSN 164	SDGT] [NPWMD] [IFSR
MSN 550	SDGT] [NPWMD] [IFSR
ARENAS DE LORETO	SDNTK
TABAJA, Adham Husayn	SDGT
AL-INMAA GROUP FOR TOURISM WORKS, LLC	SDGT
AL-INMAA ENGINEERING AND CONTRACTING	SDGT
AL-INMAA FOR ENTERTAINMENT AND LEISURE PROJECTS	SDGT
CAR CARE CENTER	SDGT
FA'UR, Husayn Ali	SDGT
HEJEIJ, Kassem	SDGT
JOK RIAK, Gabriel	SOUTH SUDAN
DUAL, Simon Gatwech	SOUTH SUDAN
ALTAF KHANANI MONEY LAUNDERING ORGANIZATION	TCO
OJSC ORENBURGNEFT	UKRAINE-EO13662] [RUSSIA-EO14024
EXIMBANK OF RUSSIA JSC	UKRAINE-EO13662] [RUSSIA-EO14024
OJSC SAMOTLORNEFTEGAZ	UKRAINE-EO13662] [RUSSIA-EO14024
PJSC VERKHNECHONSKNEFTEGAZ	UKRAINE-EO13662] [RUSSIA-EO14024
RUSSIAN AGENCY FOR EXPORT CREDIT AND INVESTMENT INSURANCE OJSC	UKRAINE-EO13662] [RUSSIA-EO14024
JSC VEB.DV	UKRAINE-EO13662] [RUSSIA-EO14024
CJSC VANKORNEFT	UKRAINE-EO13662] [RUSSIA-EO14024
RN-YUGANSKNEFTEGAZ LLC	UKRAINE-EO13662] [RUSSIA-EO14024
LLC INFRASTRUCTURE MOLZHANINOVO	UKRAINE-EO13662] [RUSSIA-EO14024
OJSC NOVOKUYBYSHEV REFINERY	UKRAINE-EO13662] [RUSSIA-EO14024
RN KOMSOMOLSKIY REFINERY LLC	UKRAINE-EO13662] [RUSSIA-EO14024
VEB CAPITAL	UKRAINE-EO13662] [RUSSIA-EO14024
VEB ENGINEERING LLC	UKRAINE-EO13662] [RUSSIA-EO14024
VEB LEASING OJSC	UKRAINE-EO13662] [RUSSIA-EO14024
OJSC SYZRAN REFINERY	UKRAINE-EO13662] [RUSSIA-EO14024
BANK BELVEB OJSC	UKRAINE-EO13662] [RUSSIA-EO14024
OJSC ACHINSK REFINERY	UKRAINE-EO13662] [RUSSIA-EO14024
VEB ASIA LIMITED	UKRAINE-EO13662] [RUSSIA-EO14024
ROSNEFT TRADING S.A.	UKRAINE-EO13662] [VENEZUELA-EO13850
PAANANEN, Kai	UKRAINE-EO13661
USACHEV, Oleg	UKRAINE-EO13661
AIRFIX AVIATION OY	UKRAINE-EO13661
SOUTHEAST TRADING OY	UKRAINE-EO13661
SET PETROCHEMICALS OY	UKRAINE-EO13661
KOLBIN, Petr	UKRAINE-EO13661
SOUTHPORT MANAGEMENT SERVICES LIMITED	UKRAINE-EO13661
IPP OIL PRODUCTS (CYPRUS) LIMITED	UKRAINE-EO13661
ROTENBERG, Roman Borisovich	UKRAINE-EO13661] [RUSSIA-EO14024
OY LANGVIK CAPITAL LTD	UKRAINE-EO13661
BULYUTIN, Andrey	UKRAINE-EO13661
OMELCHENKO, Aleksander	UKRAINE-EO13661
STATE ENTERPRISE YALTA SEA TRADING PORT	UKRAINE-EO13685
IZHEVSKY MEKHANICHESKY ZAVOD JSC	UKRAINE-EO13661
OPEN JOINT STOCK COMPANY 'KONTSERN IZHMASH'	UKRAINE-EO13661
STATE SHIPPING COMPANY KERCH SEA FERRY	UKRAINE-EO13685
STATE ENTERPRISE EVPATORIA SEA COMMERCIAL PORT	UKRAINE-EO13685
STATE ENTERPRISE FEODOSIA SEA TRADING PORT	UKRAINE-EO13685
STATE ENTERPRISE SEVASTOPOL SEA TRADING PORT	UKRAINE-EO13685
KURCHENKO, Sergey Vitalievich	UKRAINE-EO13660
PRIVATE JOINT-STOCK COMPANY MAKO HOLDING	UKRAINE-EO13660
LAI, Leonard	DPRK
SENAT SHIPPING LIMITED	DPRK
DAWNLIGHT	DPRK
HAQQANI, Abdul Aziz	SDGT
AQIL, Ibrahim	SDGT
SHUKR, Fu'ad	SDGT
J & P ADVERTISING, S.A. DE C.V.	SDNTK
JJGON, S.P.R. DE R.L. DE C.V.	SDNTK
LAS FLORES CABANAS	SDNTK
MIZU SUSHI LOUNGE	SDNTK
ONZE BLACK	SDNTK
FEO ALVARADO, Alveiro	SDNTK
VALGO GRUPO DE INVERSION S.A. DE C.V.	SDNTK
YEKATOM, Alfred	CAR
SOUSSOU, Habib	CAR
YOUNOUS, Oumar	CAR
BADICA	CAR
KARDIAM	CAR
AL 'ANABI, Abu 'Ubaydah Yusuf	SDGT
MUSHTAHA, Rawhi	SDGT
SINWAR, Yahya	SDGT
DEIF, Muhammed	SDGT
AL-ARURI, Salih	SDGT
SALAH, Mahir Jawad Yunis	SDGT
AL-AGHA, Abu Ubaydah Khayri Hafiz	SDGT
ASYAF INTERNATIONAL HOLDING GROUP FOR TRADING AND INVESTMENT	SDGT
AL ZAROONI EXCHANGE	TCO
AWAN, Paul Malong	SOUTH SUDAN
HWANG, Su Man	DPRK2
EKO DEVELOPMENT AND INVESTMENT COMPANY	DPRK2
KIM, Kyong Nam	NPWMD
KO, Tae Hun	NPWMD
JANG, Bom Su	NPWMD
CHOE, Song Il	NPWMD
KIM, Jung Jong	NPWMD
JON, Myong Guk	NPWMD
STRATEGIC ROCKET FORCE OF THE KOREAN PEOPLE'S ARMY	NPWMD
ZAPATA BERRIO, Jorge Oswaldo	SDNTK
MAYA RIOS, Edison	SDNTK
MOTOS Y REPUESTOS JOTA	SDNTK
AL-HARBI, Nasir Muhammad 'Awad al-Ghidani	SDGT
AL-RUMAYSH, Mu'tassim Yahya 'Ali	SDGT
LAABOUDI, Morad	SDGT
AL-SHAWAKH, Ali Musa	SDGT
AL-JABURI, Sami Jasim Muhammad	SDGT
ALJARBA, Tarad Mohammad	SDGT
HUSSAIN, Omar	SDGT
AL-KARMUSH, Muwaffaq Mustafa Muhammad	SDGT
AL-SHA'IRI, Husayn Al-Salihin Salih	SDGT
CHAD, Mustapha	SDGT
HELAL, Mounir Ben Dhaou Ben Brahim Ben	SDGT
BURITICA HINCAPIE, Geova	SDNTK
KHAN, Hafiz Saeed	SDGT
FEBRIWANSYAH, Tuah	SDGT
IBRAHIM, Muhammad Sholeh	SDGT
LOS CHATAS	SDNTK
MAHMOOD, Aqsa	SDGT
JONES, Sally-Anne Frances	SDGT
MUJAHIDIN INDONESIA TIMUR	SDGT
KONIG, Emilie	SDGT
CHERIF, Peter	SDGT
KHALIMOV, Gulmurod	SDGT
ALI HAKIM, Boubaker Ben Habib Ben	SDGT
ISLAMIC STATE OF IRAQ AND THE LEVANT - CAUCASUS PROVINCE	SDGT
HAUCHARD, Maxime	SDGT
ASELDEROV, Rustam	SDGT
GAZIYEV, Tarkhan Ismailovich	SDGT
IZMAYLOV, Shamil	SDGT
JUND AL-KHILAFAH IN ALGERIA	SDGT
MUTHANA, Nasser	SDGT
ERDOGAN, Emrah	SDGT
ISIL KHORASAN	FTO] [SDGT
CHATAYEV, Akhmed	SDGT
GUCHAYEV, Zaurbek	SDGT
MUTHANA, Aseel	SDGT
ATABIYEV, Islam Seit-Umarovich	SDGT
AKTSIONERNOE OBSCHESTVO 'YALTINSKAYA KINODSTUDIYA'	UKRAINE-EO13685
TSYPLAKOV, Sergey Gennadevich	UKRAINE-EO13660
DEYNEGO, Vladyslav Nykolayevych	UKRAINE-EO13660
IOFFE, Eduard A	UKRAINE-EO13661
KARAMYAN, Vakhtang	UKRAINE-EO13661
CHERNYKH, Tatiana V	UKRAINE-EO13661
PENG, Bo	SDNTK
KAIKAI TECHNOLOGY CO., LTD.	SDNTK
RI, Chong Chol	DPRK2
LIMITED LIABILITY COMPANY SBERBANK CAPITAL	UKRAINE-EO13662] [RUSSIA-EO14024
AGHA, Torek	SDGT
LIMITED LIABILITY COMPANY SBERBANK INVESTMENTS	UKRAINE-EO13662] [RUSSIA-EO14024
JOINT STOCK COMPANY SBERBANK LEASING	UKRAINE-EO13662] [RUSSIA-EO14024
SETELEM BANK LIMITED LIABILITY COMPANY	UKRAINE-EO13662] [RUSSIA-EO14024
OPEN JOINT STOCK COMPANY BPS-SBERBANK	UKRAINE-EO13662] [RUSSIA-EO14024
JOINT STOCK COMPANY SBERBANK	UKRAINE-EO13662] [RUSSIA-EO14024
SBERBANK EUROPE AG	UKRAINE-EO13662] [RUSSIA-EO14024
VTB BANK BELARUS CLOSED JOINT STOCK COMPANY	UKRAINE-EO13662] [RUSSIA-EO14024
VTB BANK ARMENIA CLOSED JOINT STOCK COMPANY	UKRAINE-EO13662] [RUSSIA-EO14024
BANK VTB KAZAKHSTAN JOINT STOCK COMPANY	UKRAINE-EO13662] [RUSSIA-EO14024
VTB BANK AZERBAIJAN OPEN JOINT STOCK COMPANY	UKRAINE-EO13662] [RUSSIA-EO14024
BANCO VTB AFRICA SA	UKRAINE-EO13662] [RUSSIA-EO14024
VTB BANK GEORGIA JOINT STOCK COMPANY	UKRAINE-EO13662] [RUSSIA-EO14024
VTB CAPITAL HOLDINGS CLOSED JOINT STOCK COMPANY	UKRAINE-EO13662] [RUSSIA-EO14024
VTB PENSION ADMINISTRATOR LIMITED	UKRAINE-EO13662] [RUSSIA-EO14024
LIMITED LIABILITY COMPANY VTB DC	UKRAINE-EO13662] [RUSSIA-EO14024
VTB FACTORING LTD	UKRAINE-EO13662] [RUSSIA-EO14024
NPF VTB PENSION FUND JOINT STOCK COMPANY	UKRAINE-EO13662] [RUSSIA-EO14024
VTB REAL ESTATE LIMITED LIABILITY COMPANY	UKRAINE-EO13662] [RUSSIA-EO14024
VTB SPECIALIZED DEPOSITORY CLOSED JOINT STOCK COMPANY	UKRAINE-EO13662] [RUSSIA-EO14024
VTB REGISTRAR CLOSED JOINT STOCK COMPANY	UKRAINE-EO13662] [RUSSIA-EO14024
VTB LEASING JOINT STOCK COMPANY	UKRAINE-EO13662] [RUSSIA-EO14024
AKTSIONERNOE OBSHCHESTVO SG-DEVELOPMENT	UKRAINE-EO13662] [RUSSIA-EO14024
AUCTION LIMITED LIABILITY COMPANY	UKRAINE-EO13662] [RUSSIA-EO14024
JOINT STOCK COMPANY SBERBANK AUTOMATED TRADE SYSTEM	UKRAINE-EO13662] [RUSSIA-EO14024
LIMITED LIABILITY COMPANY SBERBANK FINANCIAL COMPANY	UKRAINE-EO13662] [RUSSIA-EO14024
LIMITED LIABILITY COMPANY ACTIVE BUSINESS CONSULT	UKRAINE-EO13662] [RUSSIA-EO14024
JOINT STOCK COMPANY SBERBANK PRIVATE PENSION FUND	UKRAINE-EO13662] [RUSSIA-EO14024
INSURANCE COMPANY SBERBANK INSURANCE LIMITED LIABILITY COMPANY	UKRAINE-EO13662] [RUSSIA-EO14024
LIMITED LIABILITY COMPANY SBERBANK INSURANCE BROKER	UKRAINE-EO13662] [RUSSIA-EO14024
SB SECURITIES SA	UKRAINE-EO13662] [RUSSIA-EO14024
JSC NPO HIGH PRECISION SYSTEMS	UKRAINE-EO13662] [RUSSIA-EO14024
OPEN JOINT STOCK COMPANY RUSSIAN ELECTRONICS	UKRAINE-EO13662] [RUSSIA-EO14024
NPK TEKHMASH OAO	UKRAINE-EO13662] [RUSSIA-EO14024
JOINT STOCK COMPANY TEKHNODINAMIKA	UKRAINE-EO13662] [RUSSIA-EO14024
JOINT STOCK COMPANY SHVABE	UKRAINE-EO13662] [RUSSIA-EO14024
ROSOBORONEKSPORT OAO	UKRAINE-EO13662] [IRAN-CON-ARMS-EO] [RUSSIA-EO14024
JOINT STOCK COMMERCIAL BANK NOVIKOMBANK	UKRAINE-EO13662] [RUSSIA-EO14024
RT-INFORM LIMITED LIABILITY COMPANY	UKRAINE-EO13662] [RUSSIA-EO14024
OTKRYTOE AKTSIONERNOE OBSHCHESTVO NOVO-VYATKA	UKRAINE-EO13662] [RUSSIA-EO14024
VERTOLETY ROSSII AO	UKRAINE-EO13662] [RUSSIA-EO14024
AGRICOLA BOREAL S.P.R. DE R.L.	SDNTK
AGRICOLA TAVO S.P.R. DE R.L.	SDNTK
ASESORES TURISTICOS S.A. DE C.V.	SDNTK
DESARROLLO AGRICOLA ORGANICO S.P.R. DE R.L.	SDNTK
DESARROLLO AGRICOLA VERDE DE SAYULA S.P.R. DE R.L.	SDNTK
STEP LATINAMEDICA S.A. DE C.V.	SDNTK
STATUS ADMINISTRATIVO S. DE R.L.	SDNTK
KIM, Kwang Hyok	DPRK2
STATE CONCERN NATIONAL PRODUCTION AND AGRICULTURAL ASSOCIATION MASSANDRA	UKRAINE-EO13685
STATE ENTERPRISE MAGARACH OF THE NATIONAL INSTITUTE OF WINE	UKRAINE-EO13685
LABICO SAL OFFSHORE	SDGT
AERO SKYONE CO. LIMITED	SDGT
CHERRI, Adel Mohamad	SDGT
LE-HUA ELECTRONIC FIELD CO. LIMITED	SDGT
WAKED MONEY LAUNDERING ORGANIZATION	SDNTK
WAKED HATUM, Nidal Ahmed	SDNTK
WAKED FARES, Abdul Mohamed	SDNTK
WAKED HATUM, Gazy	SDNTK
WAKED HATUM, Jalal Ahmed	SDNTK
WAKED HATUM, Ali	SDNTK
VIDA PANAMA (ZONA LIBRE) S.A.	SDNTK
GRUPO WISA, S.A.	SDNTK
GRUPO W S.A.	SDNTK
HAEJIN SHIP MANAGEMENT COMPANY LIMITED	DPRK
YONGJIN SHIP MANAGEMENT COMPANY LIMITED	DPRK
PYONGJIN SHIP MANAGEMENT COMPANY LIMITED	DPRK
RUELAS TORRES DRUG TRAFFICKING ORGANIZATION	SDNTK
RUELAS TORRES, Jose Luis	SDNTK
RUELAS TORRES, Gilberto	SDNTK
RUELAS AVILA, Leobardo	SDNTK
RUELAS AVILA, Joel Efren	SDNTK
RESORT NIZHNYAYA OREANDA	UKRAINE-EO13685
OTKRYTOE AKTSIONERNOE OBSHCHESTVO VNESHNEEKONOMICHESKOE OBEDINENIE TEKHNOPROMEKSPORT	UKRAINE-EO13662] [UKRAINE-EO13685
ABDURAKHMANOV, Maghomed Maghomedzakirovich	SDGT
STATE ENTERPRISE FACTORY OF SPARKLING WINE NOVY SVET	UKRAINE-EO13685
STATE ENTERPRISE UNIVERSAL-AVIA	UKRAINE-EO13685
CRIMEAN ENTERPRISE AZOV DISTILLERY PLANT	UKRAINE-EO13685
RIVERA SANDOVAL, Hector Librado	SDNTK
ESPINOZA RODRIGUEZ, Maria de Jesus	SDNTK
BARRAZA ACEVES, Jose Carlos	SDNTK
KHURI, Mudalal	PAARSSR-EO13894
KREMSONT COMMERCIAL INC.	PAARSSR-EO13894
HASWANI, George	PAARSSR-EO13894
HESCO ENGINEERING & CONSTRUCTION CO	PAARSSR-EO13894
TABACHNYK, Dmytro Volodymyrovych	UKRAINE-EO13660
TRANSSERVICE LLC	UKRAINE-EO13661
MURATOV, Aleksey Valentinovich	UKRAINE-EO13660] [RUSSIA-EO14024
RODKIN, Andrei Nikolaevich	UKRAINE-EO13660
JOINT STOCK COMPANY GENBANK	UKRAINE-EO13685
OPEN JOINT STOCK COMPANY KRASNODAR REGIONAL INVESTMENT BANK	UKRAINE-EO13685
OPEN JOINT STOCK COMPANY COMMERCIAL BANK VERKHNEVOLZHSKY	UKRAINE-EO13685
JOINT STOCK COMPANY SEVASTOPOLSKY MORSKOY BANK	UKRAINE-EO13685
KOFMAN, Aleksandr Igorevich	UKRAINE-EO13660
PAO MOSOBLBANK	UKRAINE-EO13661
INRESBANK OOO	UKRAINE-EO13661
AVIA GROUP TERMINAL LIMITED LIABILITY COMPANY	UKRAINE-EO13661
OAO VOLGOGRADNEFTEMASH	UKRAINE-EO13661
NIKITIN, Vasiliy Aleksandrovich	UKRAINE-EO13660
OLSSON, Sven Anders	UKRAINE-EO13661
LERMA TRADING S.A.	UKRAINE-EO13661
LTS HOLDING LIMITED	UKRAINE-EO13661
MAPLES SA	UKRAINE-EO13661
FENTEX PROPERTIES LTD.	UKRAINE-EO13661
WHITE SEAL HOLDINGS LIMITED	UKRAINE-EO13661
KOZYAKOV, Serhiy	UKRAINE-EO13660
ANICHIN, Aleksey Vasilyevich	MAGNIT
LORD'S RESISTANCE ARMY	CAR
NGAIKOSSET, Eugene Barret	CAR
GAYE, Haroun	CAR
WAKED DARWICH, Mohamed Abdo	SDNTK
LAREDO DON JUAN, Job	SDNTK
LAREDO DRUG TRAFFICKING ORGANIZATION	SDNTK
LAREDO DONJUAN, Ismael	SDNTK
LAREDO DONJUAN, Ruben	SDNTK
BARRIOS HERNANDEZ, Mercedes	SDNTK
GOMEZ VELAZQUEZ, Daniela	SDNTK
REYNA FELIX, Ismael	SDNTK
MARCELO BARRAGAN, Antonio	SDNTK
LAREDO ESTRADA, Andres	SDNTK
GRUPO CIMA PANAMA, S.A.	SDNTK
INMOBILIARIA ROYPAL, S.A.	SDNTK
FELIX B. MADURO S.A.	SDNTK
PANLI HOLDINGS, INC.	SDNTK
NARANJO ABAJO, S.A.	SDNTK
SOHO DEVELOPERS, INC.	SDNTK
XZACT, INC.	SDNTK
ALBORADA S.A.	SDNTK
ALBORADA GARDENS, S.A.	SDNTK
HOTELERA MUNDIAL, S.A.	SDNTK
V.P. PROPERTIES, INC.	SDNTK
SEGOVIA IMPORT & EXPORT CORP.	SDNTK
PANAMA-CHILE INTERNACIONAL, S.A.	SDNTK
PLAZA MILENIO, S.A.	SDNTK
BIENES RAICES DEL CARIBE, S.A.	SDNTK
CACIQUE 1 S.A.	SDNTK
LA GRAN VIA ZONA LIBRE, S.A.	SDNTK
RESIDENCIAL CANAL VIEW, S.A.	SDNTK
INMOBILIARIA J & M CORP	SDNTK
NUTRISHOP, S.A.	SDNTK
SISTEMA CORESCO, S.A.	SDNTK
INVERSIONES LDT, S.A.	SDNTK
SERVICIO DE EQUIPO RODANTE INCORPORADO	SDNTK
MALALA 786, S.A.	SDNTK
WAYSIDE CORPORATION	SDNTK
GLENDOR FINANCE S.A.	SDNTK
LA RIVIERA, PANAMA, S.A.	SDNTK
WAREHOUSE OUTLETS, S.A.	SDNTK
TROLL PROPERTIES, INC.	SDNTK
INMOBILIARIA MULTI-TIENDAS, S.A.	SDNTK
DISTRIBUIDORA MARBELLA, S.A.	SDNTK
LAGUNA MAR INTERNACIONAL, S.A.	SDNTK
VISION 20-20, S.A.	SDNTK
GRUPO CEDRO PANAMA S.A.	SDNTK
ADJUSTMENT BUSINESS CORP.	SDNTK
MEDAL INVERSIONES, S.A.	SDNTK
DESARROLLO URBANISTICO DEL ATLANTICO, S.A.	SDNTK
NOOSHIN, Seyed Mirahmad	NPWMD] [IFSR
HASHEMI, Seyed Mohammad	NPWMD] [IFSR
FARAHI, Seyyed Mahdi	NPWMD] [IFSR] [IRAN-CON-ARMS-EO
LIRA SOTELO, Alfonso	SDNTK
LIRA SOTELO, Javier	SDNTK
LIRA SOTELO, Alma Delia	SDNTK
MUSAVI, Sayyed Javad	NPWMD] [IFSR
ANHUI LAND GROUP CO., LIMITED	NPWMD] [IFSR
CHEN, Mingfu	NPWMD] [IFSR
FARGHADANI, Rahimreza	NPWMD] [IFSR
POURNAGHSHBAND, Hossein	NPWMD] [IFSR
CANDID GENERAL TRADING LLC	NPWMD] [IFSR
MABROOKA TRADING CO L.L.C.	NPWMD] [IFSR
KIBIS, Boris Borisovich	MAGNIT
URZHUMTSEV, Oleg Vyacheslavovich	MAGNIT
LAPSHOV, Pavel Vladimirovich	MAGNIT
CHARARA, Ali Youssef	SDGT
SPECTRUM INVESTMENT GROUP HOLDING SAL	SDGT
WESTLINE ENTERPRISES, INC.	SDNTK
ANTONOV, Yevgeni Yuvenalievich	MAGNIT
NOUREDDINE, Mohamad	SDGT
ZAHER EL DINE, Hamdi	SDGT
TRADE POINT INTERNATIONAL S.A.R.L.	SDGT
ROBERTO ORELLANA, Jose	TCO
ROMERO GARCIA, Dany Balmore	TCO
HASSAN, Ali Khatib Haji	SDNTK
HASSAN DRUG TRAFFICKING ORGANIZATION	SDNTK
JUAYTHINI, Husayn	SDGT
AL-ZAHRANI, Faysal Ahmad 'Ali	SDGT
YU, Chol U	DPRK2
WORKERS' PARTY OF KOREA CENTRAL MILITARY COMMISSION	DPRK2
NATIONAL DEFENSE COMMISSION	DPRK2
RI, Man Gon	DPRK2
ACADEMY OF NATIONAL DEFENSE SCIENCE	NPWMD
MINISTRY OF ATOMIC ENERGY INDUSTRY	NPWMD
RI, Yong Mu	DPRK2
HWANG, Pyong So	DPRK2
PAK, Yong Sik	DPRK2
CHOE, Chun-sik	NPWMD
KANG, Mun-kil	NPWMD
ILSIM INTERNATIONAL BANK	DPRK3
KOREA UNITED DEVELOPMENT BANK	DPRK3
KOREAN WORKERS PARTY, PROPAGANDA AND AGITATION DEPARTMENT	DPRK3
ESPINOZA AGUILAR, Diana	SDNTK
NATIONAL AEROSPACE DEVELOPMENT ADMINISTRATION	NPWMD
KIM, Song Chol	NPWMD
SON, Jong Hyok	NPWMD
PAK, Chun Il	DPRK2
HYON, Gwang Il	NPWMD
RUELAS AVILA, Jesus Angel	SDNTK
MONDACA AVILA, Sigi Alfredo	SDNTK
CHONGBONG SHIPPING CO LTD	DPRK3
EVER BRIGHT 88	DPRK
OCEAN BUNKERING JV CO	DPRK3
GOLD STAR 3	DPRK
JH 86	DPRK
HOERYONG SHIPPING CO LTD	DPRK3
JIN TAI	DPRK
MIRIM SHIPPING CO LTD	DPRK3
JIN TENG	DPRK
ORION STAR	DPRK
KOREA SAMILPO SHIPPING CO	DPRK3
KOREAN POLISH SHPG CO LTD	DPRK3
THAEPHYONGSAN SHIPPING CO LTD	DPRK3
SOUTH HILL 2	DPRK
KOREA ZUZAGBONG MARITIME LTD	DPRK3
SOUTH HILL 5	DPRK
GRAND KARO	DPRK
KOREA OCEAN SHIPPING AGENCY	DPRK3
KOREAN BUYON SHIPPING CO. LTD.	DPRK3
CHONG BONG	DPRK3
CHONG RIM 2	DPRK3
VICTORY 2	DPRK3
HOE RYONG	DPRK3
MI RIM	DPRK3
MI RIM 2	DPRK3
RA NAM 2	DPRK3
RA NAM 3	DPRK3
RYO MYONG	DPRK3
THAE PYONG SAN	DPRK3
TONG HUNG 1	DPRK3
SABOOR, Abdul	SDGT
NOWBAHAR, Abdullah	SDGT
RI, Won Ho	DPRK2
JO, Yong Chol	DPRK2
KOREA GENERAL CORPORATION FOR EXTERNAL CONSTRUCTION	DPRK3
NAMGANG CONSTRUCTION	DPRK3
KOREA RUNGRADO GENERAL TRADING CORPORATION	DPRK3
SINGWANG ECONOMICS AND TRADING GENERAL CORPORATION	DPRK3
KOREA FOREIGN TECHNICAL TRADE CENTER	DPRK3
GAZPROM INVEST, OOO	UKRAINE-EO13662] [RUSSIA-EO14024
GAZPROM VNIIGAZ, OOO	UKRAINE-EO13662] [RUSSIA-EO14024
SAFARASH, Muhammad Ijaz	SDGT
NURISTANI, Abdul Aziz	SDGT
JAMIA ASARIYA MADRASSA	SDGT
MCLINTOCK, James Alexander	SDGT
AL RAHMAH WELFARE ORGANIZATION	SDGT
QAMAR, Naveed	SDGT
AIRCRAFT, AVIONICS, PARTS & SUPPORT LTD.	SDGT] [IFSR
MEADOWS, John Edward	SDGT] [IFSR
HSI TRADING FZE	SDGT] [IFSR
AVIATION CAPITAL SOLUTIONS LTD.	SDGT] [IFSR
ASHFIELD, Jeffrey John James	SDGT] [IFSR
GRANDEUR GENERAL TRADING FZE	SDGT] [IFSR
SHAHID NURI INDUSTRIES	NPWMD] [IFSR
SHAHID MOVAHED INDUSTRIES	NPWMD] [IFSR
ABDESLAM, Salah	SDGT
MAZAKA GENERAL TRADING L.L.C.	TCO
JETLINK TEXTILES TRADING	TCO
SEVEN SEA GOLDEN GENERAL TRADING LLC	TCO
AYDAH TRADING LLC	TCO
WADI AL AFRAH TRADING LLC	TCO
GHAWIL, Khalifa Mohamed Ahmed	LIBYA3
MINISTRY OF STATE SECURITY PRISONS BUREAU	DPRK3
MINISTRY OF PEOPLE'S SECURITY CORRECTIONAL BUREAU	DPRK3
CHO, Il-U	DPRK2
O, Chong Ok	DPRK2
CHOE, Chang Pong	DPRK2
AL-'ANIZI, 'Abdallah Hadi 'Abd al-Rahman Fayhan Sharban	SDGT
'AMMAR, Salmi Salama Salim Sulayman	SDGT
ESSA, Agila Saleh	LIBYA3
AL-ZAIDI, Ghalib Abdullah	SDGT
ISIL-SAUDI ARABIA	SDGT
ISLAMIC STATE OF IRAQ AND ASH-SHAM IN LIBYA	FTO] [SDGT
AL-QAYSI, Nayif Salih Salim	SDGT
ISIL-YEMEN	SDGT
MUNOZ HOYOS, German	SDNTK
MUNOZ MEJIA, Jonathan	SDNTK
MUNOZ HOYOS, Carlos Ivan	SDNTK
MURILLO SALAZAR, Claudia Julieta	SDNTK
KONY, Salim	CAR
KONY, Ali	CAR
MUNOZ MEJIA, Eliana	SDNTK
MUNOZ MEJIA, Jhonny German	SDNTK
AVICAL S.A.	SDNTK
INVERSIONES LA PLATA M & M S. EN C.A.	SDNTK
ROMIK S.A.	SDNTK
GEMUHO HOLDING, INC	SDNTK
UNIREFRICLIMA S.A.	SDNTK
MUNSA INTERNATIONAL INVESMENTS S.A.	SDNTK
JAMA'AT UL DAWA AL-QU'RAN	SDGT
TARIQ GIDAR GROUP	SDGT
KHANANI, Obaid Altaf	TCO
KHANANI, Hozaifa Javed	TCO
KAY ZONE GENERAL TRADING LLC	TCO
KAY ZONE BUILDERS & DEVELOPERS	TCO
LANDTEK DEVELOPERS	TCO
UNICO TEXTILES	TCO
KHANANI, Muhammad Javed	TCO
POLANI, Atif	TCO
KHALID BIN AL-WALID ARMY	SDGT
PJSC MOSTOTREST	UKRAINE-EO13685
SGM MOST OOO	UKRAINE-EO13685
KANYAMA, Celestin	DRCONGO
MAHROUS, Iyad Mohammad Esam	NPWMD
MAHROUS TRADING FZE	NPWMD
MAHROUS GROUP	NPWMD
OSEGUERA CERVANTES, Antonio	SDNTK
CASTILLO RODRIGUEZ, Julio Alberto	SDNTK] [SDGT] [ILLICIT-DRUGS-EO14059
GONZALEZ VALENCIA, Arnulfo	SDNTK
GONZALEZ VALENCIA, Edgar Eden	SDNTK
GONZALEZ VALENCIA, Elvis	SDNTK
GONZALEZ VALENCIA, Marisa Ivette	SDNTK
MINISTRY OF PEOPLE'S SECURITY	DPRK3
GONZALEZ VALENCIA, Noemi	SDNTK
CHOE, Pu Il	DPRK3
RI, Song Chol	DPRK3
VERA LOPEZ, Fabian Felipe	SDNTK
ORGANIZATION AND GUIDANCE DEPARTMENT	DPRK2
CHO, Yon Chun	DPRK2
KIM, Kyong Ok	DPRK2
KIM, Ki Nam	DPRK2
RI, Jae Il	DPRK2
MINISTRY OF STATE SECURITY	DPRK3
KANG, Song Nam	DPRK3
QUINTANA NAVARRO, Maria Teresa	SDNTK
ISMAILOV, Zaur	UKRAINE-EO13660
MANUILOV, Evgeny	UKRAINE-EO13660
SHUBIN, Alexandr	UKRAINE-EO13660
YATSENKO, Viktor	UKRAINE-EO13660
KONONOV, Vladimir	UKRAINE-EO13660
BASURIN, Eduard	UKRAINE-EO13660
KIM, Jong Un	DPRK3
AL-QA'IDA IN THE INDIAN SUBCONTINENT	FTO] [SDGT
UMAR, Asim	SDGT
OOO SHIPYARD 'ZALIV'	UKRAINE-EO13685
FEDERAL SUE SHIPYARD 'MORYE'	UKRAINE-EO13685
OAO SHIP REPAIR CENTER 'ZVEZDOCHKA'	UKRAINE-EO13685] [RUSSIA-EO14024
SUE RC 'FEODOSIA OPTICAL PLANT'	UKRAINE-EO13685
OAO 'URANIS-RADIOSISTEMY'	UKRAINE-EO13685
CLAMASAN S.A.S.	SDNTK
GUISANES S.A.S.	SDNTK
AGROINDUSTRIAS CIMA S.A.S.	SDNTK
AGROPECUARIA MAIS SOCIEDAD POR ACCIONES SIMPLIFICADA	SDNTK
C.M.V. CARNES S.A.S.	SDNTK
FKU UPRDOR 'TAMAN'	UKRAINE-EO13685
FAU 'GLAVGOSEKSPERTIZA ROSSII'	UKRAINE-EO13685
YONA STAR INTERNATIONAL	PAARSSR-EO13894
HABIB, Salah	PAARSSR-EO13894
T-RUBBER CO., LTD	PAARSSR-EO13894
LANG, Jonha	PAARSSR-EO13894
BAYUMI, Yisra Muhammad Ibrahim	SDGT
GHUMAYN, Abu Bakr Muhammad Muhammad	SDGT
AL-KHALIDI, Faisal Jassim Mohammed al-Amri	SDGT
BYUTUKAEV, Aslan Avgazarovich	SDGT
VAKHITOV, Ayrat Nasimovich	SDGT
ARBASH, Yusuf	PAARSSR-EO13894
KHURI, Imad Mtanyus	PAARSSR-EO13894
EL AISSAMI MADDAH, Tareck Zaidan	SDNTK
LOPEZ BELLO, Samark Jose	SDNTK
PROFIT CORPORATION, C.A.	SDNTK
YAKIMA TRADING CORPORATION	SDNTK
GRUPO SAHECT, C.A.	SDNTK
ALFA ONE, C.A.	SDNTK
SMT TECNOLOGIA, C.A.	SDNTK
SERVICIOS TECNOLOGICOS INDUSTRIALES, C.A.	SDNTK
MFAA HOLDINGS LIMITED	SDNTK
YAKIMA OIL TRADING, LLP	SDNTK
1425 BRICKELL AVE 63-F LLC	SDNTK
1425 BRICKELL AVENUE UNIT 46B, LLC	SDNTK
1425 BRICKELL AVENUE 64E LLC	SDNTK
AGUSTA GRAND I LLC	SDNTK
200G PSA HOLDINGS LLC	SDNTK
SHEREMET, Mikhail Sergeyevich	UKRAINE-EO13660] [RUSSIA-EO14024
POLONSKY, Dmitry Anatolievich	UKRAINE-EO13660
ANYUKHINA, Anna Vladimirovna	UKRAINE-EO13660
BORODULINA, Svetlana Alekseevna	UKRAINE-EO13660
KIVIKO, Irina Valerievna	UKRAINE-EO13660
DEMIDOV, Valentin Valentinovich	UKRAINE-EO13660
SHAPOVALOV, Oleg Georgievich	UKRAINE-EO13660
VASYUTA, Andrey Gennadievich	UKRAINE-EO13660
PALAGIN, Viktor Nikolayevich	UKRAINE-EO13660
NAZAROV, Mikhail Anatolievich	UKRAINE-EO13660
MURADOV, Georgiy L'vovich	UKRAINE-EO13660
AO ABR MANAGEMENT	UKRAINE-EO13661] [RUSSIA-EO14024
SALVATION COMMITTEE OF UKRAINE	UKRAINE-EO13660
AO 'INSTITUTE GIPROSTROYMOST-SAINT-PETERSBURG'	UKRAINE-EO13685
OOO 'STG-EKO'	UKRAINE-EO13685
OOO 'DSK'	UKRAINE-EO13685
SOVFRACHT-SOVMORTRANS GROUP	UKRAINE-EO13685
SMT-K	UKRAINE-EO13685
LLC KOKSOKHIMTRANS	UKRAINE-EO13685] [RUSSIA-EO14024] [PEESA-EO14039
SOVFRACHT MANAGING COMPANY LLC	UKRAINE-EO13685
OJSC SOVFRACHT	UKRAINE-EO13685
CJSC SOVMORTRANS	UKRAINE-EO13685
KRIOGENMASH OAO	UKRAINE-EO13662] [RUSSIA-EO14024
GAZPROMBANK (SWITZERLAND) LTD	UKRAINE-EO13662] [RUSSIA-EO14024
GPB-DI HOLDINGS LIMITED	UKRAINE-EO13662] [RUSSIA-EO14024
GPB FINANCIAL SERVICES LIMITED	UKRAINE-EO13662] [RUSSIA-EO14024
GPB INTERNATIONAL SA	UKRAINE-EO13662] [RUSSIA-EO14024
ABRINI, Mohamed	SDGT
JAMAAT-UL-AHRAR	SDGT
KOBE YAMAGUCHI-GUMI	TCO
YAMAKEN-GUMI	TCO
INOUE, Kunio	TCO
TERAOKA, Osamu	TCO
IKEDA, Takashi	TCO
KUMBA, Gabriel Amisi	DRCONGO
NUMBI, John	DRCONGO
MUMIN, Abdiqadir	SDGT
ALHMIDAN, Mohamad Alsaied	SDGT
JAMOUS, Hussam	SDGT
AIR KORYO	DPRK3
DIABY, Omar	SDGT
P-532	DPRK3
P-533	DPRK3
P-537	DPRK3
P-552	DPRK3
P-561	DPRK3
P-632	DPRK3
P-633	DPRK3
P-671	DPRK3
P-672	DPRK3
P-813	DPRK3
P-835	DPRK3
P-881	DPRK3
P-885	DPRK3
P-912	DPRK3
P-913	DPRK3
P-914	DPRK3
GLOBAL CLEANERS S.A.R.L.	SDGT
JAMAL-AL-DIN, Hasan	SDGT
KALLAS, Muhammad Al-Mukhtar	SDGT
DANDONG HONGXIANG INDUSTRIAL DEVELOPMENT CO LTD	NPWMD
MA, Xiaohong	NPWMD
ZHOU, Jianshu	NPWMD
HONG, Jinhua	NPWMD
NORTH EAST ASIA BANK	DPRK3
KORYO CREDIT DEVELOPMENT BANK	DPRK3
RASON INTERNATIONAL COMMERCIAL BANK	DPRK3
KUMGANG BANK	DPRK3
KORYO BANK	DPRK3
KOREA NATIONAL INSURANCE CORPORATION	DPRK3
KOREA HAEGUMGANG TRADING CORPORATION	DPRK2
CHANG, Chang-ha	DPRK2
CHANG, Kyong-hwa	DPRK2
CHO, Chun-ryong	DPRK2
MANSUDAE OVERSEAS PROJECT GROUP OF COMPANIES	DPRK3
DAEWON INDUSTRIES	DPRK3
KANGBONG TRADING CORPORATION	DPRK3
KOREA OIL EXPLORATION CORPORATION	DPRK3
PAK, Han Se	NPWMD
HUSSAIN, Mavungal	DPRK2
KOREA KUMSAN TRADING CORPORATION	NPWMD
KIM, Chol Nam	NPWMD
JUND AL-AQSA	SDGT
EL ABBOUBI, Anas	SDGT
LUO, Chuanxu	NPWMD
HAMDAR, Muhammad Ghaleb	SDGT
AYAD, Yosef	SDGT
TABATABA'I, Haytham 'Ali	SDGT
AL-OMGY AND BROTHERS MONEY EXCHANGE	SDGT
AL-OMGY, Said Salih Abd-Rabbuh	SDGT
AL-OMGY, Muhammad Salih Abd-Rabbuh	SDGT
N200VR	SDNTK
ZAYNIYAH, Jamal Husayn	SDGT
HISSENE, Abdoulaye	CAR
MOKOM, Maxime	CAR
ZULETA NOSCUE, Pedro Luis	SDNTK
ZULETA NOSCUE, Alonso	SDNTK
ZULETA TROCHEZ, Jose Oscar	SDNTK
HIGUITA PERALTA, Jose Efer	SDNTK
BELIK, Dmitry Anatolievich	UKRAINE-EO13660] [RUSSIA-EO14024
KOZENKO, Andrey Dmitrievich	UKRAINE-EO13660] [RUSSIA-EO14024
BAKHAREV, Konstantin Mikhailovich	UKRAINE-EO13660] [RUSSIA-EO14024
BALBEK, Ruslan Ismailovich	UKRAINE-EO13660
SAVCHENKO, Svetlana Borisovna	UKRAINE-EO13660
ABBAS, Ghassan	NPWMD
WANUS, Ali	NPWMD
DABUL, Samir	NPWMD
HAYDAR, Zuhayr	NPWMD
HAWRANI, Habib	NPWMD
AHMAD, Firas	NPWMD
SHIHADAH, Rafiq	PAARSSR-EO13894
AL-HASAN, Suhayl Hasan	PAARSSR-EO13894
BILAL, Muhammad Nafi	PAARSSR-EO13894
DAHI, Yasin Ahmad	PAARSSR-EO13894
MAHALLA, Muhammad Mahmud	PAARSSR-EO13894
RAHMUN, Muhammad Khalid	PAARSSR-EO13894
MAKHLUF, Talal Shafiq	PAARSSR-EO13894
DARWISH, Saji Jamil	PAARSSR-EO13894
BALLUL, Ahmad	PAARSSR-EO13894
MUALLA, Badi	PAARSSR-EO13894
SHPEROV, Pavel Valentinovich	UKRAINE-EO13660
SADIQ AL-AHDAL, Abdallah Faysal	SDGT
RAHMAH CHARITABLE ORGANIZATION	SDGT
KIM, Se Gon	NPWMD
LUGO LEON, Toribio Alberto	SDNTK
LUETH, Michael Makuei	SOUTH SUDAN
LOYA VILCHEZ, Tarcela	SDGT
AL-MESHEDANI, Abdullah Ahmed	SDGT
HASSAN, Basil	SDGT
HIMICH, Abdelilah	SDGT
INSTITUT STROIPROEKT, AO	UKRAINE-EO13685
ALI ALI ABKAR, Al-Hasan	SDGT
FLORES DRUG TRAFFICKING ORGANIZATION	SDNTK
FLORES HERNANDEZ, Raul	SDNTK
FLORES ESPARZA, Moises	SDNTK
FLORES TINAJERO, Saul	SDNTK
FLORES GOMEZ, Felipe	SDNTK
AYALA ROMERO, Diego	SDNTK
CARRANZA ZEPEDA, Victor Manuel	SDNTK
CARRANZA ZEPEDA, Hugo Ivan	SDNTK
CAMPOS TIRADO, Linda Elizabeth	SDNTK
CARO URIAS, Efrain	SDNTK
CORDERO CARDENAS, Jose Antonio	SDNTK
JIMENEZ HERNANDEZ, Oscar Armando	SDNTK
KARST, OOO	UKRAINE-EO13685
CRIMEAN RAILWAY	UKRAINE-EO13685
CRIMEAN PORTS	UKRAINE-EO13685
ZHANG, Jian	SDNTK
ZARON BIO-TECH (ASIA) LIMITED	SDNTK
ALVAREZ PERALTA, Fernando Gustavo	SDNTK
CHAVEZ MARTINEZ, Maria Icela	SDNTK
FLORES CASTRO, Sendy	SDNTK
FERNANDEZ SANTANA, Mario Alberto	SDNTK
A & S CARRIER INTERNACIONAL, S.A. DE C.V.	SDNTK
BOUNGALOWS VILLA AZUL, S.A. DE C.V.	SDNTK
CAMELIAS BAR, S.A. DE C.V.	SDNTK
CLUB DEPORTIVO MORUMBI, ASOCIACION CIVIL	SDNTK
COMERCIALIZADORA CHAPALA AJIJIC, S.A. DE C.V.	SDNTK
COMERCIALIZADORA E IMPORTADORA YESSI, S.A. DE C.V.	SDNTK
CONSORCIO LUNALO, S.A. DE C.V.	SDNTK
CONSORCIO NUJOMA, SOCIEDAD CIVIL	SDNTK
CONSORCIO RIRFUS, S.A. DE C.V.	SDNTK
CORPORATIVO ARZACA, S.C.	SDNTK
CORPORATIVO FEARFI, S.A. DE C.V.	SDNTK
CORPORATIVO INMOBILIARIO UNIVERSAL, S.A. DE C.V.	SDNTK
CORPORATIVO SOSVAL, S.A. DE C.V.	SDNTK
GRAND CASINO	SDNTK
CIRCULO REPRESENTACIONES INTERNACIONALES, S. DE R.L. DE C.V.	SDNTK
EVENTOS LA MORA, S.A. DE C.V.	SDNTK
FC GRUPO EMPRESARIAL, S.A. DE C.V.	SDNTK
GRUPO EGMONT, S.A. DE C.V.	SDNTK
GRUPO GASOLINERO COJIM, S.A. DE C.V.	SDNTK
GRUPO PRODUCSIL, S.P.R. DE R.L. DE C.V.	SDNTK
INMOBILIARIA FLORES CASTRO, S. DE R.L. DE C.V.	SDNTK
LOLA LOLITA 1110, S. DE R.L. DE C.V.	SDNTK
MARIMBA ENTERTAINMENT, S.R.L. DE C.V.	SDNTK
SOLID LTD	UKRAINE-EO13685
LLC RUSCHEMTRADE	UKRAINE-EO13685
TRANS-FLOT JSC	UKRAINE-EO13685
TRANSPETROCHART CO LTD	UKRAINE-EO13685
RESTAURANT FOLKLOR Y CANTINA, S.A. DE C.V.	SDNTK
MARSHAL ZHUKOV	UKRAINE-EO13685
RODRIGUEZ LOPEZ, S.A. DE C.V.	SDNTK
STALINGRAD	UKRAINE-EO13685
SERVICIOS EMPRESARIALES SODA, S.A. DE C.V.	SDNTK
MONTALVA INMOBILIARIA, S.A. DE C.V.	SDNTK
SERVICIOS EMPRESARIALES FICIE, S.A. DE C.V.	SDNTK
JUBAYR AL-RAWI, Fawaz Muhammad	SDGT
HANIFA MONEY EXCHANGE OFFICE	SDGT
SELSELAT AL THAHAB	SDGT
MUTONDO, Kalev	DRCONGO
BOSHAB, Evariste	DRCONGO
KOVALCHUK, Kirill Mikhailovich	UKRAINE-EO13661] [RUSSIA-EO14024
IBRAHIM, Muhammad	PAARSSR-EO13894
LEBEDEV, Dmitri Alekseevich	UKRAINE-EO13661] [RUSSIA-EO14024
MANSUROV, Dmitri Flerovich	UKRAINE-EO13661
KLISHIN, Mikhail Alekseevich	UKRAINE-EO13661
MINAEV, Oleg Aleksandrovich	UKRAINE-EO13661
DEDOV, Mikhail Aleksandrovich	UKRAINE-EO13661
PRIGOZHIN, Yevgeniy Viktorovich	UKRAINE-EO13661] [CYBER2] [ELECTION-EO13848] [RUSSIA-EO14024
PLAKSIN, Gennady Nikolaevich	MAGNIT
LUGOVOY, Andrey Konstantinovich	MAGNIT] [RUSSIA-EO14024
KOVTUN, Dmitri	MAGNIT
BASTRYKIN, Alexander Ivanovich	MAGNIT
MOHAMEDOU, Saleck Ould Cheikh	SDGT
GORDIEVSKY, Stanislav Evgenievich	MAGNIT
AL-SAFRANI, Ali Ahmidah	SDGT
ZARQUN, Abd al Hadi	SDGT
AL-HISN	PAARSSR-EO13894
AL-QASIUN	PAARSSR-EO13894
CHAM WINGS AIRLINES	SDGT
TECHNOLAB	NPWMD
ALLOUCH, Aziz	NPWMD
BITAR, Bayan	NPWMD
SARWAR, Muhammad	SDGT
MAHMOOD, Shahid	SDGT
BIN LADEN, Hamza	SDGT
JO, Yong-Won	DPRK2
KANG, P'il-Hun	DPRK2
MIN, Byong Chol	DPRK2
CHOE, Hwi	DPRK2
MINISTRY OF LABOR	DPRK3
STATE PLANNING COMMISSION	DPRK3
BELAN, Aleksey Alekseyevich	CYBER2
AL-BANNA, Ibrahim	SDGT
BOGACHEV, Evgeniy Mikhaylovich	CYBER2
KIM, Il-Nam	DPRK2
KOROBOV, Igor Valentinovich	CYBER2] [CAATSA - RUSSIA
GIZUNOV, Sergey Aleksandrovich	CYBER2] [CAATSA - RUSSIA
KOSTYUKOV, Igor Olegovich	CYBER2] [CAATSA - RUSSIA
ALEXSEYEV, Vladimir Stepanovich	CYBER2] [CAATSA - RUSSIA
SPECIAL TECHNOLOGY CENTER	CYBER2
ZORSECURITY	CYBER2
AUTONOMOUS NONCOMMERCIAL ORGANIZATION PROFESSIONAL ASSOCIATION OF DESIGNERS OF DATA PROCESSING SYSTEMS	CYBER2
MAIN INTELLIGENCE DIRECTORATE	NPWMD] [CYBER2] [CAATSA - RUSSIA] [RUSSIA-EO14024
FEDERAL SECURITY SERVICE	NPWMD] [CYBER2] [CAATSA - RUSSIA] [RUSSIA-EO14024] [HOSTAGES-EO14078
KOTEY, Alexanda Amon	SDGT
USMAN, Bachrumsyah Mennor	SDGT
TURAB, Ali Muhammad Abu	SDGT
ROCHMAN, Oman	SDGT
PRAKASH, Neil Christopher	SDGT
RAHMAN, Inayat ur	SDGT
WELFARE AND DEVELOPMENT ORGANIZATION OF JAMAAT-UD-DAWAH FOR QUR'AN AND SUNNAH	SDGT
MUHAMMAD, Hayat Ullah Ghulam	SDGT
MUGHNIYEH, Mustafa	SDGT
DAMUSH, Ali	SDGT
JAMAAH ANSHARUT DAULAH	SDGT
HASAN YUSUF, Ahmad	SDGT
ORGANIZATION FOR TECHNOLOGICAL INDUSTRIES	NPWMD
KIM, Won Hong	DPRK2
KIM, Yo Jong	DPRK2
MURTADHA MAJEED RAMADHAN ALAWI, Alsayed	SDGT
YORV INMOBILIARIA	SDNTK
GRUPO SEGTAC, S.A. DE C.V.	SDNTK
ASGHARZADEH, Abdollah	NPWMD] [IFSR
DARIAN, Tenny	NPWMD] [IFSR
EAST STAR COMPANY	NPWMD] [IFSR
OFOG SABZE DARYA COMPANY	NPWMD] [IFSR
XIANHUA, Qin	NPWMD] [IFSR
NINGBO NEW CENTURY IMPORT AND EXPORT COMPANY, LTD.	NPWMD] [IFSR
YUE, Richard	NPWMD] [IFSR
ZHOU, Carol	NPWMD] [IFSR
COSAILING BUSINESS TRADING COMPANY LIMITED	NPWMD] [IFSR
MKS INTERNATIONAL CO. LTD.	NPWMD] [IFSR
ROYAL PEARL GENERAL T.R.D.	NPWMD] [IFSR
ROSTAMIAN, Kambiz	NPWMD] [IFSR
ZAHEDI, Mostafa	NPWMD] [IFSR
ERVIN DANESH ARYAN COMPANY	NPWMD] [IFSR
MAGHAM, Mohammad	NPWMD] [IFSR
ZIST TAJHIZ POOYESH COMPANY	NPWMD] [IFSR
ZARGARI, Ghodrat	NPWMD] [IFSR
EBRAHIMI, Hasan Dehghan	SDGT] [IRGC] [IFSR
MAHER TRADING AND CONSTRUCTION COMPANY	SDGT] [IRGC] [IFSR
FARHAT, Muhammad 'Abd-al-Amir	SDGT] [IRGC] [IFSR
REEM PHARMACEUTICAL	SDGT] [IRGC] [IFSR
MIRAGE FOR ENGINEERING AND TRADING	SDGT] [IRGC] [IFSR
MIRAGE FOR WASTE MANAGEMENT AND ENVIRONMENTAL SERVICES SARL	SDGT] [IRGC] [IFSR
AL-HAJJ, Yahya	SDGT] [IRGC] [IFSR
SHARIFI, Ali	SDGT] [IRGC] [IFSR
AVILA ROCHA, Maria Monserrat	SDNTK
ALONDRA PRODUCE, S.P.R. DE R.I.	SDNTK
COMERCIALIZADORA GAEL 4, S.A. DE C.V.	SDNTK
CONSTRUCTORA JOEL, S.A. DE C.V.	SDNTK
CONSTRUCTORA VANIA, S.A. DE C.V.	SDNTK
CRUZITA NOVEDADES	SDNTK
DISPERSORA GAEL, S.A. DE C.V.	SDNTK
FELIXTAPIA, S.C. DE R.L. DE C.V.	SDNTK
AGRICOLA RUELAS, S.P.R. DE R.I.	SDNTK
RIVERA GUERRERO, Raquel	SDNTK
RIVERA SANDOVAL, Reyna Isabel	SDNTK
RUELAS AVILA, Patricia Lourdes	SDNTK
RUELAS AVILA, Trinidad	SDNTK
SANCHEZ MEDRANO, Cruz	SDNTK
SANCHEZ MEDRANO, Pedro	SDNTK
METALLIC MANUFACTURING FACTORY	NPWMD
SAAL, Fared	SDGT
OPERADORA LOS FAMOSOS, S.A. DE C.V.	SDNTK
COMERCIALIZADORA TRADE CLEAR, S.A. DE C.V.	SDNTK
AL-'ANZI, Muhammad Hadi 'Abd-al-Rahman Fayhan Sharban	SDGT
CORONA ROMERO, Alfonso	SDNTK
CORONA ROBLES, Edgar Alfonso	SDNTK
PAEKSOL TRADING CORPORATION	DPRK3
TAMTOMO, Muhammad Bahrun Naim Anggih	SDGT
ELSHEIKH, El Shafee	SDGT
BOURAS, Sami Bashur	SDGT
TAYLOR, Mark John	SDGT
CHOUDARY, Anjem	SDGT
CRAWFORD, Shane Dominic	SDGT
KANG, Chol Su	NPWMD
PAK, Il-Kyu	NPWMD
RI, Su Yong	NPWMD
JANG, Sung Nam	NPWMD
DANDONG RICH EARTH TRADING CO., LTD.	NPWMD
KIM, Yong Su	DPRK2
JO, Chol Song	NPWMD
KIM, Mun Chol	DPRK3
KIM, Nam Ung	DPRK3
CHOE, Chun Yong	DPRK3
KIM, Tong-ho	DPRK3
HAN, Jang Su	NPWMD
AL-GHANDOUR, Abu Anas	SDGT
HAMANI, Hamma	SDGT] [LIBYA3
SAKR, Tarek	SDGT
TEHRAN PRISONS ORGANIZATION	IRAN-HR
SOLEIMANI, Sohrab	IRAN-HR
RUELAS AVILA, Jose Maria	SDNTK
HAKIMZADA, Harmohan Singh	SDNTK
HAKIMZADA, Jasmeet	SDNTK
MAIWAND GENERAL TRADING CO LLC	SDNTK
OPERADORA DE REPOSTERIAS Y RESTAURANTES, S.A. DE C.V.	SDNTK
ALOTAIBI, Mubarak Mohammed A	SDGT
'ALI, Ahmad	PAARSSR-EO13894
AL-HATUM, Yusuf	PAARSSR-EO13894
AHMAD, Ayman	PAARSSR-EO13894
GHANIM, Ma'n	PAARSSR-EO13894
KHIDR, Isa	PAARSSR-EO13894
MORENO PEREZ, Maikel Jose	VENEZUELA
BULGAKOV, Vadim Viktorovich	UKRAINE-EO13660
MELNIKOV, Andrei Gennadyevich	UKRAINE-EO13660] [RUSSIA-EO14024
AL-ARADAH, Khalid Ali Mabkhut	SDGT
RUNLING, Ruan	NPWMD] [IFSR
SHANGHAI NORTH BEGINS INTERNATIONAL	NPWMD] [IFSR
SHANGHAI GANG QUAN TRADE CO.	NPWMD] [IFSR
SHANGHAI NORTH TRANSWAY INTERNATIONAL TRADING CO.	NPWMD] [IFSR
MENDOZA JOVER, Juan Jose	VENEZUELA
DELGADO ROSALES, Arcadio de Jesus	VENEZUELA
GUTIERREZ ALVARADO, Gladys Maria	VENEZUELA
ZULETA DE MERCHAN, Carmen Auxiliadora	VENEZUELA
MATIN SANAT NIK ANDISHAN	NPWMD] [IFSR
DAMIANI BUSTILLOS, Luis Fernando	VENEZUELA
QUWAYDIR, Muhammed Bin-Muhammed Faris	NPWMD
SUAREZ ANDERSON, Lourdes Benicia	VENEZUELA
SYRIAN COMPANY FOR INFORMATION TECHNOLOGY	NPWMD
ORTEGA RIOS, Calixto Antonio	VENEZUELA
AL-BUSTAN CHARITY	PAARSSR-EO13894
DARWISH, Samir Sakhir	PAARSSR-EO13894
MAKHLUF, Iyad	PAARSSR-EO13894
ABBAS, Muhammad	PAARSSR-EO13894
BARLY OFF-SHORE	PAARSSR-EO13894
AHMADI, Rahim	NPWMD] [IFSR
FARASATPOUR, Morteza	NPWMD] [IFSR
AL-HAMID, Hashim Muhsin Aydarus	SDGT
AL-ISAWI, Muhammad Ahmad 'Ali	SDGT
STATE AFFAIRS COMMISSION	DPRK3
KOREAN PEOPLE'S ARMY	DPRK3
MINISTRY OF PEOPLE'S ARMED FORCES	DPRK3
KIM, Su-Kwang	DPRK2
MICHURIN, Igor Aleksandrovich	NPWMD
ARDIS-BEARINGS LLC	NPWMD
SAFIEDDINE, Hashem	SDGT
KOREA COMPUTER CENTER	DPRK3
SONGI TRADING COMPANY	DPRK3
KOREA ZINC INDUSTRIAL GROUP	DPRK3
RI, Song-hyok	DPRK3
RUELAS AVILA, Jose Luis	SDNTK
KPSK, OOO	UKRAINE-EO13685
VOROBEV, Aleksandr Nikolayevich	UKRAINE-EO13661
PLISYUK, Mikhail Alekseyevich	UKRAINE-EO13661
MOLOT-ORUZHIE, OOO	UKRAINE-EO13661
OBORONLOGISTIKA OOO	UKRAINE-EO13685] [RUSSIA-EO14024
KORNET, Igor Aleksandrovich	UKRAINE-EO13660
PASECHNIK, Leonid Ivanovich	UKRAINE-EO13660] [RUSSIA-EO14024
KHORSHEVA, Natalya Ivanovna	UKRAINE-EO13660
JAROSH, Petr Grigorievich	UKRAINE-EO13660
KOSTRUBITSKY, Aleksey Aleksandrovich	UKRAINE-EO13660] [RUSSIA-EO14024
DYKIY, Oleksii Oleksandrovych	UKRAINE-EO13660] [RUSSIA-EO14024
NIKITINA, Irina	UKRAINE-EO13660
RIVIERA SUNRISE RESORT & SPA	UKRAINE-EO13685
IFDK, ZAO	UKRAINE-EO13685
PLAKSINA, Olga	UKRAINE-EO13685
ALVAREZ ESCOBAR, Jonathan	SDNTK
RUANO YANDUN, Tito Aldemar	SDNTK
AL-JABURI, Attallah Salman 'Abd Kafi	SDGT
AL-KUBAYSI, 'Umar	SDGT
AL-KAWTHAR MONEY EXCHANGE	SDGT
AL-AZAWI, Marwan Ibrahim Hussayn Tah	SDGT
MAJELIS MUJAHIDIN INDONESIA	SDGT
KAMSHILOV, Oleg Anatolievich	UKRAINE-EO13660
CENTRAL REPUBLIC BANK	UKRAINE-EO13660
STATE BANK LUHANSK PEOPLE'S REPUBLIC	UKRAINE-EO13660
TSMRBANK, OOO	UKRAINE-EO13660] [DPRK3] [RUSSIA-EO14024
TAATTA, AO	UKRAINE-EO13685
JOINT STOCK COMPANY BLACK SEA BANK OF DEVELOPMENT AND RECONSTRUCTION	UKRAINE-EO13685
JOINT STOCK COMMERCIAL BANK RUBLEV	UKRAINE-EO13685
JOINT-STOCK COMPANY COMMERCIAL BANK NORTH CREDIT	UKRAINE-EO13685
IS BANK, AO	UKRAINE-EO13685
VVB, PAO	UKRAINE-EO13685
AL BINALI, Mohammed Isa Yousif Saqar	SDGT
ATAR, Oussama Ahmad	SDGT
ARMAR, Mohammad Shafi	SDGT
LIMITED LIABILITY COMPANY CONCORD MANAGEMENT AND CONSULTING	UKRAINE-EO13661] [CYBER2
CONCORD CATERING	UKRAINE-EO13661] [CYBER2
PRIVATE MILITARY COMPANY 'WAGNER'	TCO] [UKRAINE-EO13660] [CAR] [RUSSIA-EO14024
UTKIN, Dmitriy Valeryevich	UKRAINE-EO13660
NAZAROV, Sergey Makarovich	UKRAINE-EO13660] [UKRAINE-EO13661
BIKE CENTER	UKRAINE-EO13660
'WOLF' HOLDING OF SECURITY STRUCTURES	UKRAINE-EO13660
NIKULOV, Gennadii Anatolievich	UKRAINE-EO13660
RYAUZOV, Denis Yuryevich	UKRAINE-EO13660
SHAH, Mohammad Yusuf	SDGT
MINGZHENG INTERNATIONAL TRADING LIMITED	NPWMD
DANDONG ZHICHENG METALLIC MATERIAL CO., LTD.	DPRK3
TRANSATLANTIC PARTNERS PTE. LTD.	DPRK3
VELMUR MANAGEMENT PTE LTD	DPRK3
GEFEST-M LLC	NPWMD
KIRAKOSYAN, Ruben Ruslanovich	NPWMD
LI, Hong Ri	DPRK3
PISKLIN, Mikhail Yur'evich	DPRK3
CHI, Yupeng	DPRK3
JINHOU INTERNATIONAL HOLDINGS CO., LTD.	DPRK3
DANDONG TIANFU TRADE CO., LTD.	DPRK3
SUN, Wei	NPWMD
DALIAN GLOBAL UNITY SHIPPING CO., LTD.	DPRK3
BARKHANOEV, Malik Ruslanovish	SDGT
AGUINO ARBOLEDA, Onofre Junior	SDNTK
RUANO YANDUN DRUG TRAFFICKING ORGANIZATION	SDNTK
LIU, Baoxia	NPWMD] [IFSR
ABASCIENCE TECH CO. LTD.	NPWMD] [IFSR
RAYBEAM OPTRONICS CO. LTD.	NPWMD] [IFSR
RAYTRONIC CORPORATION, LIMITED	NPWMD] [IFSR
SUNWAY TECH CO., LTD	NPWMD] [IFSR
RAYAN ROSHD AFZAR COMPANY	NPWMD] [IFSR
PARSAJAM, Mohsen	NPWMD] [IFSR
GHASEMI, Seyyed Reza	NPWMD] [IFSR
HAKEMZADEH, Farshad	NPWMD] [IFSR
ISLAMIC REVOLUTIONARY GUARD CORPS AEROSPACE FORCE SELF SUFFICIENCY JIHAD ORGANIZATION	SDGT] [NPWMD] [IRGC] [IFSR
ISLAMIC REVOLUTIONARY GUARD CORPS RESEARCH AND SELF-SUFFICIENCY JEHAD ORGANIZATION	SDGT] [NPWMD] [IRGC] [IFSR
QESHM MADKANDALOO SHIPBUILDING COOPERATIVE CO	NPWMD] [IFSR
RAMOR GROUP	NPWMD] [IFSR
TAVAN, Resit	NPWMD] [IFSR
AJILY SOFTWARE PROCUREMENT GROUP	TCO
ANDISHEH VESAL MIDDLE EAST COMPANY	TCO
AJILY, Mohammed Saeed	TCO
REZAKHAH, Mohammed Reza	TCO
SERBIN, Andrey	DPRK3
KIM, Tong-chol	DPRK3
MANSUDAE OVERSEAS PROJECTS ARCHITECTURAL AND TECHNICAL SERVICES (PTY) LIMITED	DPRK3
QINGDAO CONSTRUCTION (NAMIBIA) CC	DPRK3
ALBISINNI SERRANO, Rocco	VENEZUELA
ZERPA DELGADO, Simon Alejandro	VENEZUELA
REVEROL TORRES, Nestor Luis	VENEZUELA
JAUA MILANO, Elias Jose	VENEZUELA
GARCIA DUQUE, Franklin Horacio	VENEZUELA
SAAB HALABI, Tarek William	VENEZUELA
LUCENA RAMIREZ, Tibisay	VENEZUELA
SUAREZ CHOURIO, Jesus Rafael	VENEZUELA
RIVERO MARCANO, Sergio Jose	VENEZUELA
VARELA RANGEL, Maria Iris	VENEZUELA
PEREZ AMPUEDA, Carlos Alfredo	VENEZUELA
SHAHID KARIMI INDUSTRIES	NPWMD] [IFSR
SHAHID RASTEGAR INDUSTRIES	NPWMD] [IFSR
SHAHID CHERAGHI INDUSTRIES	NPWMD] [IFSR
SHAHID VARAMINI INDUSTRIES	NPWMD] [IFSR
SHAHID KALHOR INDUSTRIES	NPWMD] [IFSR
AMIR AL MO'MENIN INDUSTRIES	NPWMD] [IFSR
MADURO MOROS, Nicolas	VENEZUELA] [IRAN-CON-ARMS-EO
AMELIACH ORTA, Francisco Jose	VENEZUELA
CHAVEZ FRIAS, Adan Coromoto	VENEZUELA
D'AMELIO CARDIET, Tania	VENEZUELA
LUGO ARMAS, Bladimir Humberto	VENEZUELA
FARIAS PENA, Erika del Valle	VENEZUELA
MELENDEZ RIVAS, Carmen Teresa	VENEZUELA
VIVAS VELASCO, Ramon Dario	VENEZUELA
ESCARRA MALAVE, Hermann Eduardo	VENEZUELA
HIZBUL MUJAHIDEEN	FTO] [SDGT
AL-IRAQI, Abu Yahya	SDGT
ALKHALD, Ahmad	SDGT
AL-MANSUR, Salim Mustafa Muhammad	SDGT
LUKWANG, Okot	CAR
HATARI, Musa	CAR
RIAK RENGU, Malek Reuben	SOUTH SUDAN
ALL ENERGY INVESTMENTS LTD	SOUTH SUDAN
A+ ENGINEERING, ELECTRONICS & MEDIA PRINTING CO. LTD.	SOUTH SUDAN
MAK INTERNATIONAL SERVICES CO LTD	SOUTH SUDAN
THULSIE, Tony-Lee	SDGT
THULSIE, Brandon-Lee	SDGT
SADID CARAN SABA ENGINEERING COMPANY	NPWMD] [IFSR
KHORS AIRCOMPANY	SDGT] [IFSR
DART AIRLINES	SDGT] [IFSR
AHMADZADEGAN, Sadegh	CYBER2
KEISSAR, Sina	CYBER2
GHAFFARINIA, Omid	CYBER2
SAEDI, Nader	CYBER2
ITSEC TEAM	CYBER2
FATHI, Ahmad	CYBER2
SHOKOHI, Amin	CYBER2
FIROOZI, Hamid	CYBER2
AGRICULTURAL DEVELOPMENT BANK	DPRK4
PANG, Su Nam	DPRK2] [DPRK4
CHEIL CREDIT BANK	DPRK4
HANA BANKING CORPORATION LTD	DPRK3
PAE, Won Uk	DPRK4
RI, Chun Song	DPRK2
KANG, Min	DPRK4
KO, Chol Man	DPRK2
KIM, Sang-ho	DPRK4
KIM, Jong Man	DPRK4
RI, Chun Hwan	DPRK2
PAK, Bong Nam	DPRK4
KIM, Hyok Chol	DPRK4
KIM, Tong Chol	DPRK2
MUN, Kyong Hwan	DPRK4
KWAK, Chong-chol	DPRK4
RYOM, Hui-bong	DPRK4
HO, Yong Il	DPRK4
CH'OE, So'k-min	DPRK2
INTERNATIONAL INDUSTRIAL DEVELOPMENT BANK	DPRK4
JINSONG JOINT BANK	DPRK4
KORYO COMMERCIAL BANK LTD.	DPRK4
RYUGYONG COMMERCIAL BANK	DPRK4
JINMYONG JOINT BANK	DPRK4
KIM, Kyong Hyok	DPRK4
PAK, Chol Nam	DPRK4
RI, Ho Nam	DPRK4
JI, Sang Jun	DPRK4
PAK, Mun Il	DPRK4
CHA, Sung Jun	DPRK4
RI, U'n-so'ng	DPRK4
CHU, Hyo'k	DPRK4
CENTRAL BANK OF THE DEMOCRATIC PEOPLE'S REPUBLIC OF KOREA	DPRK3
KIM, Kyong Il	DPRK2
KU, Ja Hyong	DPRK2
CHAMS, Kassem	SDNTK
CHAMS MONEY LAUNDERING ORGANIZATION	SDNTK
CHAMS EXCHANGE COMPANY SAL	SDNTK
AL-DHUBHANI, Adil Abduh Fari Uthman	SDGT
QANAN, Radwan Muhammad Husayn Ali	SDGT
AL-MARFADI, Khalid	SDGT
AL-HAYASHI, Sayf Abdulrab Salem	SDGT
AL KHAYR SUPERMARKET	SDGT
AL-ADANI, Abu Sulayman	SDGT
AL-YAFI'I, Nashwan al-Wali	SDGT
AL-UBAYDI, Khalid Sa'id Ghabish	SDGT
AL-WAFI, Bilal Ali Muhammad	SDGT
WUHAN SANJIANG IMPORT AND EXPORT CO. LTD	NPWMD] [IFSR
SHAHID ALAMOLHODA INDUSTRIES	NPWMD] [IFSR
RASTAFANN ERTEBAT ENGINEERING COMPANY	NPWMD] [IFSR
FANAMOJ	NPWMD] [IFSR
EXTERNAL CONSTRUCTION BUREAU	DPRK3
CH'OLHYO'N OVERSEAS CONSTRUCTION COMPANY	DPRK3
MILITARY SECURITY COMMAND	DPRK3
RI, Thae Chol	DPRK2
SIN, Yong Il	DPRK2
KIM, Kang Jin	DPRK2
KU, Sung Sop	DPRK2
JO, Kyong-Chol	DPRK2
JONG, Yong Su	DPRK2
KIM, Min Chol	DPRK2
GONZALEZ PENUELAS, Jesus	SDNTK] [SDGT] [ILLICIT-DRUGS-EO14059
GONZALEZ PENUELAS, Ignacio	SDNTK
GONZALEZ PENUELAS, Wilfrido	SDNTK
OBLITAS RUZZA, Sandra	VENEZUELA
HERNANDEZ DE HERNANDEZ, Socorro Elizabeth	VENEZUELA
HIDROBO AMOROSO, Elvis Eduardo	VENEZUELA
VILLEGAS POLJAK, Ernesto Emilio	VENEZUELA
MARQUEZ MONSALVE, Jorge Elieser	VENEZUELA
FERNANDEZ MELENDEZ, Manuel Angel	VENEZUELA
OSORIO ZAMBRANO, Carlos Alberto	VENEZUELA
QUINTERO CUEVAS, Carlos Enrique	VENEZUELA
RODRIGUEZ DIAZ, Julian Isaias	VENEZUELA
HEIDARI, Reza	SDGT] [IRGC] [IFSR
PARDAZESH TASVIR RAYAN CO.	SDGT] [IRGC] [IFSR
FORENT TECHNIK GMBH	SDGT] [IRGC] [IFSR
PRINTING TRADE CENTER GMBH	SDGT] [IRGC] [IFSR
SEIF, Mahmoud	SDGT] [IRGC] [IFSR
TEJARAT ALMAS MOBIN HOLDING	SDGT] [IRGC] [IFSR
YUSONG SHIPPING CO	DPRK4
WON SAN 2	DPRK4
DAWN MARINE MANAGEMENT CO LTD	DPRK4
KOREA DAEBONG SHIPPING CO	DPRK4
KOREA RUNGRADO RYONGAK TRADING CO	DPRK4
KOREA RUNGRADO SHIPPING CO	DPRK4
ZA RYOK 2	DPRK4
7-28	DPRK4
YU SONG 12	DPRK4
YU SONG 7	DPRK4
JANG GYONG	DPRK4
KUM SONG 3	DPRK4
KUM SONG 5	DPRK4
KUM SONG 7	DPRK4
KUM UN SAN 3	DPRK4
RAK RANG	DPRK4
PU HUNG 1	DPRK4
RUNG RA DO	DPRK4
YANG GAK DO	DPRK4
RUNG RA 1	DPRK4
RUNG RA 2	DPRK4
SUN, Sidong	DPRK4
DANDONG DONGYUAN INDUSTRIAL CO., LTD.	DPRK4
KAUR, Eljeet	SDNTK
MARITIME ADMINISTRATION OF THE DEMOCRATIC PEOPLE'S REPUBLIC OF KOREA	DPRK3
MINISTRY OF LAND AND MARITIME TRANSPORTATION OF THE DEMOCRATIC PEOPLE'S REPUBLIC OF KOREA	DPRK3
DANDONG KEHUA ECONOMY & TRADE CO., LTD.	DPRK4
DANDONG XIANGHE TRADING CO., LTD.	DPRK4
DANDONG HONGDA TRADE CO. LTD.	DPRK4
KOREA SOUTH-SOUTH COOPERATION CORPORATION	DPRK3
KOREA KUMBYOL TRADING COMPANY	DPRK4
KANG SONG 1	DPRK4
KU BONG RYONG	DPRK4
RYE SONG GANG 1	DPRK4
SO BAEK SAN	DPRK4
DEBONO, Darren	LIBYA3
DEBONO, Gordon	LIBYA3
BEN KHALIFA, Fahmi	LIBYA3
ARAFA, Ahmed Ibrahim Hassan Ahmed	LIBYA3
PETROPLUS LTD	LIBYA3
PORTICELLO RESTAURANT	LIBYA3
THE BUSINESS CENTRE LTD.	LIBYA3
INOVEST LIMITED	LIBYA3
TIUBODA OIL AND GAS SERVICES	LIBYA3
KB LINES LIMITED	LIBYA3
AL-FAISAL, Abdullah Ibrahim	SDGT
MINISTRY OF CRUDE OIL INDUSTRY	DPRK3
JONG, Kyong Thaek	DPRK2
CHOE, Ryong Hae	DPRK2
KIM, Jong Sik	DPRK2
RI, Pyong Chol	DPRK2
THIEVES-IN-LAW	TCO
CHU, Na	SDNTK
CHU, Yeyou	SDNTK
LIU, Cuiying	SDNTK
ZHANG, Keping	SDNTK
PICHUGIN, Yuri Viktorovich	TCO
TOKHTAKHUNOV, Alimzhan Tursunovich	TCO
RI, Myong Hun	DPRK2
KO, Il Hwan	DPRK4
TYURIN, Vladimir Anatolyevich	TCO
TATULIAN, Ruben Albertovich	TCO
VESNA HOTEL AND SPA	TCO
NOVYI VEK - MEDIA	TCO
MAYOROVA, Yulia	MAGNIT
KATAEV, Ayub Vakhaevich	MAGNIT
PAVLOV, Andrei	MAGNIT
GERTLER, Dan	GLOMAG
KARLOV, Gennady Vyacheslavovich	MAGNIT
SHESHENYA, Alexei Nikolaevich	MAGNIT
DEBOUTTE, Pieter Albert	GLOMAG
FLEURETTE PROPERTIES LIMITED	GLOMAG
FLEURETTE HOLDINGS NETHERLANDS B.V.	GLOMAG
GERTLER FAMILY FOUNDATION	GLOMAG
OIL OF DR CONGO SPRL	GLOMAG
JARVIS CONGO SARL	GLOMAG
INTERNATIONAL DIAMOND INDUSTRIES	GLOMAG
D.G.D. INVESTMENTS LTD.	GLOMAG
D.G.I. ISRAEL LTD	GLOMAG
PROGLAN CAPITAL LTD	GLOMAG
EMAXON FINANCE INTERNATIONAL INC.	GLOMAG
AFRICA HORIZONS INVESTMENT LIMITED	GLOMAG
CAPRIKAT LIMITED	GLOMAG
FOXWHELP LIMITED	GLOMAG
CAPRIKAT AND FOXWHELP SARL	GLOMAG
LORA ENTERPRISES LIMITED	GLOMAG
ZUPPA HOLDINGS LIMITED	GLOMAG
ORAMA PROPERTIES LTD	GLOMAG
DGI MINING LTD	GLOMAG
ROZARO DEVELOPMENT LIMITED	GLOMAG
KUSIUK, Sergey	GLOMAG
JUAREZ RAMIREZ, Julio Antonio	GLOMAG
SHAH, Mukhtar Hamid	GLOMAG
SOE, Maung Maung	GLOMAG
GAO, Yan	GLOMAG
BOL MEL, Benjamin	GLOMAG
PREDUZECE ZA TRGOVINU NA VELIKO I MALO PARTIZAN TECH DOO BEOGRAD-SAVSKI VENAC	GLOMAG
CHARSO LIMITED	GLOMAG
GRAWIT LIMITED	GLOMAG
TEHNOGLOBAL SYSTEMS DOO BEOGRAD	GLOMAG
TESIC, Slobodan	GLOMAG
CHAYKA, Artem Yuryevich	GLOMAG
JAMMEH, Yahya	GLOMAG
BADJIE, Yankuba	GLOMAG
KARIMOVA, Gulnara	GLOMAG
KANILAI GROUP INTERNATIONAL	GLOMAG
KANILAI WORNI FAMILY FARMS LTD	GLOMAG
ROYAL AFRICA CAPITAL HOLDING LTD	GLOMAG
AFRICADA FINANCIAL SERVICES AND BUREAU DE CHANGE LTD	GLOMAG
AFRICADA MICRO-FINANCE LTD	GLOMAG
AFRICADA AIRWAYS	GLOMAG
AFRICADA INSURANCE COMPANY	GLOMAG
KORA MEDIA CORPORATION LTD	GLOMAG
ATLANTIC PELICAN COMPANY LTD	GLOMAG
PALM GROVE AFRICA DEV'T CORP. LTD	GLOMAG
PATRIOT INSURANCE BROKERS CO. LTD	GLOMAG
ROYAL AFRICA SECURITIES BROKERAGE CO LTD	GLOMAG
AL-GHAZALI, Muhammad	SDGT
ABMC THAI-SOUTH SUDAN CONSTRUCTION COMPANY LIMITED	GLOMAG
HOME AND AWAY LTD.	GLOMAG
KADYROV, Ramzan Akhmatovich	MAGNIT] [GLOMAG] [RUSSIA-EO14024
MARCO TORRES, Rodolfo Clemente	VENEZUELA
RANGEL GOMEZ, Francisco Jose	VENEZUELA
ZAVARSE PABON, Fabio Enrique	VENEZUELA
IZQUIERDO TORRES, Gerardo Jose	VENEZUELA
LEONE MARTINEZ, Miguel Jose	SDNTK
ADAN, Abukar Ali	SDGT
AL-FAQIH, Wanas	SDGT
MOTORCYCLE ART LTD.	LIBYA3
HI-LOW PROPERTIES LTD.	LIBYA3
ELEVEN EIGHTY EIGHT LIMITED	LIBYA3
MALTA DIRECTORIES LTD.	LIBYA3
MR HANDYMAN LTD	LIBYA3
MARIE DE LOURDES COMPANY LIMITED	LIBYA3
WORLD WATER FISHERIES LIMITED	LIBYA3
KB INVESTMENTS LIMITED	LIBYA3
SEABRASS LIMITED	LIBYA3
TARA LIMITED	LIBYA3
KRAKERN LIMITED	LIBYA3
GORGE LIMITED	LIBYA3
S-CAPE YACHT CHARTER LIMITED	LIBYA3
S-CAPE LIMITED	LIBYA3
OCEANO BLU TRADING LIMITED	LIBYA3
ADJ TRADING LIMITED	LIBYA3
ANDREA MARTINA LIMITED	LIBYA3
PETROPARK S.R.L.	LIBYA3
THEODOROS	LIBYA3
PROGRES	LIBYA3
BONU 5	LIBYA3
MARIE DE LOURDES	LIBYA3
MARIE DE LOURDES I	LIBYA3
MARIE DE LOURDES V	LIBYA3
ZEUS	LIBYA3
SHAHID KHARRAZI INDUSTRIES	NPWMD] [IFSR
SHAHID SANIKHANI INDUSTRIES	NPWMD] [IFSR
SHAHID MOGHADDAM INDUSTRIES	NPWMD] [IFSR
SHAHID ESLAMI RESEARCH CENTER	NPWMD] [IFSR
SHAHID SHUSTARI INDUSTRIES	NPWMD] [IFSR
MOKU GOLDMINES AG	GLOMAG
GAINI, Abdelatif	SDGT
DHAR, Siddhartha	SDGT
IRAN HELICOPTER SUPPORT AND RENEWAL COMPANY	NPWMD] [IFSR
IRAN AIRCRAFT INDUSTRIES	NPWMD] [IFSR
GREEN WAVE TELECOMMUNICATION	NPWMD] [IFSR
RAZAVI, Morteza	NPWMD] [IFSR
RAJAEE SHAHR PRISON	IRAN-HR
ZIAEI, Gholamreza	IRAN-HR
YUHUA, Shi	NPWMD] [IFSR
SALAVATI, Abolghassem	IRAN] [IRAN-TRA
MOGHISSEH, Mohammad	IRAN] [IRAN-TRA
LARIJANI, Sadegh Amoli	IRAN-HR
SUPREME COUNCIL OF CYBERSPACE	IRAN-TRA
NATIONAL CYBERSPACE CENTER	IRAN-TRA
IRANIAN ISLAMIC REVOLUTIONARY GUARD CORPS CYBER-ELECTRONIC COMMAND	SDGT] [IRGC] [IFSR] [HRIT-IR] [IRAN-CON-ARMS-EO
DANDONG JINXIANG TRADE CO., LTD.	DPRK4
KIM, Ho Kyu	DPRK2
PAK, Tong Sok	DPRK2
PARDAZAN SYSTEM NAMAD ARMAN	NPWMD] [IFSR
BOCHUANG CERAMIC, INC.	NPWMD] [IFSR
ZHU, Yuequn	NPWMD] [IFSR
CHOE, Song Nam	DPRK4
KIM, Chol	DPRK4
PAEK, Jong Sam	DPRK4
RI, Tok Jin	DPRK2
JONG, Man Bok	DPRK2
KIM, Man Chun	DPRK2
KIM, Kyong Hak	DPRK2
KIM, Pyong Chan	DPRK2
KIM, Song	DPRK2
HAN, Kwon U	DPRK2
GOORYONG SHIPPING CO LTD	DPRK4
GOO RYONG	DPRK4
RYANG, Tae Chol	DPRK2
HWASONG SHIPPING CO LTD	DPRK4
HWA SONG	DPRK4
KOREA KUMUNSAN SHIPPING CO	DPRK4
PAK, Kwang Hun	DPRK2
KUM UN SAN	DPRK4
HANA ELECTRONICS JVC	DPRK4
KOREA MARINE & INDUSTRIAL TRDG	DPRK4
UN RYUL	DPRK4
EVER GLORY	DPRK4
BEIJING CHENGXING TRADING CO. LTD.	DPRK4
CK INTERNATIONAL LTD	DPRK4
UL JI BONG 6	DPRK4
INSTAR LODZHISTIKS, OOO	UKRAINE-EO13661] [RUSSIA-EO14024
KOLOSOV, Bogdan Valeryevich	UKRAINE-EO13661
CHEREZOV, Andrey Vladimirovich	UKRAINE-EO13661
GRABCHAK, Evgeniy Petrovich	UKRAINE-EO13661
BATARFI, Khalid	SDGT
MALAKHOVA, Svetlana Anatolievna	UKRAINE-EO13660
MALGIN, Pavel Vladimirovich	UKRAINE-EO13660
KOSTENKO, Elena Nikolaevna	UKRAINE-EO13660
LENGIPRONEFTEKHIM OOO	UKRAINE-EO13662] [RUSSIA-EO14024
VAD, AO	UKRAINE-EO13685
ABRAMOV, Valeri Vyacheslavovich	UKRAINE-EO13685
PEREVALOV, Viktor Pavlovich	UKRAINE-EO13685] [RUSSIA-EO14024
OVSYANNIKOV, Dmitry Vladimirovich	UKRAINE-EO13660
PSKOVNEFTEPRODUKT OOO	UKRAINE-EO13662] [RUSSIA-EO14024
PENTYA, Aleksandr Yevgenyevich	UKRAINE-EO13661
NOVGORODNEFTEPRODUCT OOO	UKRAINE-EO13662] [RUSSIA-EO14024
JSC POWER MACHINES	UKRAINE-EO13685] [RUSSIA-EO14024
EVRO POLIS LTD.	UKRAINE-EO13661
LIMITED LIABILITY COMPANY FOREIGN ECONOMIC ASSOCIATION TECHNOPROMEXPORT	UKRAINE-EO13685
TOPOR-GILKA, Sergey Anatolyevich	UKRAINE-EO13685
KINEF OOO	UKRAINE-EO13662] [RUSSIA-EO14024
KALININGRADNEFTEPRODUKT OOO	UKRAINE-EO13662] [RUSSIA-EO14024
SO TVERNEFTEPRODUKT OOO	UKRAINE-EO13662] [RUSSIA-EO14024
KIRISHIAVTOSERVIS OOO	UKRAINE-EO13662] [RUSSIA-EO14024
MELNYCHUK, Oleksandr	UKRAINE-EO13660
PASHKOV, Vladimir Igorevich	UKRAINE-EO13660
ZAO VNESHTORGSERVIS	UKRAINE-EO13660
KOMPANIYA GAZ-ALYANS, OOO	UKRAINE-EO13660
JOINT STOCK COMPANY SURGUTNEFTEGASBANK	UKRAINE-EO13662] [RUSSIA-EO14024
MELNYCHUK, Serhiy	UKRAINE-EO13660
DONCOALTRADE SP Z O O	UKRAINE-EO13660
UGOLNYE TEKHNOLOGII, OOO	UKRAINE-EO13660
PAVLENKO, Vladimir Nikolaevich	UKRAINE-EO13660
TIMOFEEV, Aleksandr Yurievich	UKRAINE-EO13660
MATYUSHCHENKO, Ekaterina Sergeevna	UKRAINE-EO13660
NIKONOROVA, Natalya Yurievna	UKRAINE-EO13660
GRANOVSKY, Aleksey Ivanovich	UKRAINE-EO13660
ANTIPOV, Igor Yurievich	UKRAINE-EO13660
RADOMSKAYA, Elena Vladimirovna	UKRAINE-EO13660
RINCON CASTILLO, Pedro Nel	SDNTK
RINCON CASTILLO DRUG TRAFFICKING ORGANIZATION	SDNTK
TRIANA ROMERO, Horacio de Jesus	SDNTK
RINCON CASTILLO, Omar Josue	SDNTK
RINCON CASTILLO, Gilberto	SDNTK
RINCON CASTILLO, Salvador	SDNTK
RINCON CASTILLO, Gustavo	SDNTK
RINCON CASTILLO, Emerio	SDNTK
SOLANO CHAVES, Julio Rodolfo	SDNTK
COMERCIALIZADORA INTERNACIONAL AGRICOLA Y GANADERA RINCON CASTILLO LIMITADA	SDNTK
DISTRIBUIDORA Y ELECTRICOS RINCON LTDA.	SDNTK
ESMERALDAS COLOMBIANAS CERRO GUALILO LTDA. C.I.	SDNTK
ESMERALDAS NARAPAY LTDA	SDNTK
SOCIEDAD ESMERALDIFERA DE MARIPI LTDA.	SDNTK
ZULIANA DE ESMERALDAS C.I. S.A.S.	SDNTK
MUHAMMAD, Faqir	SDGT
HANIYAH, Ismail Abdul Salah	SDGT] [NS-PLC
HASM	FTO] [SDGT
INAYATULLAH, Maulawi	SDGT
LIWA AL-THAWRA	SDGT
SANI, Abdul Samad	SDGT
HARAKAT AL-SABIREEN	SDGT
HAMIDI, Gula Khan	SDGT
ABDUL BASEER, Abdul Qadeer Basir	SDGT
POPALZAI, Hafiz Mohammed	SDGT
MUNDOS, Muhindo Akili	DRCONGO
MWISSA, Guidon Shimiray	DRCONGO
NZABAMWITA, Lucien	DRCONGO
MUTANGA, Gedeon Kyungu	DRCONGO
WEI, Zhao	TCO
ZHAO WEI TCO	TCO
SU, Guiqin	TCO
EBERAHIM, Abbas	TCO
RUNGTAWANKHIRI, Nat	TCO
KINGS ROMANS INTERNATIONAL (HK) CO., LIMITED	TCO
KINGS ROMANS INTERNATIONAL INVESTMENT CO. LIMITED	TCO
KING ROMANS COMPANY LIMITED	TCO
QANSU, Jihad Muhammad	SDGT
QANSU, Ali Muhammad	SDGT
BLUE LAGOON GROUP LTD.	SDGT
KANSO FISHING AGENCY LIMITED	SDGT
STAR TRADE GHANA LIMITED	SDGT
GOLDEN FISH LIBERIA LTD.	SDGT
GOLDEN FISH S.A.L. (OFFSHORE)	SDGT
DOLPHIN TRADING COMPANY LIMITED	SDGT
SKY TRADE COMPANY	SDGT
SAAD, Issam Ahmad	SDGT
ASSAF, Nabil Mahmoud	SDGT
SAAD, Abdul Latif	SDGT
BADR-AL-DIN, Muhammad	SDGT
KHAN, Dilawar Khan Nadir	SDGT
MUHAMMAD, Rahman Zeb Faqir	SDGT
KHAN, Hizb Ullah Astam	SDGT
ABUBAKAR, Abdulpatta Escalon	SDGT
SAKARYA, Yunus Emre	SDGT
CHONMYONG SHIPPING CO	DPRK4
HAPJANGGANG SHIPPING CORP	DPRK4
KOREA ACHIM SHIPPING CO	DPRK4
KOREA ANSAN SHIPPING COMPANY	DPRK4
PROFESYONELLER ELEKTRONIK	SDGT
KOREA UNPHA SHIPPING & TRADING	DPRK4
KOREA MYONGDOK SHIPPING CO	DPRK4
KOREA SAMJONG SHIPPING CO	DPRK4
KOREA SAMMA SHPG CO	DPRK4
KOREA YUJONG SHIPPING CO LTD	DPRK4
PAEKMA SHIPPING CO	DPRK4
PHYONGCHON SHIPPING & MARINE	DPRK4
POCHON SHIPPING & MANAGEMENT	DPRK4
YUSUF, Mohamed Mire Ali	SDGT
SONGWON SHIPPING & MANAGEMENT	DPRK4
AL-MUTAFAQ COMMERCIAL COMPANY	SDGT
LIIBAAN GENERAL TRADING CO.	SDGT
TONGHUNG SHIPPING & TRADING CO	DPRK4
MYOHYANG SHIPPING CO	DPRK4
FIRST OIL JV CO LTD	DPRK4
CHON MYONG 1	DPRK4
NAM SAN 8	DPRK4
HAP JANG GANG 6	DPRK4
CHON MA SAN	DPRK4
AN SAN 1	DPRK4
KUM GANG 3	DPRK4
YU PHYONG 5	DPRK4
SAM JONG 1	DPRK4
SAM JONG 2	DPRK4
SAM MA 2	DPRK4
YU JONG 2	DPRK4
PAEK MA	DPRK4
JI SONG 6	DPRK4
JI SONG 8	DPRK4
WOORY STAR	DPRK4
PO CHON	DPRK4
SONG WON	DPRK4
TONG HUNG 5	DPRK4
YU SON	DPRK4
CHANG AN SHIPPING & TECHNOLOGY	DPRK4
HUA FU	DPRK4
HONGXIANG MARINE HONG KONG LTD	DPRK4
ORIENTAL TREASURE	DPRK4
SHEN ZHONG INTERNATIONAL SHPG	DPRK4
HAO FAN 2	DPRK4
HAO FAN 6	DPRK4
LIBERTY SHIPPING CO LTD	DPRK4
WEIHAI WORLD-SHIPPING FREIGHT	DPRK4
XIN GUANG HAI	DPRK4
HUAXIN SHIPPING HONGKONG LTD	DPRK4
ASIA BRIDGE 1	DPRK4
SHANGHAI DONGFENG SHPG CO LTD	DPRK4
DONG FENG 6	DPRK4
KOTI CORP	DPRK4
KOTI	DPRK4
YUK TUNG ENERGY PTE LTD	DPRK4
YUK TUNG	DPRK4
ANSARUL ISLAM	SDGT
TSANG, Yung Yuan	DPRK3
PRO-GAIN GROUP CORPORATION	DPRK3
KINGLY WON INTERNATIONAL CO., LTD.	DPRK3
ISIS-BANGLADESH	FTO] [SDGT
ISIS-PHILIPPINES	FTO] [SDGT
ISIS-WEST AFRICA	FTO] [SDGT
AL-BARNAWI, Abu Musab	SDGT
ISIS-SOMALIA	SDGT
MAUTE GROUP	SDGT
ISIS-EGYPT	SDGT
JUND AL-KHILAFAH IN TUNISIA	SDGT
MARTIN OLIVARES, Pedro Luis	SDNTK
DEL NOGAL MARQUEZ, Walter Alexander	SDNTK
RODRIGUEZ ESPINOZA, Mario Antonio	SDNTK
D2 IMAGINEERING, C.A.	SDNTK
GRUPO CONTROL 2004, C.A.	SDNTK
GRUPO CONTROL SYSTEM 2004, C.A.	SDNTK
INMUEBLES Y DESARROLLOS WEST POINT, C.A.	SDNTK
INVERSIONES PMA 243, C.A.	SDNTK
MATSUNICHI OIL TRAEADEZ 12, C.A.	SDNTK
MATSUNICHI OIL TRADER, C.A.	SDNTK
PLM CONSORCIO, C.A.	SDNTK
PLM CONSULTORES, C.A.	SDNTK
P.L.M. GROUP SOCIEDAD DE CORRETAJE DE VALORES, C.A.	SDNTK
PLM SECURITY CONTROL GROUP, C.A.	SDNTK
P L M SOCIEDAD DE CORRETAJE, C.A.	SDNTK
PLM TRANSPORTE, C.A.	SDNTK
TECHNO TRANSPORTE ML, C.A.	SDNTK
DEL BROS OVERSEAS, S.A.	SDNTK
DMI TRADING INC.	SDNTK
FINANCIAL CORPORATION FINCORP, C.A.	SDNTK
FINANCIAL CORPORATION (FINCORP INTERNATIONAL), S.A.	SDNTK
VIC DEL INC. (OFF SHORE)	SDNTK
INVERSIONES MALAMAR R, C.A.	SDNTK
ABDI, Abdifatah Abubakar	SDGT
ALI, Ahmad Iman	SDGT
INTERNET RESEARCH AGENCY LLC	CYBER2] [ELECTION-EO13848
BYSTROV, Mikhail Ivanovich	CYBER2
BURCHIK, Mikhail Leonidovich	CYBER2] [ELECTION-EO13848
KRYLOVA, Aleksandra Yuryevna	CYBER2
BOGACHEVA, Anna Vladislavovna	CYBER2
POLOZOV, Sergey Pavlovich	CYBER2
BOVDA, Maria Anatolyevna	CYBER2
BOVDA, Robert Sergeyevich	CYBER2
ASLANOV, Dzheykhun Nasimi Ogly	CYBER2] [ELECTION-EO13848
PODKOPAEV, Vadim Vladimirovich	CYBER2] [ELECTION-EO13848
VASILCHENKO, Gleb Igorevich	CYBER2
KAVERZINA, Irina Viktorovna	CYBER2
VENKOV, Vladimir Dmitriyevich	CYBER2] [ELECTION-EO13848
AFANASYEV, Sergei	CAATSA - RUSSIA
MOLCHANOV, Grigoriy Viktorovich	CAATSA - RUSSIA
ASPERMAN, Joe	SDGT
KATIBAT AL-IMAM AL-BUKHARI	SDGT
MATA GARCIA, Americo Alex	VENEZUELA
CONTRERAS, Willian Antonio	VENEZUELA
LEPAJE SALAZAR, Nelson Reinaldo	VENEZUELA
MESRI, Behzad	HRIT-IR] [CYBER2
GHERMAY, Ermias	LIBYA3
RUSSIAN FINANCIAL CORPORATION	DPRK3] [RUSSIA-EO14024
MABNA INSTITUTE	CYBER2
SADEGHI, Mostafa	CYBER2
RAFATNEJAD, Gholamreza	CYBER2
GOHARI MOQADAM, Abuzar	CYBER2
TAHMASEBI, Sajjad	CYBER2
MOHAMMADI, Ehsan	CYBER2
KARIMA, Abdollah	CYBER2
SABAHI, Roozbeh	CYBER2
SABAHI, Mohammed Reza	CYBER2
MIRKARIMI, Seyed Ali	CYBER2
BARAKAT TRANSNATIONAL CRIMINAL ORGANIZATION	TCO
BARAKAT, Nasif	TCO
KOSTIN, Andrey Leonidovich	UKRAINE-EO13661
MILLER, Alexey Borisovich	UKRAINE-EO13661] [RUSSIA-EO14024
TORSHIN, Alexander Porfiryevich	UKRAINE-EO13661
REZNIK, Vladislav Matusovich	UKRAINE-EO13661] [RUSSIA-EO14024
USTINOV, Vladimir Vasilyevich	UKRAINE-EO13661] [RUSSIA-EO14024
DYUMIN, Alexey Gennadyevich	UKRAINE-EO13661
ROTENBERG, Igor Arkadyevich	UKRAINE-EO13662] [RUSSIA-EO14024
SHAMALOV, Kirill Nikolaevich	UKRAINE-EO13662
GAZPROM BURENIE, OOO	UKRAINE-EO13662
NPV ENGINEERING OPEN JOINT STOCK COMPANY	UKRAINE-EO13662
LADOGA MENEDZHMENT, OOO	UKRAINE-EO13662
B-FINANCE LTD	UKRAINE-EO13661] [UKRAINE-EO13662
BASIC ELEMENT LIMITED	UKRAINE-EO13661] [UKRAINE-EO13662
AGROHOLDING KUBAN	UKRAINE-EO13661] [UKRAINE-EO13662
RUSSIAN MACHINES	UKRAINE-EO13661] [UKRAINE-EO13662
GAZ GROUP	UKRAINE-EO13661] [UKRAINE-EO13662] [RUSSIA-EO14024
KOSACHEV, Konstantin Iosifovich	UKRAINE-EO13661] [RUSSIA-EO14024
KHALID, Saifullah	SDGT
HASHIMI, Muzammil Iqbal	SDGT
DAR, Muhammad Harris	SDGT
QAYYUUM, Tabish	SDGT
DERIPASKA, Oleg Vladimirovich	UKRAINE-EO13661] [UKRAINE-EO13662
RENOVA GROUP	UKRAINE-EO13662
AHMAD, Fayyaz	SDGT
NADEEM, Faisal	SDGT
VEKSELBERG, Viktor Feliksovich	UKRAINE-EO13662] [RUSSIA-EO14024
EHSAN, Muhammad	SDGT
PATRUSHEV, Nikolai Platonovich	UKRAINE-EO13661] [RUSSIA-EO14024
ABU GREIN, Musab	LIBYA3
KOSHLAF, Mohamed	LIBYA3
MILAD, Abd al-Rahman	LIBYA3
FITWI, Abd al-Razzak	LIBYA3
DABBASHI, Ahmed	LIBYA3
FRADKOV, Mikhail Efimovich	UKRAINE-EO13661
AKIMOV, Andrey Igorevich	UKRAINE-EO13661] [RUSSIA-EO14024
BOGDANOV, Vladimir Leonidovich	UKRAINE-EO13662] [RUSSIA-EO14024
GOVORUN, Oleg	UKRAINE-EO13661
KOLOKOLTSEV, Vladimir Alexandrovich	UKRAINE-EO13661] [RUSSIA-EO14024
ZHAROV, Alexander Alexandrovich	UKRAINE-EO13661
VALIULIN, Timur Samirovich	UKRAINE-EO13661
KERIMOV, Suleiman Abusaidovich	UKRAINE-EO13661] [RUSSIA-EO14024
ZOLOTOV, Viktor Vasiliyevich	UKRAINE-EO13661] [RUSSIA-EO14024
SHKOLOV, Evgeniy Mikhailovich	UKRAINE-EO13661
FURSENKO, Sergei	UKRAINE-EO13661
JUUK, Kuol Manyang	SOUTH SUDAN
LOMURO, Martin Elia	SOUTH SUDAN
BAZZI, Mohammad Ibrahim	SDGT
ENERGY ENGINEERS PROCUREMENT AND CONSTRUCTION	SDGT
SAFI-AL-DIN, Abdallah	SDGT
AFRICA MIDDLE EAST INVESTMENT HOLDING SAL	SDGT
EURO AFRICAN GROUP LTD	SDGT
PREMIER INVESTMENT GROUP SAL (OFF-SHORE)	SDGT
BLUE AIRWAYS	SDGT] [IFSR
OTIK AVIATION	SDGT] [IFSR
MABANZA, Myrna Ajijul	SDGT
CABELLO RONDON, Diosdado	VENEZUELA
CABELLO RONDON, Jose David	VENEZUELA
SARRIA DIAZ, Rafael Alfredo	VENEZUELA
SAI ADVISORS INC.	VENEZUELA
NOOR PLANTATION INVESTMENTS LLC	VENEZUELA
11420 CORP.	VENEZUELA
CONTRERAS HERNANDEZ, Marleny Josefina	VENEZUELA
PRIMORYE MARITIME LOGISTICS CO LTD	DPRK4
GUDZON SHIPPING CO LLC	DPRK4
KAZEMABAD, Mahmud Bagheri	SDGT] [IRGC] [IFSR
JA'FARI, Mohammad Agha	SDGT] [IRGC] [IFSR
SHIR AMIN, Javad Bordbar	SDGT] [IRGC] [IFSR
AZARPISHEH, Mehdi	SDGT] [IRGC] [IFSR
TEHRANI, Sayyed Mohammad Ali Haddadnezhad	NPWMD] [IRGC] [IFSR
EP-PUL	SDGT] [IRGC] [IFSR
EP-PUA	SDGT] [IRGC] [IFSR
EP-PUM	SDGT] [IRGC] [IFSR
EP-LDA	SDGT] [IRGC] [IFSR
EP-LDC	SDGT] [IRGC] [IFSR
EP-CAR	SDGT] [IFSR
EP-CAQ	SDGT] [IFSR
EP-CAP	SDGT] [IFSR
EP-CAS	SDGT] [IFSR
EP-CPD	SDGT] [IFSR
EP-CPZ	SDGT] [IFSR
EP-CPX	SDGT] [IFSR
EP-CPU	SDGT] [IFSR
EP-CPV	SDGT] [IFSR
EP-MOR	SDGT] [NPWMD] [IFSR
EP-MOS	SDGT] [NPWMD] [IFSR
EP-MOQ	SDGT] [NPWMD] [IFSR
EP-MOP	SDGT] [NPWMD] [IFSR
EP-MOM	SDGT] [NPWMD] [IFSR
EP-MOD	SDGT] [NPWMD] [IFSR
EP-MMV	SDGT] [NPWMD] [IFSR
EP-MMJ	SDGT] [NPWMD] [IFSR
EP-MNF	SDGT] [NPWMD] [IFSR
EP-MMA	SDGT] [NPWMD] [IFSR
EP-MMB	SDGT] [NPWMD] [IFSR
EP-MMC	SDGT] [NPWMD] [IFSR
EP-SIG	SDGT] [IFSR
EP-SIF	SDGT] [IFSR
EP-AJI	SDGT] [IFSR
EP-AJH	SDGT] [IFSR
EP-AJC	SDGT] [IFSR
PATRIOT	DPRK4
NEPTUN	DPRK4
BELLA	DPRK4
BOGATYR	DPRK4
PARTIZAN	DPRK4
SEVASTOPOL	DPRK4
QASIM, Naim	SDGT
KOREA UNGUM CORPORATION	DPRK3
PROFINET PTE. LTD.	DPRK4
KOLCHANOV, Vasili Aleksandrovich	DPRK4
DANDONG ZHONGSHENG INDUSTRY & TRADE CO., LTD.	NPWMD
AL-SAYYID, Ibrahim Amin	SDGT
YAZBAK, Muhammad	SDGT
YEGANE, Gulnihal	SDGT] [IFSR
TRIGRON LOJISTIK KARGO LIMITED SIRKETI	SDGT] [IFSR
3G LOJISTIK VE HAVACILIK HIZMETLARI LTD.	SDGT] [IFSR
RA HAVACILIK LOJISTIK VE TASIMACILIK TICARET LIMITED	SDGT] [IFSR
RONAGHI, Iraj	SDGT] [IFSR
ZANGANEH, Touraj	SDGT] [IFSR
AL-KHALIL, Husayn	SDGT
DENA AIRWAYS	SDGT] [IFSR
NIKBAKHT, Mas'ud	SDGT] [IRGC] [IFSR
NAJAFPUR, Sa'id	SDGT] [IRGC] [IFSR
KHODA'I, Mohammad Hasan	SDGT] [IRGC] [IFSR
AMINI, Meghdad	SDGT] [IRGC] [IFSR
VALADZAGHARD, Mohammadreza Khedmati	SDGT] [IRGC] [IFSR
SALEHI, Foad	SDGT] [IRGC] [IFSR
JAHAN ARAS KISH	SDGT] [IRGC] [IFSR
RASHED EXCHANGE	SDGT] [IRGC] [IFSR
JOINT PARTNERSHIP OF MOHAMMADREZA KHEDMATI AND ASSOCIATES	SDGT] [IRGC] [IFSR
KAREEM, Aras Habib	SDGT] [IRGC] [IFSR
SEIF, Valiollah	SDGT] [IFSR
TARZALI, Ali	SDGT] [IFSR
QASIR, Muhammad	SDGT
AL-BILAD ISLAMIC BANK FOR INVESTMENT AND FINANCE P.S.C.	SDGT] [IRGC] [IFSR
ISIS IN THE GREATER SAHARA	SDGT
AL-SAHRAWI, Adnan Abu Walid	SDGT
CAR ESCORT SERVICES S.A.L. OFF SHORE	SDGT
DALIAN SUN MOON STAR INTERNATIONAL LOGISTICS TRADING CO., LTD	DPRK4
SINSMS PTE. LTD.	DPRK4
FIROUZABADI, Abdolhassan	IRAN-TRA
ALI-ASGARI, Abdulali	IRAN-TRA
KHORAMABADI, Abdolsamad	IRAN-TRA
EVIN PRISON	IRAN-HR
HANISTA PROGRAMING GROUP	HRIT-IR
ANSAR-E HEZBOLLAH	IRAN-HR
MOHTASHAM, Abdolhamid	IRAN-HR
ALLAHKARAM, Hossein	IRAN-HR
OSTAD, Hamid	IRAN-HR
COMMERCIAL BANK AGROSOYUZ	DPRK4
RI, Jong Won	DPRK2
KVANT SCIENTIFIC RESEARCH INSTITUTE	CYBER2] [CAATSA - RUSSIA
DIVETECHNOSERVICES	CYBER2
TRIBUN, Aleksandr Lvovich	CYBER2
CHIRIKOV, Oleg Sergeyevich	CYBER2
DIGITAL SECURITY	CYBER2
KAGANSKIY, Vladimir Yakovlevich	CYBER2
ERPSCAN	CYBER2
EMBEDI	CYBER2
ROSARIO, Felix Ramon Bautista	GLOMAG
MOKU MINES D'OR SA	GLOMAG
CONSTRUCTORA HADOM SA	GLOMAG
FLEURETTE ENERGY I B.V.	GLOMAG
FLEURETTE AFRICA RESOURCES I B.V.	GLOMAG
AFRICAN TRANS INTERNATIONAL HOLDINGS B.V.	GLOMAG
FLEURETTE AFRICAN TRANSPORT B.V.	GLOMAG
ORIENTAL IRON COMPANY SPRL	GLOMAG
IRON MOUNTAIN ENTERPRISES LIMITED	GLOMAG
SANZETTA INVESTMENTS LIMITED	GLOMAG
ALMERINA PROPERTIES LIMITED	GLOMAG
KITOKO FOOD FARM	GLOMAG
KARIBU AFRICA SERVICES SA	GLOMAG
VENTORA DEVELOPMENT SASU	GLOMAG
SOLUCIONES ELECTRICAS Y MECANICAS HADOM S.R.L.	GLOMAG
SEYMEH INGENIERIA SRL	GLOMAG
INMOBILIARIA ROFI S A	GLOMAG
CONSTRUCTORA ROFI S A	GLOMAG
HIENG, Hing Bun	GLOMAG
YAMAKI, K.K.	TCO
TOYO SHINYO JITSUGYO K.K.	TCO
MORIO, Utao	TCO
TSUDA, Chikara	TCO
MORENO, Fidel	GLOMAG
DIAZ, Francisco	GLOMAG
LOPEZ, Jose Francisco	GLOMAG
MAHAN TRAVEL AND TOURISM SDN BHD	SDGT] [IFSR
AL-ASHTAR BRIGADES	FTO] [SDGT
ELECTRONICS KATRANGI TRADING	NPWMD
KATRANGI, Amir	NPWMD
KATRANGI, Maher	NPWMD
KATRANGI, Houssam	NPWMD
KATRANGI, Mohamad	NPWMD
CHAHINE, Mireille	NPWMD
EKT SMART TECHNOLOGY	NPWMD
ZHOU, Yishan	NPWMD
GOLDEN STAR CO	NPWMD
AJAKA, Tony	NPWMD
BEURKLIAN, Anni	NPWMD
TOP TECHNOLOGIES SARL	NPWMD
POLO TRADING	NPWMD
HASSAN, Hameed ul	SDGT
JABBAR, Abdul	SDGT
AL-KHALIDI EXCHANGE	SDGT
AL-DAKHIL, Abdul Rehman	SDGT
AL-HEBO JEWELRY COMPANY	SDGT
AL-HEBO, Muhamad Ali	SDGT
UDIN, Mohamad Rafi	SDGT
KIRAM, Mohammad Reza Lahaman	SDGT
AHMED, Qassim Abdullah Ali	SDGT
HLAING, Khin	GLOMAG
ZAW, Aung Kyaw	GLOMAG
LWIN, Thura San	GLOMAG
SOE, Khin Maung	GLOMAG
99TH LIGHT INFANTRY DIVISION OF THE BURMESE ARMY	GLOMAG
33RD LIGHT INFANTRY DIVISION OF THE BURMESE ARMY	GLOMAG] [BURMA-EO14014
TAKAGI, Yasuo	TCO
MITSUYASU, Katsuaki	TCO
VELA-MARINE LTD.	CYBER2
NAGIBIN, Anton Aleksandrovich	CYBER2
LACNO S.R.O.	CYBER2
EQUIPMENT DEVELOPMENT DEPARTMENT	CAATSA - RUSSIA
LI, Shangfu	CAATSA - RUSSIA
MY AVIATION COMPANY LIMITED	SDGT] [IFSR
JAMA'AT NUSRAT AL-ISLAM WAL-MUSLIMIN	FTO] [SDGT
AL-QATIRJI COMPANY	SDGT] [IFSR
'ABBAS, Yasir	PAARSSR-EO13894
KOREA EXPO JOINT VENTURE	DPRK3
PARK, Jin Hyok	DPRK3
ZEIN, Waleed Ahmed	SDGT
JADHRAN, Ibrahim	LIBYA3
YANBIAN SILVERSTAR NETWORK TECHNOLOGY CO., LTD.	DPRK3] [DPRK4
VOLASYS SILVER STAR	DPRK3] [DPRK4
JONG, Song Hwa	DPRK4
RI, Song Un	DPRK2
SAHIN, Huseyin	DPRK
CULHA, Erhan	DPRK
SIA FALCON INTERNATIONAL GROUP	DPRK
BONYAD TAAVON BASIJ	SDGT] [IFSR
MEHR EQTESAD BANK	SDGT] [IFSR
BANK MELLAT	IRAN] [SDGT] [IFSR
TADBIRGARAN ATIYEH IRANIAN INVESTMENT COMPANY	SDGT] [IFSR
MEHR EQTESAD FINANCIAL GROUP	SDGT] [IFSR
TECHNOTAR ENGINEERING COMPANY	SDGT] [IFSR
TAKTAR INVESTMENT COMPANY	SDGT] [IFSR
IRAN TRACTOR MANUFACTURING COMPANY	SDGT] [IFSR
NEGIN SAHEL ROYAL INVESTMENT COMPANY	SDGT] [IFSR
IRAN ZINC MINES DEVELOPMENT COMPANY	SDGT] [IFSR
CALCIMIN	SDGT] [IFSR
QESHM ZINC SMELTING AND REDUCTION COMPANY	SDGT] [IFSR
BANDAR ABBAS ZINC PRODUCTION COMPANY	SDGT] [IFSR
ZANJAN ACID PRODUCTION COMPANY	SDGT] [IFSR
AL-RAWI, 'Adnan Muhammad Amin	SDGT
PARSIAN CATALYST CHEMICAL COMPANY	SDGT] [IFSR
SAKSOUK COMPANY FOR EXCHANGE AND MONEY TRANSFER	SDGT
ALI, Emraan	SDGT
ALEONG, Eddie	SDGT
AL HARAM FOREIGN EXCHANGE CO. LTD	SDGT
ESFAHAN'S MOBARAKEH STEEL COMPANY	SDGT] [IFSR] [IFCA] [IRAN-EO13871
ANDISHEH MEHVARAN INVESTMENT COMPANY	SDGT] [IFSR
PARSIAN BANK	IRAN] [SDGT] [IFSR
SINA BANK	IRAN] [SDGT] [IFSR] [IRAN-EO13876
BAHMAN GROUP	SDGT] [IFSR
AFAQ DUBAI	SDGT
RODRIGUEZ GOMEZ, Jorge Jesus	VENEZUELA
FLORES DE MADURO, Cilia Adela	VENEZUELA
PADRINO LOPEZ, Vladimir	VENEZUELA
AVERUCA, C.A.	VENEZUELA
PAREDES, Jose Omar	VENEZUELA
QUIANA TRADING LIMITED	VENEZUELA
SARRIA DIAZ, Edgar Alberto	VENEZUELA
PANAZEATE SL	VENEZUELA
KRYMTETS, AO	UKRAINE-EO13685
LIMITED LIABILITY COMPANY INFRASTRUCTURE PROJECTS MANAGEMENT COMPANY	UKRAINE-EO13685
IYARI	GLOMAG
AL-AMIN, Muhammad 'Abdallah	SDGT
BODECARNE, S.A. DE C.V.	GLOMAG
SIERRA GAS S.A.L. OFFSHORE	SDGT
LAMA FOODS S.A.R.L.	SDGT
LAMA FOODS INTERNATIONAL OFFSHORE S.A.L.	SDGT
IMPULSE INTERNATIONAL S.A.L. OFFSHORE	SDGT
IMPULSE S.A.R.L.	SDGT
M. MARINE S.A.L. OFFSHORE	SDGT
THAINGUI S.A.L. OFFSHORE	SDGT
SANDOVAL CASTANEDA, Roberto	GLOMAG
LOPEZ TORRES, Ana Lilia	GLOMAG
SANDOVAL LOPEZ, Lidy Alejandra	GLOMAG
SANDOVAL LOPEZ, Pablo Roberto	GLOMAG
JOINT STOCK COMPANY SANATORIUM AY-PETRI	UKRAINE-EO13685
JOINT STOCK COMPANY SANATORIUM DYULBER	UKRAINE-EO13685
JOINT STOCK COMPANY SANATORIUM MISKHOR	UKRAINE-EO13685
ZARITSKY, Vladimir Nikolaevich	UKRAINE-EO13685
LIMITED LIABILITY COMPANY GARANT-SV	UKRAINE-EO13685
MRIYA RESORT & SPA	UKRAINE-EO13685
IRAN AIR	IRAN] [IRAN-CON-ARMS-EO] [RUSSIA-EO14024
DORITA	IRAN] [NPWMD] [IFSR
GILDA	IRAN] [NPWMD] [IFSR
KADOS	IRAN] [NPWMD] [IFSR
KASMA	IRAN] [NPWMD] [IFSR
NARDIS	IRAN] [NPWMD] [IFSR
PARAND	IRAN] [NPWMD] [IFSR
PARIN	IRAN] [NPWMD] [IFSR
PARMIS	IRAN] [NPWMD] [IFSR
PATRIS	IRAN] [NPWMD] [IFSR
SABRINA	IRAN] [NPWMD] [IFSR
SANIA	IRAN] [NPWMD] [IFSR
SARINA	IRAN] [NPWMD] [IFSR
SARIR	IRAN] [NPWMD] [IFSR
SOMIA	IRAN] [NPWMD] [IFSR
TARADIS	IRAN] [NPWMD] [IFSR
VIANA	IRAN] [NPWMD] [IFSR
VISTA	IRAN] [NPWMD] [IFSR
AAJ	IRAN] [NPWMD] [IFSR
AYNAZ	IRAN] [NPWMD] [IFSR
BRELYAN	IRAN] [NPWMD] [IFSR
FIROUZEH	IRAN] [NPWMD] [IFSR
IRAN HORMUZ 25	IRAN] [NPWMD] [IFSR
HORMUZ 2	IRAN] [NPWMD] [IFSR
IRAN HORMUZ 12	IRAN] [NPWMD] [IFSR
IRAN HORMUZ 14	IRAN] [NPWMD] [IFSR
IRAN SHAHED	IRAN] [NPWMD] [IFSR
NEGEEN	IRAN] [NPWMD] [IFSR
IRAN SHALAMCHEH	IRAN] [NPWMD] [IFSR
TABAN 1	IRAN] [NPWMD] [IFSR
SHAYAN 1	IRAN] [NPWMD] [IFSR
YARAN	IRAN] [NPWMD] [IFSR
ZOMOROUD	IRAN] [NPWMD] [IFSR
ALVAN	IRAN] [NPWMD] [IFSR
ARIES	IRAN] [NPWMD] [IFSR
ARTABAZ	IRAN] [NPWMD] [IFSR
ARTAM	IRAN] [NPWMD] [IFSR
ARTENOS	IRAN] [NPWMD] [IFSR
ARTIN	IRAN] [NPWMD] [IFSR
ARZIN	IRAN] [NPWMD] [IFSR
AYSAN	IRAN] [NPWMD] [IFSR
AZARGOUN	IRAN] [NPWMD] [IFSR
BASHT	IRAN] [NPWMD] [IFSR
BEHDAD	IRAN] [NPWMD] [IFSR
BEHNAVAZ	IRAN] [NPWMD] [IFSR
ELYANA	IRAN] [NPWMD] [IFSR
GOLAFRUZ	IRAN] [NPWMD] [IFSR
GOLSAN	IRAN] [NPWMD] [IFSR
GOLSAR	IRAN] [NPWMD] [IFSR
YAN, Xiaobing	SDNTK
JAIRAN	IRAN] [NPWMD] [IFSR
MAHNAM	IRAN] [NPWMD] [IFSR
NESHAT	IRAN] [NPWMD] [IFSR
PARNIA	IRAN] [NPWMD] [IFSR] [IRAN-CON-ARMS-EO
SHABGOUN	IRAN] [NPWMD] [IFSR
SHAHR E KORD	IRAN] [NPWMD] [IFSR
TOUSKA	IRAN] [NPWMD] [IFSR
HAMD	IRAN] [NPWMD] [IFSR
CANREACH	IRAN] [NPWMD] [IFSR
HYUNDAI MIPO 2655	IRAN] [NPWMD] [IFSR
HYUNDAI MIPO 2656	IRAN] [NPWMD] [IFSR
HYUNDAI MIPO 2657	IRAN] [NPWMD] [IFSR
IRAN CHARAK	IRAN] [NPWMD] [IFSR
IRAN HORMUZ 22	IRAN] [NPWMD] [IFSR
IRAN PARAK	IRAN] [NPWMD] [IFSR
IRAN SHALAK	IRAN] [NPWMD] [IFSR
IRAN YOUSHAT	IRAN] [NPWMD] [IFSR
KASHAN	IRAN] [NPWMD] [IFSR
SOBHAN	IRAN] [NPWMD] [IFSR
ABBA	IRAN] [NPWMD] [IFSR
ABTIN 1	IRAN] [NPWMD] [IFSR
ABYAN	IRAN] [NPWMD] [IFSR
ANDIA	IRAN] [NPWMD] [IFSR
ARDAVAN	IRAN] [NPWMD] [IFSR
ARTAVAND	IRAN] [NPWMD] [IFSR
ARVIN	IRAN] [NPWMD] [IFSR
SUSHKO, Andriy Volodymyrovych	SSIDES
BAHJAT	IRAN] [NPWMD] [IFSR
FANREACH	IRAN] [NPWMD] [IFSR
BATIS	IRAN] [NPWMD] [IFSR
BEHDOKHT	IRAN] [NPWMD] [IFSR
GOLBON	IRAN] [NPWMD] [IFSR
HAMGAM	IRAN] [NPWMD] [IFSR
KHURAN	IRAN] [NPWMD] [IFSR
MIAMI PRIDE	IRAN] [NPWMD] [IFSR
OURA	IRAN] [NPWMD] [IFSR
GOODREACH	IRAN] [NPWMD] [IFSR
TENREACH	IRAN] [NPWMD] [IFSR
ROSHAK	IRAN] [NPWMD] [IFSR
SHAMIM	IRAN] [NPWMD] [IFSR
SHIBA	IRAN] [NPWMD] [IFSR
AMINA	IRAN] [NPWMD] [IFSR
AREZOO	IRAN] [NPWMD] [IFSR
ARSHAM	IRAN] [NPWMD] [IFSR
ARTARIA	IRAN] [NPWMD] [IFSR
ARTMAN	IRAN] [NPWMD] [IFSR
AVANG	IRAN] [NPWMD] [IFSR
BASKAR	IRAN] [NPWMD] [IFSR
BAVAND	IRAN] [NPWMD] [IFSR
BEHSHAD	IRAN] [NPWMD] [IFSR
BEHTA	IRAN] [NPWMD] [IFSR
CASPIA	IRAN] [NPWMD] [IFSR
DARYABAR	IRAN] [NPWMD] [IFSR
DELICE	IRAN] [SDGT] [NPWMD] [IFSR
DELNAVAZ	IRAN] [NPWMD] [IFSR
DELRUBA	IRAN] [NPWMD] [IFSR
DEVREZ	IRAN] [SDGT] [NPWMD] [IFSR
GANJ	IRAN] [NPWMD] [IFSR
KIAZAND	IRAN] [NPWMD] [IFSR
MENA	IRAN] [NPWMD] [IFSR
NEGAR	IRAN] [NPWMD] [IFSR
NOOR 1	IRAN] [NPWMD] [IFSR
PARISAN	IRAN] [NPWMD] [IFSR
PARSHAD	IRAN] [NPWMD] [IFSR
PARSHAN	IRAN] [NPWMD] [IFSR
PERARIN	IRAN] [NPWMD] [IFSR
SARVIN	IRAN] [NPWMD] [IFSR
SAVIZ	IRAN] [NPWMD] [IFSR
SHABDIS	IRAN] [NPWMD] [IFSR
SHAHRAZ	IRAN] [NPWMD] [IFSR
TABUK	IRAN] [NPWMD] [IFSR
TERMEH	IRAN] [NPWMD] [IFSR
WARTA	IRAN] [NPWMD] [IFSR
ZARDIS	IRAN] [NPWMD] [IFSR
ISLAMIC REPUBLIC OF IRAN SHIPPING LINES	IRAN] [NPWMD] [IFSR] [IFCA
IBRAHIM, Sadr	SDGT
MAJID, Hafiz Abdul	SDGT
FAROQUI, Abdullah Samad	SDGT
MANAN, Abdul Rahim	SDGT
ARIAN BANK	SDGT] [IFSR
BANK KARGOSHAEE	SDGT] [IFSR
MB BANK	SDGT] [IFSR] [RUSSIA-EO14024
MELLI BANK PLC	SDGT] [IFSR
TOSE-E MELLI GROUP INVESTMENT COMPANY	SDGT] [IFSR
BEHSHAHR INDUSTRIAL DEVELOPMENT CORP.	SDGT] [IFSR
CEMENT INDUSTRY INVESTMENT AND DEVELOPMENT COMPANY	SDGT] [IFSR
MELLI INTERNATIONAL BUILDING & INDUSTRY COMPANY	SDGT] [IFSR
TOSE-E MELLI INVESTMENT COMPANY	SDGT] [IFSR
NATIONAL INDUSTRIES AND MINING DEVELOPMENT COMPANY	SDGT] [IFSR
GHESHM SHIPPING LINES MARINE AND ENGINEERING SERVICES CO	IRAN
IRISL EUROPE GMBH	IRAN
IRISL MULTIMODAL TRANSPORT CO.	IRAN
IRISL MARITIME TRAINING INSTITUTE	IRAN
ISLAMIC REPUBLIC OF IRAN SHIPPING LINES INVESTMENT	IRAN
VALOR Y PRINCIPIO DE DAR, ASOCIACION CIVIL	GLOMAG
SHIPPING COMPUTER SERVICES COMPANY	IRAN
PERSIAN GULF SHIPPING LINES LTD	IRAN
BASOV, Aleksandr Vasilevich	SSIDES
MINISTRY OF STATE SECURITY	CAATSA - RUSSIA
SOUTH SHIPPING LINES - IRAN LINE	IRAN] [IFCA
VALFAJR SHIPPING COMPANY PJS	IRAN
BANK SEPAH INTERNATIONAL PLC	NPWMD] [IFSR
IRANO HIND SHIPPING COMPANY LTD	IRAN
BIIS MARITIME LIMITED	IRAN
CHAGHAZARDY, Mohammad Kazem	NPWMD] [IFSR
ISI MARITIME LIMITED	IRAN
ISIM TAJ MAHAL LIMITED	IRAN
ISIM ATR LIMITED	IRAN
ISIM SININ LIMITED	IRAN
IRANO MISR SHIPPING COMPANY	IRAN
SAFIRAN PAYAM DARYA SHIPPING COMPANY	IRAN] [IFCA
KHAZAR SEA SHIPPING LINES	IRAN] [RUSSIA-EO14024
HAFEZ DARYA ARYA SHIPPING COMPANY	IRAN] [IFCA
DARYA CAPITAL ADMINISTRATION GMBH	IRAN
OCEAN CAPITAL ADMINISTRATION GMBH	IRAN
NARI SHIPPING AND CHARTERING GMBH & CO. KG	IRAN
FIRST OCEAN ADMINISTRATION GMBH	IRAN
FIRST OCEAN GMBH & CO KG	IRAN
FOURTH OCEAN GMBH & CO KG	IRAN
EIGHTH OCEAN GMBH & CO. KG	IRAN
NINTH OCEAN GMBH & CO. KG	IRAN
ELEVENTH OCEAN ADMINISTRATION GMBH	IRAN
ELEVENTH OCEAN GMBH & CO. KG	IRAN
TWELFTH OCEAN ADMINISTRATION GMBH	IRAN
TWELFTH OCEAN GMBH & CO. KG	IRAN
FOURTEENTH OCEAN GMBH & CO. KG	IRAN
FIFTEENTH OCEAN GMBH & CO. KG	IRAN
HTTS HANSEATIC TRADE TRUST & SHIPPING GMBH	IRAN
MARANER HOLDINGS LIMITED	IRAN
HOOPAD DARYA SHIPPING AGENCY SERVICES	IRAN
KALAN KISH SHIPPING CO	IRAN
KHAYBAR COMPANY	IRAN
MOSAKHAR DARYA SHIPPING CO	IRAN
RAHBARAN OMID DARYA SHIP MANAGEMENT CO.	IRAN
OWHADI, Mohammad Ebrahim	SDGT] [IRGC] [IFSR
PERSIA HORMOZ SHIP REPAIR YARD COMPANY PJS	IRAN
RAZAVI, Esma'il	SDGT] [IRGC] [IFSR
MARINE INFORMATION TECHNOLOGY DEVELOPMENT COMPANY	IRAN
FARADARYAY-E NIK-E GHESHM INVESTMENT	IRAN
IRITAL SHIPPING LINES COMPANY	IRAN
LONDON IRINVEST SHIP COMPANY	IRAN
BUSHEHR SHIPPING COMPANY LIMITED	IRAN
KERMAN SHIPPING COMPANY LIMITED	IRAN
MARBLE SHIPPING LTD	IRAN
MOALLEM INSURANCE CO.	IRAN
KHALILI, Jamshid	IRAN
ESLAMI, Mansour	IRAN
BATENI, Naser	IRAN
YOUSEFPOUR, Ali	IRAN
YAZDAN JOO, Mohammad Ali	IRAN] [IRAN-EO13876
SURI, Muhammad	IRAN
KHOSROWTAJ, Mojtaba	IRAN
SAEEDI, Mohammed	IRAN
EP-ITE	IRAN
EP-ITF	IRAN
EP-ITG	IRAN
EP-ITH	IRAN
EP-IAB	IRAN
EP-IAC	IRAN
EP-IAD	IRAN
EP-IAG	IRAN
EP-IAH	IRAN
EP-IAI	IRAN
EP-IDG	IRAN
EP-CFR	IRAN
EP-IDA	IRAN
EP-IDD	IRAN
EP-IDF	IRAN
EP-CFD	IRAN
EP-CFE	IRAN
EP-CFH	IRAN
EP-CFI	IRAN
EP-CFJ	IRAN
EP-CFK	IRAN
EP-CFL	IRAN
EP-CFM	IRAN
EP-CFO	IRAN
EP-CFP	IRAN
EP-CFQ	IRAN
UR-BXI	IRAN
UR-CBD	IRAN
EP-IRT	IRAN
EP-IRR	IRAN
EP-IRS	IRAN
EP-ITI	IRAN
EP-ITJ	IRAN
EP-ITK	IRAN
EP-IEE	IRAN
EP-ITL	IRAN
EP-IEF	IRAN
EP-ITM	IRAN
EP-IED	IRAN
EP-IEB	IRAN
EP-IEG	IRAN
EP-IBK	IRAN
EP-IEC	IRAN
EP-IBL	IRAN
EP-IFA	IRAN
EP-IBS	IRAN
EP-IJA	IRAN
EP-IBN	IRAN
EP-IBP	IRAN
EP-IJB	IRAN
EP-IBQ	IRAN
EP-IBB	IRAN
EP-IBT	IRAN
EP-IBZ	IRAN
EP-IBC	IRAN
EP-IBA	IRAN
EP-IBD	IRAN
EP-ICD	IRAN
EP-IBG	IRAN
EP-ICE	IRAN
EP-ICF	IRAN
EP-IBI	IRAN
EP-ITA	IRAN
EP-ITB	IRAN
EP-IBJ	IRAN
EP-ITC	IRAN
EP-ITD	IRAN
FUTURE BANK B.S.C.	IRAN] [SDGT] [IFSR
BANK MELLI IRAN	IRAN] [SDGT] [IFSR
BANK SEPAH	IRAN] [NPWMD] [IFSR
AZIZ, Abdul	SDGT
BEHZAD, Morteza Ahmadali	NPWMD] [IFSR
POST BANK OF IRAN	IRAN] [NPWMD] [IFSR
DAY BANK	IRAN] [SDGT] [IFSR
ATIEH SAZAN DAY	SDGT] [IFSR
BUALI INVESTMENT COMPANY	SDGT] [IFSR
DAMAVAND POWER GENERATION COMPANY	SDGT] [IFSR
DAY EXCHANGE COMPANY	SDGT] [IFSR
DAY E-COMMERCE	SDGT] [IFSR
DAY BANK BROKERAGE COMPANY	SDGT] [IFSR
DAY IRANIAN FINANCIAL AND ACCOUNTING SERVICES COMPANY	SDGT] [IFSR
ATOMIC ENERGY ORGANIZATION OF IRAN	IRAN] [NPWMD] [IFSR
PARS ISOTOPE COMPANY	IRAN
DAY LEASING COMPANY	SDGT] [IFSR
OMID BONYAN DAY INSURANCE SERVICES	SDGT] [IFSR
OMRAN VA MASKAN ABAD DAY COMPANY	SDGT] [IFSR
ROYAY-E ROZ KISH INVESTMENT COMPANY	SDGT] [IFSR
TEJARAT GOSTAR FARDAD	SDGT] [IFSR
TOSE-E DIDAR IRANIAN HOLDING COMPANY	SDGT] [IFSR
TOSE-E DONYA SHAHR KOHAN COMPANY	SDGT] [IFSR
IRAN'S NUCLEAR POWER PLANT CONSTRUCTION MANAGEMENT COMPANY	IRAN
NUCLEAR POWER PRODUCTION AND DEVELOPMENT COMPANY OF IRAN	IRAN
RADIATION APPLICATIONS DEVELOPMENT COMPANY	IRAN
EXPORT DEVELOPMENT BANK OF IRAN	IRAN] [SDGT] [IFSR
RASTIN KHADAMAT PARSIAN COMPANY	IRAN
URANIUM PROCESSING AND NUCLEAR FUEL COMPANY	IRAN
POWER PLANT EQUIPMENT MANUFACTURING COMPANY	IRAN
EDBI STOCK BROKERAGE	SDGT] [IFSR
AEOI BASIJ RESISTANCE CENTER	IRAN
EDBI EXCHANGE BROKERAGE	SDGT] [IFSR
BANCO INTERNACIONAL DE DESARROLLO, C.A.	SDGT] [IFSR
ADVANCED TECHNOLOGIES COMPANY OF IRAN	IRAN] [NPWMD] [IFSR
IRAN-VENEZUELA BI-NATIONAL BANK	IRAN] [SDGT] [IFSR
SAFDARI, Seyed Jaber	IRAN
NOVIN ENERGY COMPANY	IRAN
ATOMIC FUEL DEVELOPMENT ENGINEERING COMPANY	IRAN
MESBAH ENERGY COMPANY	IRAN] [NPWMD] [IFSR
TAMAS COMPANY	IRAN
NUCLEAR INDUSTRY EXPLORATION AND RAW MATERIALS PRODUCTION COMPANY	IRAN
NOVIN PARS MINERAL EXPLORATION AND MINING ENGINEERING COMPANY	IRAN
REZVANIANZADEH, Mohammed Reza	IRAN
THE NUCLEAR REACTORS FUEL COMPANY	IRAN
NUCLEAR SCIENCE AND TECHNOLOGY RESEARCH INSTITUTE	IRAN] [NPWMD] [IFSR
AGRICULTURAL, MEDICAL, AND INDUSTRIAL RESEARCH CENTER	IRAN
JABBER IBN HAYAN	IRAN
BANK TEJARAT	IRAN] [SDGT] [NPWMD] [IFSR
BANK TORGOVOY KAPITAL ZAO	IRAN] [SDGT] [NPWMD] [IFSR
PERSIA INTERNATIONAL BANK PLC	SDGT] [IFSR
MELLAT BANK CLOSED JOINT-STOCK COMPANY	SDGT] [IFSR
FIRST EAST EXPORT BANK PLC	SDGT] [IFSR
EUROPAISCH-IRANISCHE HANDELSBANK AG	IRAN] [NPWMD] [IFSR
BANK OF INDUSTRY AND MINE	IRAN] [NPWMD] [IFSR
TAN, Wee Beng	DPRK
WEE TIONG (S) PTE LTD	DPRK
WT MARINE PTE LTD	DPRK
NYMEX STAR	DPRK
LIMITED LIABILITY COMPANY SOUTHERN PROJECT	UKRAINE-EO13661] [UKRAINE-EO13685
MENDOZA GAYTAN, Gonzalo	SDNTK] [SDGT] [ILLICIT-DRUGS-EO14059
ROSAS CAMBA, Liliana	SDNTK
GONZALEZ VALENCIA, Ulises Jovani	SDNTK
BARAJAS SAHD, Ana Paulina	SDNTK
FAXON	IRAN
DERYA	IRAN
DIONA	IRAN
DUNE	IRAN
GONZALEZ VALENCIA, Erika	SDNTK
AYANDEH BANK	IRAN-TRA
GHAVAMIN BANK	IRAN] [IRAN-HR
AVELAR GUTIERREZ, Isidro	SDNTK
JAFIELA BOUTIQUE, S.A. DE C.V.	SDNTK
ARQUITECTURA Y DISENO EN BALANCE, S.A. DE C.V.	SDNTK
ISLAMIC REPUBLIC OF IRAN - CHINA SHIPPING LINES	IRAN
ISLAMIC REPUBLIC OF IRAN - MIDDLE EAST SHIPPING LINES COMPANY	IRAN
PERSIAN GULF SABZ KARAFARINAN	SDGT] [IFSR
SHIPPING WELFARE SERVICES INSTITUTE	IRAN
ESAIL SHIPPING LIMITED	IRAN] [NPWMD] [IFSR
WITSHIPPING MARITIME PTE LTD	IRAN
FIRST ISLAMIC INVESTMENT BANK LIMITED	NPWMD] [IFSR
OGHYANOUS KHOROSHAN KISH	IRAN
SHOMAL CEMENT COMPANY	SDGT] [IFSR
DAJMAR, Mohammad Hossein	IRAN
BMIIC INTERNATIONAL GENERAL TRADING L.L.C.	SDGT] [IFSR
BELIZE SHIP AND LOGISTIC LIMITED	IRAN
BELIZE SHIPPING LINE SERVICE LIMITED	IRAN
FUTURE AGE SHIPPING LIMITED	IRAN
GOLDEN ENTERPRISE SHIPPING LIMITED	IRAN
INTERNATIONAL EXPERTISE GROUP LIMITED	IRAN
INTERNATIONAL TANKER LIMITED	IRAN
INTERSEAS SHIPYARD LTD	IRAN
MIRACLE TRANSPORTATION LIMITED	IRAN
MOMENT INVESTMENT LIMITED	IRAN
NATIONWIDE SHIPPING LTD	IRAN
NEW AGE SHIPPING LIMITED	IRAN
PACIFIC SHIPPING AND TRANSPORTATION LIMITED	IRAN
PALM SERVICE LIMITED	IRAN
STAR SHIP MANAGEMENT LIMITED	IRAN
WORLDFAST INTERNATIONAL LIMITED	IRAN
ATLANTIC SHIPPING & TRANS	IRAN
DIAMOND TRANSPORTATION LIMITED	IRAN
DIMOND TRANSPORTATION LIMITED	IRAN
EMPIRE MARITIME SERVICES LIMITED	IRAN
EUROPE TRANSPORTATION LIMITED	IRAN
GLOBAL AGE LIMITED	IRAN
GLOBAL UNITED SHIPPING LIMITED	IRAN
PACIFIC OCEAN SHIPPING LIMITED	IRAN
SPEED TRANSPORTATION LIMITED	IRAN
SPRING SHIPPING LIMITED	IRAN
TARGET TRANSPORTATION LIMITED	IRAN
UNIVERSAL SHIPPING AND TRANSPORTATION LIMITED	IRAN
UNIVERSE SHIPPING LIMITED	IRAN
WORLDWIDE SHIPPING & TRANSPORTATION LIMITED	IRAN
AZAR PAD QESHM	IRAN
ATLAS KIAN QESHM	IRAN
POUYA TAMIN KISH	IRAN
DARYANAVARD KISH	IRAN
PARSIAN OIL AND GAS DEVELOPMENT	IRAN
MOTOJEN	IRAN
GHADIR INVESTMENT AND INDUSTRY DEVELOPMENT	IRAN
GHADIR ELECTRICITY AND ENERGY INVESTMENT	IRAN
IRANIAN NOVIN INDUSTRY DEVELOPMENT	IRAN
NEGIN KISH INTERNATIONAL SAHEL AND FARASAHEL DEVELOPMENT	IRAN
SOUTH ALUMINUM COMPANY	IRAN] [IRAN-EO13871
GHADIR MANAGEMENT AND COMMERCIAL SERVICES	IRAN
RAAHBAR INFORMATICS SERVICES	IRAN
SAKHTEMAN INTERNATIONAL DEVELOPMENT	IRAN
A.S.P. BUILDERS	IRAN
BAGHMISHEH RESIDENTIAL DEVELOPMENT	IRAN
BEHSAZAN PARS EQUIPMENT DEVELOPMENT	IRAN
AZERBAIJAN CONSTRUCTION	IRAN
GHADIR KHUZESTAN CONSTRUCTION INDUSTRY DEVELOPMENT	IRAN
FARS SARPANAH	IRAN
PARS SAZEH ENGINEERING AND CONSTRUCTION	IRAN
GHADIR PAYMAN COUNSELING ENGINEERS	IRAN
KISH ROOYA-E ZENDEGI	IRAN
OFOQ SAZEH PAYAH	IRAN
TISA KISH	IRAN
NARENJESTAN HOTEL AND BUILDING DEVELOPMENT	IRAN
MOMTAZ ELECTRIC	IRAN
PAYVAR ANDISH	IRAN
MOTOJEN AUTO INDUSTRY COMPANY	IRAN
KARAMAAD SYSTEMS MANAGEMENT	IRAN
HAMOON SEPAHAN INVESTMENT	IRAN
VASEPARI SEPEHR PARS	IRAN
HAMOON SEPAHAN MANAGEMENT SERVICES	IRAN
PARS PAIDAR SANAT NOVIN	IRAN
SHIRAZ PARS FARAYAND OIL REFINERY	IRAN
AZAR INVESTMENT	IRAN
HAMOON SEPAHAN COMMERCIAL TRADING	IRAN
DAY INVESTMENT	IRAN
KISH ASIA NAVAK	IRAN
SEPAHAN CEMENT	IRAN
SOUTH IRAN DARYABAN KISH	IRAN
SEPAHAN CEMENT INVESTMENT	IRAN
SEPAHAN CEMENT CONCRETE PRODUCTS	IRAN
IRAN MERINE SERVICES	IRAN
SEPAHAN CEMENT RAHNAVARD PRODUCTS TRANSPORTATION	IRAN
PARSIAN RAIL TRANSPORT DEVELOPMENT	IRAN
MAPNA KHUZESTAN ELECTRICITY GENERATION	IRAN
GHADIR OXIN ELECTRICITY GENERATION DEVELOPMENT	IRAN
GHADIR ABU MUSA HAMOON	IRAN
SEPAHAN CEMENT PAKAT-SAZI SHAFAGH	IRAN
QOM ENERGY GENERATION GOSTAR	IRAN
GILAN ELECTRICITY TRANSMISSION DEVELOPMENT	IRAN
SHARQ CEMENT	IRAN
GILAN ELECTRICITY GENERATION MANAGEMENT	IRAN
HORMOGAN ELECTRICITY AND POWER GENERATION	IRAN
SHARQ CEMENT MANUFACTURERS	IRAN
SHARQ CEMENT INDUSTRIAL LIMESTONE	IRAN
GHADIR LAMORD ENERGY	IRAN
SHARQ WHITE CEMENT	IRAN
GHADIR CASPIAN GILAN ENERGY	IRAN
SHARQ COALMINES	IRAN
GHADIR SOLAR ELECTRICITY AND ENERGY	IRAN
SEPEHR MASHAHD CEMENT TRANSPORTATION	IRAN
GHADIR PISHRO ELECTRICITY GENERATION	IRAN
PARS GHA'EM GOSTAR	IRAN
KURDISTAN CEMENT	IRAN
PAYANDEH JAAM ELECTRICITY ENERGY	IRAN
ARJAN ELECTRICITY AND ENERGY GENERATION MANAGEMENT	IRAN
TARABAR-GOROUS TRUST TRANSPORTATION	IRAN
POUYAN TABAAN ENERGY	IRAN
GHADIR REAL-TIME SYSTEMS DEVELOPMENT	IRAN
DANA INTEGRATED SYSTEM FOR ELECTRONIC INTERACTIONS CO.	IRAN
GHADIR MAZANDARAN ELECTRICITY AND ENERGY GENERATION	IRAN
RAAHBAR COMPUTER RESOURCES MANAGEMENT	IRAN
GHADIR MEHRIZ SOLAR ENERGY	IRAN
RAILCOM RAAHBAR CO.	IRAN
FANAVARAN ETEMAAD RAAHBAR CO.	IRAN
GHADIR TEHRAN ELECTRICITY AND ENERGY GENERATION DEVELOPMENT	IRAN
RAAHBAR SARIR INTEGRATED TRACKING SYSTEMS INC	IRAN
GHADIR QOM SOLAR ENERGY GENERATION DEVELOPMENT	IRAN
DAMAVAND ELECTRICITY AND POWER ENGINEERING	IRAN
PARS INTERNATIONAL INDUSTRY DEVELOPMENT	IRAN
TAKHTEH SHAHID BA HONAR	IRAN
GHADIR KANI ARIYA	IRAN
NEYRIZ STEEL	IRAN
PARS NICKEL KARAN KABIR	IRAN
GHADIR ETEZAD INVESTMENT	IRAN
GHADIR INDUSTRIAL TRADING	IRAN
GHADIR PETRO ARMAN KISH	IRAN
GHADIR CASPIAN STEEL TRADING	IRAN
ZARIN PERSIA INVESTMENT	IRAN
ARMAN RESOURCES EQUIP AND SUPPORT MANAGEMENT	IRAN
SEPEHR IRANIAN INSURANCE SERVICES	IRAN
TEJARAT PAYDAR PAYMAN DEVELOPMENT	IRAN
GHADIR INTERNATIONAL TRADING AND DEVELOPMENT	IRAN
IRANIAN TITANIUM DEVELOPMENT	IRAN
G Y R ARQUITECTOS, S. DE R.L. DE C.V.	SDNTK
GRANATURA, S. DE P.R. DE R.L. DE C.V.	SDNTK
OPERADORA RESTAURANTERA DEL SOL NACIENTE, S. DE R.L. DE C.V.	SDNTK
IRAN NUCLEAR REGULATORY AUTHORITY	IRAN
NASRALLAH, Jawad	SDGT
AL-ZAYDI, Shibl Muhsin 'Ubayd	SDGT] [IRGC] [IFSR
HASHIM, Yusuf	SDGT
KAWTHARANI, Adnan Hussein	SDGT
FARHAT, Muhammad 'Abd-Al-Hadi	SDGT
AL-MUJAHIDIN BRIGADES	SDGT
A&A ESTUDIO ARQUITECTONICO, S. DE R.L. DE C.V.	SDNTK
ALBOSTANI, Meshal Saad M.	GLOMAG
TUBAIGY, Salah Muhammed A.	GLOMAG
ALARIFI, Naif Hassan S.	GLOMAG
ALZAHRANI, Mohammed Saad H.	GLOMAG
ABAHUSSAIN, Mansour Othman M.	GLOMAG
ALOTAIBI, Khalid Aedh G.	GLOMAG
ALHAWSAWI, Abdulaziz Mohammed M.	GLOMAG
ALSEHRI, Waleed Abdullah M.	GLOMAG
ALHARBI, Thaar Ghaleb T.	GLOMAG
ALSEHRI, Turki Muserref M.	GLOMAG
MUTREB, Maher Abdulaziz M.	GLOMAG
ALBALAWI, Fahad Shabib A.	GLOMAG
ALOTAIBI, Badr Lafi M.	GLOMAG
ALMADANI, Mustafa Mohammed M.	GLOMAG
ALQAHTANI, Saif Saad Q.	GLOMAG
AL-OTAIBI, Mohammad	GLOMAG
AL-QAHTANI, Saud	GLOMAG
BADI, Salah	LIBYA3
'ABD AL-NASIR, Hajji	SDGT
AMTCHENTSEV, Vladlen	DPRK3
MAIWAND EXIM PRIVATE LIMITED	SDNTK
MAIWAND TOBACCO LIMITED	SDNTK
MAIWAND BEVERAGES LIMITED	SDNTK
TADBIR KISH MEDICAL AND PHARMACEUTICAL COMPANY	SDGT
PROMSYRIOIMPORT	IRAN-EO13902
GLOBAL VISION GROUP	SDGT] [IRGC] [IFSR
ALCHWIKI, Mhd Amer	SDGT] [IRGC] [IFSR
DOGAEV, Andrey	IRAN-EO13902
AL-BAZZAL, Muhammad Qasim	SDGT
SAJJAD, Rasoul	SDGT] [IRGC] [IFSR
MURILLO DE ORTEGA, Rosario Maria	NICARAGUA
MONCADA LAU, Nestor	NICARAGUA
YAGHOUBI MIAB, Hossein	SDGT] [IRGC] [IFSR
KHORASHADIZADEH, Ali	CYBER2
GHORBANIYAN, Mohammad	CYBER2
PERALTA, Cesar Emilio	SDNTK
CESAR PERALTA DRUG TRAFFICKING ORGANIZATION	SDNTK
DEL ROSARIO PUENTE, Ramon Antonio	SDNTK
VALDEZ GARCIA, Bernardo Antonio	SDNTK
SANCHEZ NOLASCO, Boarnerges	SDNTK
URENA MARTINEZ, Jhonan Alexander	SDNTK
CASTRO CORDERO, Natanael	SDNTK
FERNANDEZ CONCEPCION, Carlos Ariel	SDNTK
JAQUEZ ARAUJO, Yadher Rafael	SDNTK
FERNANDEZ FLAQUER, Kelvin Enrique	SDNTK
BARBARO RECORDS SRL	SDNTK
INKUORTYN FIVE SRL	SDNTK
SUPLINKA SRL	SDNTK
FLOW GALLERY LOUNGE SRL	SDNTK
UNLIMITED DANCE DISCOTECA SRL	SDNTK
SOLUGA SOLUCIONES GASTRONOMICAS SRL	SDNTK
GONZALEZ PENUELAS DRUG TRAFFICKING ORGANIZATION	SDNTK
NUNEZ MOLINA, Adelmo	SDNTK
PAYAN MERAZ, Raul	SDNTK
PAYAN MERAZ, Juana	SDNTK
PAK, Kwang Ho	DPRK2
DIMITRY, Gregory Vasili	SOUTH SUDAN
MISHKIN, Alexander Yevgeniyevich	NPWMD] [CAATSA - RUSSIA
CHEPIGA, Anatoliy Vladimirovich	NPWMD] [CAATSA - RUSSIA
OLAWO, Obac William	SOUTH SUDAN
MORENETS, Aleksei Sergeyevich	CAATSA - RUSSIA
GOLDEN WINGS AVIATION	SOUTH SUDAN
CROWN AUTO TRADE	SOUTH SUDAN
AFRICANA GENERAL TRADING LTD	SOUTH SUDAN
SEREBRIAKOV, Evgenii Mikhaylovich	CAATSA - RUSSIA
SOTNIKOV, Oleg Mikhaylovich	CAATSA - RUSSIA
MININ, Alexey Valerevich	CAATSA - RUSSIA
NETYKSHO, Viktor Borisovich	CAATSA - RUSSIA
BELTRAN GARCIA, Victor Francisco	SDNTK
ANTONOV, Boris Alekseyevich	CAATSA - RUSSIA
YERMAKOV, Ivan Sergeyevich	CAATSA - RUSSIA
LUKASHEV, Aleksey Viktorovich	CAATSA - RUSSIA
KOZACHEK, Nikolay Yuryevich	CAATSA - RUSSIA
MALYSHEV, Artem Andreyevich	CAATSA - RUSSIA
OSADCHUK, Aleksandr Vladimirovich	CAATSA - RUSSIA
POTEMKIN, Aleksey Aleksandrovich	CAATSA - RUSSIA
KOVALEV, Anatoliy Sergeyevich	CAATSA - RUSSIA
BOYARKIN, Victor Alekseyevich	UKRAINE-EO13661] [UKRAINE-EO13662
GORRIN BELISARIO, Raul	VENEZUELA-EO13850
PERDOMO ROSALES, Gustavo Adolfo	VENEZUELA-EO13850
RIM GROUP INVESTMENTS, CORP.	VENEZUELA-EO13850
RIM GROUP INVESTMENTS I CORP.	VENEZUELA-EO13850
RIM GROUP INVESTMENTS II CORP.	VENEZUELA-EO13850
RIM GROUP INVESTMENTS III CORP.	VENEZUELA-EO13850
MAGUS HOLDINGS USA, CORP.	VENEZUELA-EO13850
MAGUS HOLDING LLC	VENEZUELA-EO13850
MAGUS HOLDING II, CORP.	VENEZUELA-EO13850
CORPOMEDIOS LLC	VENEZUELA-EO13850
RIM GROUP PROPERTIES OF NEW YORK, CORP.	VENEZUELA-EO13850
RIM GROUP PROPERTIES OF NEW YORK II CORP.	VENEZUELA-EO13850
TINDAYA PROPERTIES HOLDING USA CORP.	VENEZUELA-EO13850
TINDAYA PROPERTIES OF NEW YORK CORP.	VENEZUELA-EO13850
TINDAYA PROPERTIES OF NEW YORK II CORP.	VENEZUELA-EO13850
GLOBOVISION TELE CA, CORP.	VENEZUELA-EO13850
CONSTELLO NO. 1 CORPORATION	VENEZUELA-EO13850
CONSTELLO INC.	VENEZUELA-EO13850
POSH 8 DYNAMIC, INC.	VENEZUELA-EO13850
GLOBOVISION TELE C.A.	VENEZUELA-EO13850
SEGUROS LA VITALICIA C.A.	VENEZUELA-EO13850
WINDHAM COMMERCIAL GROUP INC.	VENEZUELA-EO13850
CORPOMEDIOS GV INVERSIONES, C.A.	VENEZUELA-EO13850
POTRICO CORP.	VENEZUELA-EO13850
DIAZ GUILLEN, Claudia Patricia	VENEZUELA-EO13850
VELASQUEZ FIGUEROA, Adrian Jose	VENEZUELA-EO13850
NEVSKIY NEWS LLC	CYBER2
ECONOMY TODAY LLC	CYBER2
FEDERAL NEWS AGENCY LLC	CYBER2
KHUSYAYNOVA, Elena Alekseevna	CYBER2
USA REALLY	CYBER2
MALKEVICH, Alexander Aleksandrovich	UKRAINE-EO13661] [CYBER2] [ELECTION-EO13848
ZHENG, Fujing	SDNTK
DALIAN HAIBO INTERNATIONAL FREIGHT CO. LTD.	DPRK3
LIAONING DANXING INTERNATIONAL FORWARDING CO. LTD.	DPRK4
PLANET 2 REACHING, INC.	VENEZUELA-EO13850
KATINTIMA, Norbert Basengezi	DRCONGO
BASENGEZI, Marcellin	DRCONGO
ZHENG, Guanghua	SDNTK
ZHENG DRUG TRAFFICKING ORGANIZATION	SDNTK
QINSHENG PHARMACEUTICAL TECHNOLOGY CO., LTD.	SDNTK
L-INMO, SOCIEDAD ANONIMA DE CAPITAL VARIABLE	GLOMAG
FLIGHT TRAVEL LLC	SDGT] [IFSR
QESHM FARS AIR	SDGT] [IFSR
EP-FAA	SDGT] [IFSR
EP-FAB	SDGT] [IFSR
FATEMIYOUN DIVISION	SDGT] [IRGC] [IFSR] [IRAN-HR] [PAARSSR-EO13894
ZAYNABIYOUN BRIGADE	SDGT] [IRGC] [IFSR] [IRAN-HR
PETROLEOS DE VENEZUELA, S.A.	VENEZUELA-EO13850
NEW HORIZON ORGANIZATION	SDGT] [IFSR
ORDOUBADI, Nader Talebzadeh	SDGT] [IFSR
TALEBZADEH, Zeinab Mehanna	SDGT] [IFSR
MONTAZAMI, Gholamreza	SDGT] [IFSR
GHASHGHAVI, Hamed	SDGT] [IFSR
BASTARDO MENDOZA, Rafael Enrique	VENEZUELA
LACAVA EVANGELISTA, Rafael Alejandro	VENEZUELA
NET PEYGARD SAMAVAT COMPANY	HRIT-IR
SHIRINKAR, Mohammad Bagher	SDGT] [IRGC] [IFSR] [HRIT-IR] [ELECTION-EO13848
ABBASI, Hossein	HRIT-IR
MASOUMPOUR, Mojtaba	HRIT-IR
PARVAR, Hossein	HRIT-IR
MIRZABEYGI, Milad	HRIT-IR
HERNANDEZ DALA, Ivan Rafael	VENEZUELA
NANGAA, Corneille Yobeluo	DRCONGO
QUEVEDO FERNANDEZ, Manuel Salvador	VENEZUELA
RODRIGUEZ MUCURA, Hildemaro Jose	VENEZUELA
FERRARI, Sergio David	SDNTK
FRENZEL, Conrado Adolfo	SDNTK
PAURA, Jorge Alejandro	SDNTK
BRUNETTI, Luciano	SDNTK
PAURA, Lucas Daniel	SDNTK
VIDEMATO, Santiago	SDNTK
GOLDPHARMA DRUG TRAFFICKING & MONEY LAUNDERING ORGANIZATION	SDNTK
CEBALLOS ICHASO, Remigio	VENEZUELA-EO13884
CARRIZALEZ RENGIFO, Ramon Alonso	VENEZUELA
PRIETO FERNANDEZ, Omar Jose	VENEZUELA
GARCIA CARNEIRO, Jorge Luis	VENEZUELA
MANTILLA OLIVEROS, Jesus Maria	VENEZUELA
LOPEZ VARGAS, Richard Jesus	VENEZUELA
NORONO TORRES, Jose Leonardo	VENEZUELA
DOMINGUEZ RAMIREZ, Jose Miguel	VENEZUELA
MORALES ZAMBRANO, Cristhiam Abelardo	VENEZUELA
BERMUDEZ VALDERREY, Alberto Mirtiliano	VENEZUELA
MEDVEDEV, Gennadiy	UKRAINE-EO13661
STANKEVICH, Sergey	UKRAINE-EO13661
SHEIN, Andrey	UKRAINE-EO13661
HARAKAT AL-NUJABA	FTO] [SDGT
SMILE TECHNOLOGIES S.A.	SDNTK
SMILE PROPERTY & TRAVEL LTD	SDNTK
SMILEWALLET S.A.S.	SDNTK
SMILE TECHNOLOGIES CANADA LTD	SDNTK
BAJER S.R.L.	SDNTK
HIGH NUTRITION SOCIEDAD DE RESPONSABILIDAD LIMITADA	SDNTK
B-WORK S.A.S.	SDNTK
EVROFINANCE MOSNARBANK	VENEZUELA-EO13850] [RUSSIA-EO14024
AO ZAVOD FIOLENT	UKRAINE-EO13685
LLC SK CONSOL-STROI LTD	UKRAINE-EO13685
NAYDENKO, Aleksey Alekseevich	UKRAINE-EO13660
VYSOTSKY, Vladimir Yurievich	UKRAINE-EO13660
YAROSLAVSKY SHIPBUILDING PLANT	UKRAINE-EO13662
ZELENODOLSK SHIPYARD PLANT NAMED AFTER A.M. GORKY	UKRAINE-EO13662
GUP RK KTB SUDOKOMPOZIT	UKRAINE-EO13685
AO KONTSERN OKEANPRIBOR	UKRAINE-EO13662
PAO ZVEZDA	UKRAINE-EO13662
ROMASHKIN, Ruslan	UKRAINE-EO13661
LLC NOVYE PROEKTY	UKRAINE-EO13685
MINERVEN	VENEZUELA-EO13850
EBRAHIMI, Ayatollah	SDGT] [IRGC] [IFSR
IRANIAN ATLAS COMPANY	SDGT] [IRGC] [IFSR
ANSAR BANK BROKERAGE COMPANY	SDGT] [IRGC] [IFSR
ANSAR INFORMATION TECHNOLOGY COMPANY	SDGT] [IRGC] [IFSR
ANSAR EXCHANGE	SDGT] [IRGC] [IFSR
ATABAKI, Alireza	SDGT] [IRGC] [IFSR
ZAGROS PARDIS KISH	SDGT] [IRGC] [IFSR
GALESHKALAMI, Iman Sedaghat	SDGT] [IFSR
VAKILI, Mohammad	SDGT] [IFSR
REZA SAKAN DASTGIRI AND PARTNERS MAKU FREE ZONE TAZAMONI COMPANY	SDGT] [IFSR
ATLAS EXCHANGE	SDGT] [IFSR
DASTGIRI, Reza Sakan	SDGT] [IFSR
SEIFI, Asadollah	SDGT] [IFSR
SAKAN, Suleyman	SDGT] [IFSR
GOLDEN COMMODITIES LLC	SDGT] [IFSR
EBRAHIMI, Reza	NPWMD] [IFSR
THE BEST LEADER GENERAL TRADING LLC	SDGT] [IFSR
SHAHID KARIMI GROUP	NPWMD] [IFSR
MEHDIPUR, Mohammad Reza	NPWMD] [IFSR
LEBRA MOON GENERAL TRADING LLC	SDGT] [IFSR
MOTALLEBIZADEH, Akbar	NPWMD] [IFSR
BANCO CORPORATIVO SA	NICARAGUA
HAJJLU, Jalal Emami Ghareh	NPWMD] [IFSR
NARIA GENERAL TRADING LLC	SDGT] [IFSR
SHAHID BABA'I GROUP	NPWMD] [IFSR
ORTEGA MURILLO, Laureano Facundo	NICARAGUA
SHAHID KAZEMI GROUP	NPWMD] [IFSR
HITAL EXCHANGE	SDGT] [IFSR
SHAHID SHOKRI SCIENCE AND TECHNOLOGY RESEARCH CENTER	NPWMD] [IFSR
HEIDAR KARAR GROUP	NPWMD] [IFSR
SHAHID ZEINODDIN GROUP	NPWMD] [IFSR
ALE ALI, Mohammad Reza	SDGT] [IFSR
SHEIKH BAHA'I SCIENCE AND TECHNOLOGY RESEARCH CENTER	NPWMD] [IFSR
BU ALI GROUP	NPWMD] [IFSR
SADRA RESEARCH CENTER	NPWMD] [IFSR
ABU REIHAN GROUP	NPWMD] [IFSR
SHAHID MOVAHHED DANESH GROUP	NPWMD] [IFSR
PUYA ELECTRO SAMAN NIRU	NPWMD] [IFSR
ATTARAN, Mohammad Mahdi Da'emi	NPWMD] [IFSR
SHAFA'I, Mohsen	NPWMD] [IFSR
ETA'ATI, Gholam Reza	NPWMD] [IFSR
SHAHID CHAMRAN GROUP	NPWMD] [IFSR
HASHEMITABAR, Sayyed Asghar	NPWMD] [IFSR
SHAHID FAKHAR MOGHADDAM GROUP	NPWMD] [IFSR
SHAHID AVINI GROUP	NPWMD] [IFSR
ASGARI, Mansur	NPWMD] [IFSR
BORJI, Sa'id	NPWMD] [IFSR
SAFARI, Mohammad Javad	NPWMD] [IFSR
BARMI, Ruhollah Ghaderi	NPWMD] [IFSR
KIMIYA PAKHSH SHARGH	NPWMD] [IFSR
PARADISE MEDICAL PIONEERS COMPANY	NPWMD] [IFSR
MASOUMIAN, Mehdi	NPWMD] [IFSR
HAGHIGHIAN, Mohammad Hossein	NPWMD] [IFSR
SMILEWALLET, LLC	SDNTK
SMILEPAYMENTS, LLC	SDNTK
BANCO DE DESARROLLO ECONOMICO Y SOCIAL DE VENEZUELA	VENEZUELA-EO13850
BANCO BANDES URUGUAY S.A.	VENEZUELA-EO13850
BANCO BICENTENARIO DEL PUEBLO, DE LA CLASE OBRERA, MUJER Y COMUNIAS, BANCO UNIVERSAL C.A.	VENEZUELA-EO13850
BANCO DE VENEZUELA SA BANCO UNIVERSAL	VENEZUELA-EO13850
BANCO PRODEM S.A.	VENEZUELA-EO13850
MULAVI, Ali Shams	SDGT] [IFSR
SMILE PROPERTY & TRAVEL LTD.	SDNTK
SMILE TECHNOLOGIES S.A. LLC	SDNTK
LA FLORIDA INVESTMENTS GROUP LLC	SDNTK
URDANETA	VENEZUELA-EO13850
GP-21	VENEZUELA-EO13850
BICENTENARIO XIV	VENEZUELA-EO13850
GP-23	VENEZUELA-EO13850
BICENTENARIO XII	VENEZUELA-EO13850
L-409	VENEZUELA-EO13850
BICENTENARIO XIII	VENEZUELA-EO13850
BICENTENARIO XVI	VENEZUELA-EO13850
AMUAY	VENEZUELA-EO13850
BICENTENARIO XI	VENEZUELA-EO13850
BICENTENARIO II	VENEZUELA-EO13850
BICENTENARIO V	VENEZUELA-EO13850
BICENTENARIO IV	VENEZUELA-EO13850
BICENTENARIO VI	VENEZUELA-EO13850
BICENTENARIO IX	VENEZUELA-EO13850
PDVSA CARDON	VENEZUELA-EO13850
CUMANAGOTO	VENEZUELA-EO13850
CARIBE	VENEZUELA-EO13850
JAZMIN	VENEZUELA-EO13850
SABANETA	VENEZUELA-EO13850
MANAURE	VENEZUELA-EO13850
MARA	VENEZUELA-EO13850
MARGARITA 1	VENEZUELA-EO13850
YORACO	VENEZUELA-EO13850
CAYAURIMA	VENEZUELA-EO13850
TRIBILIN	VENEZUELA-EO13850
AMAPOLA 1	VENEZUELA-EO13850
GARDENIA	VENEZUELA-EO13850
BALLITO BAY SHIPPING INCORPORATED	VENEZUELA-EO13850
BICENTENARIO X	VENEZUELA-EO13850
PROPER IN MANAGEMENT INCORPORATED	VENEZUELA-EO13850
BICENTENARIO VIII	VENEZUELA-EO13850
BICENTENARIO I	VENEZUELA-EO13850
BICENTENARIO XV	VENEZUELA-EO13850
BICENTENARIO III	VENEZUELA-EO13850
BICENTENARIO VII	VENEZUELA-EO13850
YAKUBETS, Maksim Viktorovich	CYBER2
EVIL CORP	CYBER2
SMIRNOV, Dmitriy Konstantinovich	CYBER2
YAKUBETS, Artem Viktorovich	CYBER2
TUCHKOV, Ivan Dmitriyevich	CYBER2
PLOTNITSKIY, Andrey	CYBER2
SLOBODSKOY, Dmitriy Alekseyevich	CYBER2
TURASHEV, Igor Olegovich	CYBER2
GUSEV, Denis Igorevich	CYBER2
BIZNES-STOLITSA, OOO	CYBER2
OPTIMA, OOO	CYBER2
TREID-INVEST, OOO	CYBER2
SLOBODSKOY, Kirill Alekseyevich	CYBER2
BASHLIKOV, Aleksei	CYBER2
ZAMULKO, Ruslan	CYBER2
GUBERMAN, David	CYBER2
ALVARES, Carlos	CYBER2
MANIDIS, Georgios	CYBER2
SHEVCHUK, Tatiana	CYBER2
SAFAROV, Azamat	CYBER2
BURKHONOVA, Gulsara	CYBER2
S-TROTTER	VENEZUELA-EO13850
LARGE RANGE LIMITED	VENEZUELA-EO13850
ARREAZA MONTSERRAT, Jorge Alberto	VENEZUELA
AL-RAWI, Muhannad Mushtaq Talib Zghayir Karhout	SDGT
AL-RAWI, Mushtaq Talib Zughayr	SDGT
AL-RAWI, Umar Talib Zughayr	SDGT
AL-RAWI, Abd-al-Rahman 'Ali Husayn al-Ahmad	SDGT
ALI, Halima Adan	SDGT
AL-ARD AL-JADIDAH MONEY EXCHANGE COMPANY	SDGT
ESPERANZA	VENEZUELA-EO13850
JENNIFER NAVIGATION LIMITED	VENEZUELA-EO13850
AL-RAWI, Muhammad Abd-al-Qadir Mutni Assaf	SDGT
AL-RAWI, Walid Talib Zughayr	SDGT
IRGC GROUND FORCES	FTO] [IRGC
IRGC NAVY	FTO] [IRGC
KOSSIEV, Sergey Leonidovich	MAGNIT
GEREMEYEV, Ruslan	MAGNIT
TRIKULYA, Elena Anatolievna	MAGNIT
VISMURADOV, Abuzayed	MAGNIT
TEREK SPECIAL RAPID RESPONSE TEAM	MAGNIT
RUZZA TERAN, Iliana Josefa	VENEZUELA
BANCO CENTRAL DE VENEZUELA	VENEZUELA-EO13850
LIMITED LIABILITY COMPANY NON-BANK CREDIT ORGANIZATION RUSSIAN FINANCIAL SOCIETY	NPWMD
BAZZI, Wael	SDGT
VOLTRA TRANSCOR ENERGY BVBA	SDGT
OFFISCOOP NV	SDGT
BSQRD LIMITED	SDGT
TABAJA, Hassan	SDGT
PADILLA DE ARRETURETA, Carol Bealexis	VENEZUELA
GUPTA, Atul	GLOMAG
LOS POCHOS DRUG TRAFFICKING ORGANIZATION	SDNTK] [ILLICIT-DRUGS-EO14059
JUI ESCOBAR, Wildin Tulio	SDNTK
CRUZ OVALLE, Juan Carlos	SDNTK
SUNIGA RODRIGUEZ, Jose Juan	SDNTK
MULTISERVICIOS Y FINCA EL ENCANTO	SDNTK
STAR MARKET MELANYE	SDNTK
JC CAR AUDIO	SDNTK
RANCHO LA DORADA	SDNTK
PERSIAN GULF PETROCHEMICAL INDUSTRY CO.	NPWMD] [IFSR
ARVAND PETROCHEMICAL COMPANY	NPWMD] [IFSR
BANDAR IMAM ABNIROO PETROCHEMICAL COMPANY	NPWMD] [IFSR
BANDAR IMAM BESPARAN PETROCHEMICAL COMPANY	NPWMD] [IFSR
KHOUZESTAN PETROCHEMICAL COMPANY	NPWMD] [IFSR
BANDAR IMAM FARAVARESH PETROCHEMICAL COMPANY	NPWMD] [IFSR
LORDEGAN UREA FERTILIZER COMPANY	NPWMD] [IFSR
BANDAR IMAM KHARAZMI PETROCHEMICAL COMPANY	NPWMD] [IFSR
BANDAR IMAM KIMIYA PETROCHEMICAL COMPANY	NPWMD] [IFSR
MODABBERAN EQTESAD COMPANY	NPWMD] [IFSR
FAJR PETROCHEMICAL COMPANY	NPWMD] [IFSR
HENGAM PETROCHEMICAL COMPANY	NPWMD] [IFSR
HORMOZ UREA FERTILIZER COMPANY	NPWMD] [IFSR
NPC ALLIANCE CORPORATION	NPWMD] [IFSR
IRANIAN INVESTMENT PETROCHEMICAL GROUP COMPANY	NPWMD] [IFSR
GACHSARAN POLYMER INDUSTRIES	NPWMD
DAH DASHT PETROCHEMICAL INDUSTRIES	NPWMD
BROOJEN PETROCHEMICAL COMPANY	NPWMD
ILAM PETROCHEMICAL COMPANY	NPWMD
ATLAS OCEAN AND PETROCHEMICAL (AOPC)	NPWMD
IRANIAN PETROCHEMICAL INVESTMENT DEVELOPMENT MANAGEMENT COMPANY	NPWMD] [IFSR
KAROUN PETROCHEMICAL COMPANY	NPWMD] [IFSR
PAZARGAD NON INDUSTRIAL OPERATION COMPANY	NPWMD] [IFSR
PERSIAN GULF APADANA PETROCHEMICAL COMPANY	NPWMD] [IFSR
PERSIAN GULF BID BOLAND GAS REFINERY COMPANY	NPWMD] [IFSR
PERSIAN GULF PETROCHEMICAL INDUSTRY COMMERCIAL CO.	NPWMD] [IFSR
PERSIAN GULF FAJR YADAVARAN GAS REFINERY COMPANY	NPWMD] [IFSR
PETROCHEMICAL INDUSTRIES DEVELOPMENT MANAGEMENT COMPANY	NPWMD] [IFSR
RAHAVARAN FONOON PETROCHEMICAL COMPANY	NPWMD] [IFSR
URMIA PETROCHEMICAL COMPANY	NPWMD] [IFSR
HEMMAT PETROCHEMICAL COMPANY	NPWMD] [IFSR
NAGHMEH FZE	NPWMD
PETROCHEMICAL NON-INDUSTRIAL OPERATIONS & SERVICES CO.	NPWMD] [IFSR
MINISTRY OF ROCKET INDUSTRY	NPWMD
'ABD AL-HAMID AL-ASADI, Makki Kazim	SDGT] [IRGC] [IFSR
SOUTH WEALTH RESOURCES COMPANY	SDGT] [IRGC] [IFSR
SALIH AL HASANI, Mohammed Hussein	SDGT] [IFSR
BS COMPANY OFFSHORE	IRAN-EO13902
FOZ, Samer	PAARSSR-EO13894
AMAN HOLDING COMPANY	PAARSSR-EO13894
FOZ, Amer	PAARSSR-EO13894
FOZ, Husen	PAARSSR-EO13894
AMAN DAMASCUS JOINT STOCK COMPANY	PAARSSR-EO13894
FOZ FOR TRADING	PAARSSR-EO13894
ORIENT CLUB	PAARSSR-EO13894
LANA TV	PAARSSR-EO13894
PORRAS CORTES, Gustavo Eduardo	NICARAGUA] [NICARAGUA-NHRAA
MOJICA OBREGON, Oscar Salvador	NICARAGUA
CASTRO GONZALEZ, Sonia	NICARAGUA] [NICARAGUA-NHRAA
HUANG, Wang Ken	DPRK4
CHEN, Mei Hsiang	DPRK4
JUI PANG SHIPPING CO LTD	DPRK4
JUI CHENG SHIPPING COMPANY LIMITED	DPRK4
JUI ZONG SHIP MANAGEMENT CO LTD	DPRK4
SHANG YUAN BAO	DPRK4
CUBAMETALES	VENEZUELA-EO13850
TANGSIRI, Ali Reza	SDGT] [NPWMD] [IRGC] [IFSR
GHOLAMSHAHI, Abbas	SDGT] [IRGC] [IFSR
ZIRAHI, Ramezan	SDGT] [IRGC] [IFSR
BADIN, Yadollah	SDGT] [IRGC] [IFSR
RAVANKAR, Mansur	SDGT] [IRGC] [IFSR
OZMA'I, Ali	SDGT] [IRGC] [IFSR
PAKPOUR, Mohammad	SDGT] [IRGC] [IFSR
HAJIZADEH, Amir Ali	SDGT] [IRGC] [IFSR
KIM, Su Il	DPRK2
KHAMENEI, Ali Husseini	IRAN-EO13876
MADURO GUERRA, Nicolas Ernesto	VENEZUELA
LUGO GOMEZ, Eustiquio Jose	VENEZUELA
MOTTA DOMINGUEZ, Luis Alfredo	VENEZUELA
ZARIF, Mohammad Javad	IRAN-EO13876
GOLPAYEGANI, Mohammad Mohammadi	IRAN-EO13876
VELAYATI, Ali Akbar	IRAN-EO13876
BALOCHISTAN LIBERATION ARMY	FTO] [SDGT
HAZZIMA, Husain Ali	SDGT
SHERRI, Amin	SDGT
RA'D, Muhammad Hasan	SDGT
SAFA, Wafiq	SDGT
RUBIO GONZALEZ, Emmanuel Enrique	VENEZUELA-EO13850
MULTITEX INTERNATIONAL TRADING, S.A.	VENEZUELA-EO13850
GLOBAL STRUCTURE, S.A.	VENEZUELA-EO13850
EMMR & CIA. S.A.S.	VENEZUELA-EO13850
C I FONDO GLOBAL DE ALIMENTOS LTDA	VENEZUELA-EO13850
GROUP GRAND LIMITED, S.A. DE C.V.	VENEZUELA-EO13850
MOUSSA, Bah Ag	SDGT
VIELMA MORA, Jose Gregorio	VENEZUELA
SAAB MORAN, Alex Nain	VENEZUELA-EO13850
GROUP GRAND LIMITED	VENEZUELA-EO13850
GROUP GRAND LIMITED GENERAL TRADING	VENEZUELA-EO13850
ASASI FOOD FZE	VENEZUELA-EO13850
PULIDO VARGAS, Alvaro Enrique	VENEZUELA-EO13850
MAYCHOU, Ali	SDGT
SAAB CERTAIN, Shadi Nain	VENEZUELA-EO13850
SAAB CERTAIN, Isham Ali	VENEZUELA-EO13850
GAVIDIA FLORES, Walter Jacob	VENEZUELA-EO13850
GAVIDIA FLORES, Yosser Daniel	VENEZUELA-EO13850
GAVIDIA FLORES, Yoswal Alexander	VENEZUELA-EO13850
STAUDINGER LEMOINE, Mariana Andrea	VENEZUELA-EO13850
GENERAL DIRECTORATE OF MILITARY COUNTERINTELLIGENCE	VENEZUELA-EO13850
AL-KILDANI, Rayan	GLOMAG
QADO, Waad	GLOMAG
AL-SULTAN, Nawfal Hammadi	GLOMAG
AL-JUBOURI, Ahmad Abdullah	GLOMAG
DEMIR, Ismail	CAATSA - RUSSIA
BAKHTAR RAAD SEPAHAN COMPANY	NPWMD] [IFSR
KARIMI-ADEGANI, Afsaneh	NPWMD] [IFSR
TAWU MECHANICAL ENGINEERING AND TRADING COMPANY	NPWMD] [IFSR
TALEBI, Sohayl	NPWMD] [IFSR
SANMING SINO-EURO IMPORT AND EXPORT CO., LTD	NPWMD] [IFSR
HENAN JIAYUAN ALUMINIUM INDUSTRY CO., LTD	NPWMD] [IFSR
TAMIN KALAYE SABZ ARAS COMPANY	NPWMD] [IFSR
BORJI, Salim	NPWMD] [IFSR
NAJAFI, Mehdi	NPWMD] [IFSR
SUZHOU ZHONGSHENG MAGNETIC INDUSTRY CO., LTD.	NPWMD] [IFSR
SUZHOU A-ONE SPECIAL ALLOY CO., LTD	NPWMD] [IFSR
FAKHRZADEH, Mohammad	NPWMD] [IFSR
SUN PROPERTIES LLC	VENEZUELA-EO13850
SEAFIRE FOUNDATION	VENEZUELA-EO13850
MULBERRY PROJE YATIRIM ANONIM SIRKETI	VENEZUELA-EO13850
CLIO MANAGEMENT CORP.	VENEZUELA-EO13850
SALMAN, Salman Raouf	SDGT
GUERRERO MIJARES, Hannover Esteban	VENEZUELA
BLANCO MARRERO, Rafael Ramon	VENEZUELA
FRANCO QUINTERO, Rafael Antonio	VENEZUELA
GRANKO ARTEAGA, Alexander Enrique	VENEZUELA
ZHUHAI ZHENRONG COMPANY LIMITED	IRAN-EO13846
LI, Youmin	IRAN-EO13846
SILVER BAY PARTNERS FZE	VENEZUELA-EO13850
NESTEROV, Igor Vladimirovich	ELECTION-EO13848
KUZMIN, Denis Igorevich	ELECTION-EO13848
REDIN EXCHANGE	SDGT
AL-RAWI, Marwan Mahdi Salah	SDGT
TASH, Ismael	SDGT
SMART ITHALAT IHRACAT DIS TICARET LIMITED SIRKETI	SDGT
AMEEN, Mohamad	SDGT
MARITIME ASSISTANCE LLC	UKRAINE-EO13685
LOGINOV, Ilya	UKRAINE-EO13685
OKOROKOV, Ivan	UKRAINE-EO13685
STEPANYAN, Karen	UKRAINE-EO13685
YAZ	UKRAINE-EO13685
SIG	UKRAINE-EO13685
SUDAK	UKRAINE-EO13685
IBRAHIM, Mohamed Ahmed Elsayed Ahmed	SDGT
PASSAT	UKRAINE-EO13685
OT-2077	UKRAINE-EO13685
MAHRI, Mohamed Ben Ahmed	MALI-EO13882
MATALY, Mohamed Ould	MALI-EO13882
AG ALHOUSSEINI, Houka Houka	MALI-EO13882
ASRE SANAT ESHRAGH COMPANY	NPWMD] [IFSR
SHARIAT, Seyed Hossein	NPWMD] [IFSR
DEHGHAN, Hamed	NPWMD] [IFSR
DEHGHAN, Hadi	NPWMD] [IFSR
AKHAEI, Shaghayegh	NPWMD] [IFSR
EBRAHIMZADEH, Mahdi	NPWMD] [IFSR
PISHTAZAN KAVOSH GOSTAR BOSHRA LLC	NPWMD] [IFSR
EBTEKAR SANAT ILYA LLC	NPWMD] [IFSR
GREEN INDUSTRIES HONG KONG LIMITED	NPWMD] [IFSR
SHAFAGH SENOBAR YAZD COMPANY LIMITED	NPWMD] [IFSR
PENTA OCEAN SHIP MANAGEMENT AND OPERATION LLC	SDGT
MEHDI OFFSHORE AND SHIP MANAGEMENT PTE. LTD.	SDGT
BUSHRA SHIP MANAGEMENT PRIVATE LIMITED	SDGT
KHADIJA SHIP MANAGEMENT PRIVATE LIMITED	SDGT
VANIYA SHIP MANAGEMENT PRIVATE LIMITED	SDGT
MEHDI, Ali Ghadeer	SDGT
JAMMAL TRUST BANK S.A.L.	SDGT
TRUST INSURANCE S.A.L.	SDGT
TRUST INSURANCE SERVICES S.A.L.	SDGT
TRUST LIFE INSURANCE COMPANY S.A.L.	SDGT
BERATEX GROUP LIMITED	UKRAINE-EO13661] [CYBER2] [ELECTION-EO13848
LINBURG INDUSTRIES LTD.	UKRAINE-EO13661] [CYBER2] [ELECTION-EO13848
RA-02791	UKRAINE-EO13661] [CYBER2] [ELECTION-EO13848
VP-CSP	UKRAINE-EO13661] [CYBER2] [ELECTION-EO13848
ST. VITAMIN	UKRAINE-EO13661] [CYBER2] [ELECTION-EO13848
PYON, Kwang Chol	NPWMD
SIM, Kwang Sok	NPWMD
CHOE, Myong Hyon	NPWMD
KANG, Chol Hak	NPWMD
KIM, Song Hun	NPWMD
OO, Than	GLOMAG
AUNG, Aung	GLOMAG
HLAING, Min Aung	GLOMAG] [BURMA-EO14014
WIN, Soe	GLOMAG] [BURMA-EO14014
KAYIHURA, Kale	GLOMAG
SARUR, Muhammad	SDGT
AWAD, Kamal Abdelrahman Aref	SDGT
NASSER, Fawaz Mahmud Ali	SDGT
AL-AYY, Muhammad Kamal	SDGT
SALVIN, Almaida Marani	SDGT
TECHNO ENERGY, S.A.	VENEZUELA-EO13850
AGRO XPO S.A.S.	VENEZUELA-EO13850
MANARA S.A.S.	VENEZUELA-EO13850
GLOBAL ENERGY COMPANY S.A.S.	VENEZUELA-EO13850
ALAMO TRADING S.A.	VENEZUELA-EO13850
ANTIQUA DEL CARIBE S.A.S.	VENEZUELA-EO13850
AVANTI GLOBAL GROUP S.A.S.	VENEZUELA-EO13850
GRUPPO DOMANO S.R.L.	VENEZUELA-EO13850
SAAB MORAN, Amir Luis	VENEZUELA-EO13850
SAAB MORAN, Luis Alberto	VENEZUELA-EO13850
INVERSIONES RODIME S.A.	VENEZUELA-EO13850
VENEDIG CAPITAL S.A.S.	VENEZUELA-EO13850
FUNDACION VENEDIG	VENEZUELA-EO13850
RUBIO GONZALEZ, David Nicolas	VENEZUELA-EO13850
DIMACO TECHNOLOGY, S.A.	VENEZUELA-EO13850
CORPORACION ACS TRADING S.A.S.	VENEZUELA-EO13850
GLOBAL DE TEXTILES ANDINO S.A.S.	VENEZUELA-EO13850
SAAB CERTAIN & COMPANIA S. EN C.	VENEZUELA-EO13850
BEIJING SUKBAKSO	DPRK3] [DPRK-NKSPEA
IZADI, Muhammad Sa'id	SDGT] [IRGC] [IFSR
JABARIN, Zaher	SDGT
MEHDI GROUP	SDGT
MEHDI, Alizaheer Mohammad	SDGT
FOURTEEN STAR SHIPPING MANAGEMENT	SDGT
HUSSAIN, Zafar Anis Ishteyaq	SDGT
FIVE ENERGY OIL TRADING	SDGT
AFRICO 1 OFF-SHORE SAL	SDGT
BHARDWAJ, Anuj	SDGT
AKBARI, Mohammadreza Ali	SDGT
GHASEMI, Morteza	SDGT
QASIR, Ali	SDGT
ASADI, Shamsollah	SDGT
SARAK	SDGT
SOBAR	SDGT
TOUR 2	SDGT
KISH P AND I CLUB	SDGT
HAMRAHAN PISHRO TEJARAT TRADING COMPANY	SDGT
ASHTARI, Mahmud	SDGT
AUTOLEX TRANSPORT LTD.	UKRAINE-EO13661] [CYBER2] [ELECTION-EO13848
M-SAAN	UKRAINE-EO13661] [CYBER2] [ELECTION-EO13848
ADRIAN DARYA 1	SDGT
KUMAR, Akhilesh	SDGT
LAZARUS GROUP	DPRK3
BLUENOROFF	DPRK3
ANDARIEL	DPRK3
AL-HINDI, Muhammad	SDGT
SAWADJAAN, Hatib Hajan	SDGT
WALI, Noor	SDGT
TAYSIR, Hajji	SDGT
ISSA, Marwan	SDGT
HURRAS AL-DIN	SDGT
AL-'ATA, Baha' Abu	SDGT
KARAKI, Ali	SDGT
HAYDAR, Muhammad	SDGT
AL-BARNAWI, Abu Abdullah ibn Umar	SDGT
AL-SURI, Faruq	SDGT
IRAN SPACE AGENCY	NPWMD] [IFSR
IRAN SPACE RESEARCH CENTER	NPWMD] [IFSR
ASTRONAUTICS RESEARCH INSTITUTE	NPWMD] [IFSR
AHMAD, Muhammad Ali Sayid	SDGT
HOKOUL SAL OFFSHORE	SDGT
TALAQI GROUP	SDGT
NAGHAM AL HAYAT LTD.	SDGT
TAWAFUK LTD	SDGT
ALUMIX	SDGT
SAAFARTEX ZONA FRANCA SAS	VENEZUELA-EO13850
KOREA NAMGANG TRADING CORPORATION	DPRK3] [DPRK-NKSPEA
ASIA BRIDGE	DPRK4
ANDRIC, Goran	GLOMAG
BLUELANE OVERSEAS SA	VENEZUELA-EO13850
GIRALT	VENEZUELA-EO13850
CAROIL TRANSPORT MARINE LTD	VENEZUELA-EO13850
DUGARTE PADRON, Juan Carlos	VENEZUELA
TOVASE DEVELOPMENT CORP	VENEZUELA-EO13850
TROCANA WORLD INC.	VENEZUELA-EO13850
VIZCAINO GIL, Gustavo Adolfo	VENEZUELA
CARLOTA C	VENEZUELA-EO13850
SANDINO	VENEZUELA-EO13850
PETION	VENEZUELA-EO13850
NATIONAL DEVELOPMENT FUND OF IRAN	SDGT] [IRGC] [IFSR
ETEMAD TEJARATE PARS CO.	SDGT
CAMPBELL HOOKER, Lumberto Ignacio	NICARAGUA
COSCO SHIPPING TANKER (DALIAN) SEAMAN AND SHIP MANAGEMENT CO., LTD.	IRAN-EO13846
PEGASUS 88 LIMITED	IRAN-EO13846
CHINA CONCORD PETROLEUM CO., LIMITED	IRAN-EO13846
KUNLUN HOLDING COMPANY LTD.	IRAN-EO13846
KUNLUN SHIPPING COMPANY LIMITED	IRAN-EO13846
XU, Bin	IRAN-EO13846
LI, Yi	IRAN-EO13846
SHEN, Luqian	IRAN-EO13846
MAO, Yu Hua	IRAN-EO13846
LOPEZ GOMEZ, Roberto Jose	NICARAGUA
AVELLAN MEDAL, Ramon Antonio	NICARAGUA] [NICARAGUA-NHRAA
GOOD SIBLINGS LTD	DPRK4
LUCKY STAR	DPRK4
CALM BRIDGE	DPRK4
ALWAYS SMOOTH LTD	DPRK4
WEIHAI HUIJIANG TRADE LIMITED	DPRK4
SILVER BRIDGE SHIPPING CO-HKG	DPRK4
AG ALBACHAR, Ahmed	MALI-EO13882
GUPTA, Ajay	GLOMAG
GUPTA, Rajesh	GLOMAG
ESSA, Salim	GLOMAG
AJING ATER, Kur	GLOMAG
LOU TRADING AND INVESTMENT COMPANY LIMITED	GLOMAG
AL-CARDINAL, Ashraf Seed Ahmed	GLOMAG
ALCARDINAL GENERAL TRADING LIMITED	GLOMAG
ALCARDINAL GENERAL TRADING LLC	GLOMAG
AL CARDINAL INVESTMENTS CO. LTD	GLOMAG
ALCARDINAL PETROLEUM COMPANY LIMITED	GLOMAG
NILETEL	GLOMAG
GLOBAL UNITED BIOTECHNOLOGY INC.	SDNTK
CARRENO ESCOBAR, Pedro Miguel	VENEZUELA-EO13884
ORNELAS FERREIRA, Jose Adelino	VENEZUELA-EO13884
THINH CUONG COMPANY LIMITED	DPRK4
CALDERON CHIRINOS, Carlos Alberto	VENEZUELA-EO13884
JON, Jin Yong	DPRK2
AHRAR AL-SHARQIYA	PAARSSR-EO13894
NUR-AL-DIN, Jawad	SDGT
AASI, Sheikh Yusuf	SDGT
RAISI, Ebrahim	IRAN-EO13876
DEHGHAN, Hossein	IRAN-EO13876
HAGHANIAN, Vahid	IRAN-EO13876
HADDAD-ADEL, Gholamali	IRAN-EO13876
KHAMENEI, Mojtaba	IRAN-EO13876
ARMED FORCES GENERAL STAFF	IRAN-EO13876
BAGHERI, Mohammad	IRAN-EO13876
RASHID, Gholam Ali	IRAN-EO13876
REZA'I, Mohsen	IRAN-EO13876
QOMI, Mohsen	IRAN-EO13876
SOLEIMANI, Gholamreza	IRGC] [IRAN-HR] [IRAN-EO13876
ASHTIANI, Mohammad-Reza	IRAN-EO13876] [IRAN-CON-ARMS-EO
ABDOLLAHI, Ali	IRAN-EO13876] [IRAN-CON-ARMS-EO
BLANCO HURTADO, Nestor Neptali	VENEZUELA-EO13884
KOUFFA, Amadou	SDGT] [HOSTAGES-EO14078
OPTIMA FREIGHT OY	CYBER2
JI, Songyan	SDNTK
ZHANG, Longbao	SDNTK
EMPRENDIMIENTOS INMOBILIARIOS MISIONES S.A.	GLOMAG
APOLO INFORMATICA S.A.	GLOMAG
MUNDO INFORMATICO PARAGUAY S.A.	GLOMAG
BAYALTUN, Ismail	SDGT
NICARAGUAN NATIONAL POLICE	NICARAGUA] [NICARAGUA-NHRAA
BAYALTUN, Ahmet	SDGT
NEJAAT SOCIAL WELFARE ORGANIZATION	SDGT
KHAN, Sayed Habib Ahmad	SDGT
WAKIL, Rohullah	SDGT
ZHENG, Guangfu	SDNTK
SAHLOUL MONEY EXCHANGE COMPANY	SDGT
TAWASUL COMPANY	SDGT
AL SULTAN MONEY TRANSFER COMPANY	SDGT
ZHANG, Taotao	SDNTK
ALLYRISE TECHNOLOGY GROUP CO., LIMITED	SDNTK
CORPORACION PANAMERICANA S.A.	VENEZUELA-EO13850
AL-LAMI, Hussein Falah	GLOMAG
AZARI JAHROMI, Mohammad Javad	IRAN] [IRAN-TRA
AL-KHAZALI, Qais	SDGT] [GLOMAG
AL-KHAZALI, Laith	SDGT] [GLOMAG
ORTEGA MURILLO, Rafael Antonio	NICARAGUA
SERVICIO DE PROTECCION Y VIGILANCIA S.A.	NICARAGUA
INVERSIONES ZANZIBAR SOCIEDAD ANONIMA	NICARAGUA
DISTRIBUIDORA NICARAGUENSE DE PETROLEO, S.A.	NICARAGUA
ICARO	VENEZUELA-EO13884
LUISA CACERES DE ARISMENDI	VENEZUELA-EO13884
MANUELA SAENZ	VENEZUELA-EO13884
PARAMACONI	VENEZUELA-EO13884
TEREPAIMA	VENEZUELA-EO13884
YARE	VENEZUELA-EO13884
AL-ISSAWI, Khamis Farhan Al-Khanjar	GLOMAG
BALUKU, Seka Musa	SDGT] [GLOMAG
KIBIRIGE, Amigo	GLOMAG
LUMISA, Muhammed	GLOMAG
SEGUJJA, Elias	GLOMAG
MUHAMMAD, Kayiira	GLOMAG
KASADHA, Amisi	GLOMAG
THIONGKOL, Abud Stephen	GLOMAG
MUORWEL, Malual Dhal	GLOMAG
KUAJIEN, Michael	GLOMAG
LAM, John Top	GLOMAG
GARANG, Angelo Kuot	GLOMAG
KIM, Kun	GLOMAG
CHANDY, King	GLOMAG
7 MAKARA PHARY CO., LTD.	GLOMAG
K D RUBBER PLANTATION CO., LTD.	GLOMAG
ROMDOUL CAPITAL PAWN CO., LTD.	GLOMAG
PHEAP, Try	GLOMAG
TRY PHEAP GROUP CO., LTD.	GLOMAG
M. D. S. IMPORT EXPORT CO., LTD.	GLOMAG
TRY PHEAP DRY PORT CO., LTD.	GLOMAG
TRY PHEAP ENGINEERING & CONSTRUCTION CO., LTD.	GLOMAG
TRY PHEAP GRAND ROYAL CAMBODIA CO., LTD.	GLOMAG
TRY PHEAP IMPORT EXPORT CO., LTD.	GLOMAG
PAPA PETROLEUM CO., LTD.	GLOMAG
TRY PHEAP PROPERTY CO., LTD.	GLOMAG
TRY PHEAP TRAVEL & TOURS CO., LTD.	GLOMAG
M D S THMORDA S E Z CO., LTD.	GLOMAG
TRY PHEAP OYADAV S E Z CO., LTD.	GLOMAG
ANWAR, Rao	GLOMAG
KOCNER, Marian	GLOMAG
HOTEL HOLDING, S.R.O.	GLOMAG
INTERNATIONAL INVESTMENT DEVELOPMENT HOLDING A.S.	GLOMAG
INTERNATIONAL INVESTMENT HOTELS HOLDINGS A.S.	GLOMAG
SPRAVA A INKASO POHLADAVOK, S.R.O.	GLOMAG
SPRAVA A INKASO ZMENIEK, S.R.O.	GLOMAG
TRANZ-TEL, A.S.	GLOMAG
LEMBERGS, Aivars	GLOMAG
VENTSPILS ATTISTIBAS AGENTURA	GLOMAG
BIZNESA ATTISTIBAS ASOCIACIJA	GLOMAG
LATVIJAS TRANZITA BIZNESA ASOCIACIJA	GLOMAG
GRAND SERVICE EXPRESS	UKRAINE-EO13685
KHEDRI, Abdolhossein	SDGT] [IFSR
KHEDRI JAHAN DARYA CO	SDGT] [IFSR
GENAVA 12	SDGT] [IFSR
GENAVA 11	SDGT] [IFSR
MARITIME SILK ROAD LLC	SDGT] [IFSR
JAHAN DESTINATIONS TRAVEL AND TOURISM LLC	SDGT] [IFSR
GOMEI AIR SERVICES CO., LTD.	SDGT] [IFSR
KAPIDZIC, Esad	GLOMAG
SARENAC, Nebojsa	GLOMAG
PETROVIC, Zoran	GLOMAG
BRKIC, Nikola	GLOMAG
SUBOTIC, Milan	GLOMAG
PETROVIC, Zelimir	GLOMAG
CVJETKOVIC, Sreten	GLOMAG
MARICIC, Ljubo	GLOMAG
FALCON STRATEGIC SOLUTIONS DOO	GLOMAG
VELCOM TRADE DOO BEOGRAD	GLOMAG
MELVALE CORPORATION DOO BEOGRAD	GLOMAG
ARANEKS DOO	GLOMAG
GATEWICK LLC	SDGT] [IFSR
VECTURA TRANS DOO	GLOMAG
FINROST LIMITED	GLOMAG
TARDIGRADE LIMITED	GLOMAG
MOONSTORM ENTERPRISES LIMITED	GLOMAG
BUSINESS DIVERSITY LIMITED	GLOMAG
SOPHARY, Kim	GLOMAG
PHARA, Kim	GLOMAG
CAMBO ELITE SECURITY FORCE CO., LTD.	GLOMAG
ROMDOUL DEVELOPMENT CO., LTD.	GLOMAG
AHMAD, Nazem Said	SDGT
BEIRUT DIAM SAL	SDGT
BEIRUT GEM SAL	SDGT
MONTECARLO BEACH SAL	SDGT
DEBBIYE 143 SAL	SDGT
NOUR HOLDING SAL	SDGT
ARAMOUN 1506 SAL	SDGT
DAMOUR 850 SAL	SDGT
GEBAA 2480 SAL	SDGT
NOUMAYRIYE 1057 SAL	SDGT
BEIRUT TRADE SAL	SDGT
BLUE STAR DIAMOND SAL - OFFSHORE	SDGT
ASSI, Saleh	SDGT
SAAB, Tony	SDGT
MINOCONGO	SDGT
PAIN VICTOIRE	SDGT
TRANS GAZELLE	SDGT
INTER ALIMENT SAL OFF-SHORE	SDGT
SALASKO OFFSHORE S.A.L.	SDGT
AL YUMUN REAL ESTATE COMPANY SAL	SDGT
GANOV, Alexander Nikolaevich	UKRAINE-EO13685
GAI, Taban Deng	GLOMAG
MUKIIBI, Moses	GLOMAG
MUSENE, Wilson Masalu	GLOMAG
MIREMBE, Dorah	GLOMAG
ECOBU, Patrick	GLOMAG
GBJ DE COLIMA, S.A. DE C.V.	SDNTK
INTERNATIONAL INVESTMENTS HOLDING S.A. DE C.V.	SDNTK
CORPORATIVO SUSHI PROVI S. DE R.L. DE C.V.	SDNTK
CONSORCIO VENEZOLANO DE INDUSTRIAS AERONAUTICAS Y SERVICIOS AEREOS, S.A.	VENEZUELA-EO13884
MASTER REPOSTERIAS Y RESTAURANTES, S.A. DE C.V.	SDNTK
TIAN, Yinyin	DPRK3] [CYBER2
LI, Jiadong	DPRK3] [CYBER2
ASA'IB AHL AL-HAQ	FTO] [SDGT
ESFAHAN STEEL COMPANY	IRAN-EO13871
KHORASAN STEEL COMPANY	IRAN-EO13871
SOUTH KAVEH STEEL COMPANY	IRAN-EO13871] [IRAN-EO13876
CHADORMALU MINING & INDUSTRIAL COMPANY	IRAN-EO13871
OXIN STEEL COMPANY	IRAN-EO13871
ARFA IRON AND STEEL COMPANY	IRAN-EO13871
IRAN ALLOY STEEL COMPANY	IRAN-EO13871
KHOUZESTAN STEEL COMPANY	IRAN-EO13871
ALMAHDI ALUMINUM CO.	IRAN-EO13871
NATIONAL IRANIAN COPPER INDUSTRIES COMPANY	IRAN-EO13871
GOLGOHAR MINING AND INDUSTRIAL COMPANY	IRAN-EO13871
IRANIAN GHADIR IRON & STEEL CO.	IRAN-EO13871
REPUTABLE TRADING SOURCE LLC	IRAN-EO13871
AL-WADI, Faysal	LIBYA3
MUSBAH, Nourddin Milood M	LIBYA3
ALWEFAQ LTD	LIBYA3
MARAYA	LIBYA3
SABA STEEL	IRAN-EO13871
HORMOZGAN STEEL COMPANY	IRAN-EO13871
IRAN ALUMINUM COMPANY	IRAN-EO13871
KHALAGH TADBIR PARS CO.	IRAN-EO13871
NORIEGA FIGUEROA, Jose Gregorio	VENEZUELA
PARRA RIVERO, Luis Eduardo	VENEZUELA
BRITO RODRIGUEZ, Jose Dionisio	VENEZUELA
PEREZ LINARES, Conrado Antonio	VENEZUELA
MORALES LLOVERA, Negal Manuel	VENEZUELA
DUARTE, Franklyn Leonardo	VENEZUELA
SUPERLANO, Adolfo Ramon	VENEZUELA
SHAMKHANI, Ali	IRAN-EO13876
HONGYUAN MARINE CO LTD	IRAN-EO13871
YV3360	VENEZUELA-EO13884
YV2040	VENEZUELA-EO13884
YV2726	VENEZUELA-EO13884
YV2485	VENEZUELA-EO13884
YV2486	VENEZUELA-EO13884
HONG XUN	IRAN-EO13871
YV2565	VENEZUELA-EO13884
YV2567	VENEZUELA-EO13884
YV1118	VENEZUELA-EO13884
YV2734	VENEZUELA-EO13884
YV2716	VENEZUELA-EO13884
YV2738	VENEZUELA-EO13884
YV2739	VENEZUELA-EO13884
YV2763	VENEZUELA-EO13884
YV2762	VENEZUELA-EO13884
YV2869	VENEZUELA-EO13884
PAMCHEL TRADING BEIJING CO. LTD.	IFCA] [IRAN-EO13871
POWER ANCHOR LIMITED	IRAN-EO13871
SALEHI, Ali Akbar	NPWMD] [IFSR
GOTSANYUK, Yuri Mikhailovich	UKRAINE-EO13660
SAGE ENERGY HK LIMITED	IRAN-EO13846
BENEATHCO DMCC	IRAN-EO13846
PEAKVIEW INDUSTRY CO., LIMITED	IRAN-EO13846
TRILIANCE PETROCHEMICAL CO. LTD.	IRAN-EO13846
RAZVOZHAEV, Mikhail Vladimirovich	UKRAINE-EO13660
NEMTSEV, Vladimir Vladimirovich	UKRAINE-EO13660
DANILENKO, Sergei Andreevich	UKRAINE-EO13660
BASOVA, Lidia Aleksandrovna	UKRAINE-EO13660
PYRKOVA, Ekaterina Eduardovna	UKRAINE-EO13660
ALTABAEVA, Ekateryna Borysovna	UKRAINE-EO13660] [RUSSIA-EO14024
SHANDONG QIWANGWA PETROCHEMICAL CO., LTD.	IRAN-EO13846
JIAXIANG INDUSTRY HONG KONG LIMITED	IRAN-EO13846
BAYANDARIAN, Ali	IRAN-EO13846
WANG, Zhiqing	IRAN-EO13846
YV1003	VENEZUELA-EO13884
YV2984	VENEZUELA-EO13884
YV1004	VENEZUELA-EO13884
YV1008	VENEZUELA-EO13884
YV1009	VENEZUELA-EO13884
YV1005	VENEZUELA-EO13884
YV1850	VENEZUELA-EO13884
YV2421	VENEZUELA-EO13884
YV2422	VENEZUELA-EO13884
YV3434	VENEZUELA-EO13884
YV2558	VENEZUELA-EO13884
YV2559	VENEZUELA-EO13884
YV378T	VENEZUELA-EO13884
YV1007	VENEZUELA-EO13884
YV2557	VENEZUELA-EO13884
YV2556	VENEZUELA-EO13884
YV1000	VENEZUELA-EO13884
YV3016	VENEZUELA-EO13884
YV2966	VENEZUELA-EO13884
YV2850	VENEZUELA-EO13884
YV2849	VENEZUELA-EO13884
YV2851	VENEZUELA-EO13884
YV2911	VENEZUELA-EO13884
YV2912	VENEZUELA-EO13884
YV2913	VENEZUELA-EO13884
YV2943	VENEZUELA-EO13884
YV2944	VENEZUELA-EO13884
YV2953	VENEZUELA-EO13884
YV2954	VENEZUELA-EO13884
YV2965	VENEZUELA-EO13884
YV2964	VENEZUELA-EO13884
YV3052	VENEZUELA-EO13884
YV3071	VENEZUELA-EO13884
YV2969	VENEZUELA-EO13884
YV2970	VENEZUELA-EO13884
YV2993	VENEZUELA-EO13884
YV2994	VENEZUELA-EO13884
YV3032	VENEZUELA-EO13884
YV3033	VENEZUELA-EO13884
YV3034	VENEZUELA-EO13884
ESPANA INFORMATICA S.A.	GLOMAG
HIJAZI, Khalil Ahmad	GLOMAG
HIJAZI, Kassem Mohamad	GLOMAG
PEREZ OLIVAS, Luis Alberto	NICARAGUA] [NICARAGUA-NHRAA
VALLE VALLE, Juan Antonio	NICARAGUA] [NICARAGUA-NHRAA
URBINA, Justo Pastor	NICARAGUA] [NICARAGUA-NHRAA
ATLAS HOLDING	SDGT
BAZZI, Kassem Mohamad Ali	SDGT
MEDICAL EQUIPMENT AND DRUGS INTERNATIONAL CORPORATION	SDGT
SHAHED PHARM	SDGT
AMANA FUEL CO.	SDGT
AMANA PLUS S.A.L.	SDGT
AL KAWTHAR	SDGT
AMANA SANITARY AND PAINTS COMPANY L.T.D.	SDGT
CITY PHARMA SARL	SDGT
GLOBAL TOURISTIC SERVICES SAL	SDGT
MIRATH S.A.L.	SDGT
SANOVERA PHARM COMPANY SARL	SDGT
CAPITAL S.A.L.	SDGT
JANNATI, Ahmad	IRAN-EO13876
YAZDI, Mohammad	IRAN-EO13876
SADEGHI MOGHADAM, Mohammad Hasan	IRAN-EO13876
RAHPEYK, Siamak	IRAN-EO13876
KADKHODAEI, Abbas Ali	IRAN-EO13876
KOREA DAIZIN TRADING CORP.	DPRK2] [DPRK3
ACOSTA MONTALVAN, Ivan Adolfo	NICARAGUA
ORTEGA MURILLO, Juan Carlos	NICARAGUA
DIFUSO COMUNICACIONES S.A.	NICARAGUA
NCUBE, Owen	GLOMAG
AL-HAMIDAWI, Ahmad	SDGT
KHALIL, Ali Hassan	SDGT
DOLDAN GONZALEZ, Liz Paola	GLOMAG
MOBILE ZONE INTERNATIONAL IMPORT-EXPORT S.R.L.	GLOMAG
TNK TRADING INTERNATIONAL S.A.	UKRAINE-EO13662] [VENEZUELA-EO13850
PETRO GRAND FZE	IRAN-EO13846
ALPHABET INTERNATIONAL DMCC	IRAN-EO13846
SWISSOL TRADE DMCC	IRAN-EO13846
ALAM ALTHRWA GENERAL TRADING LLC	IRAN-EO13846
ALWANEO L.L.C. CO.	IRAN-EO13846
SPI INTERNATIONAL	IRAN-EO13846
MCFLY PLASTIC HK LIMITED	IRAN-EO13846
DALIAN GOLDEN SUN IMPORT AND EXPORT CO., LTD.	IRAN-EO13846
AYOUB, Ali Abdullah	PAARSSR-EO13894
TIANYI INTERNATIONAL DALIAN CO., LTD.	IRAN-EO13846
SATURN OASIS CO., LIMITED	IRAN-EO13846
ARMED FORCES SOCIAL SECURITY INVESTMENT COMPANY	IRAN-EO13846
MAIN STREET 1095 PROPRIETARY LIMITED	IRAN-EO13846
TOULAI, Mohammad Hassan	IRAN-EO13846
TAVAKKOLI, Hossein	IRAN-EO13846
SEMNANI, Reza Ebadzadeh	IRAN-EO13846
SABURINEZHAD, Hasan	SDGT] [IRGC] [IFSR
MADA'IN NOVIN TRADERS	SDGT] [IFSR
GHOLIZADEH, Vali	SDGT] [IFSR
MUSAVIFAR, Sayyed Reza	SDGT] [IFSR
MIDDLE EAST SAMAN CHEMICAL COMPANY	SDGT] [IFSR
AL KHAMAEL MARITIME SERVICES	SDGT] [IRGC] [IFSR
ASADI, Ali Farhan	SDGT] [IFSR
AL-HAMIDAWI, Shaykh 'Adnan	SDGT
AL BEHADILI, Mohammed Saeed Odhafa	SDGT] [IFSR
AL-MANSOORI, Ali Hussein Falih	SDGT] [IFSR
MUSAVIR, Sayyed Yaser	SDGT] [IRGC] [IFSR
RECONSTRUCTION ORGANIZATION OF HOLY SHRINES IN IRAQ	SDGT] [IRGC] [IFSR
PELARAK, Hassan	SDGT] [IRGC] [IFSR
FADAKAR, Alireza	SDGT] [IRGC] [IFSR
AL-GHORAYFI, Muhammad	SDGT] [IFSR
SHOUSHTARIPOUSTI, Masoud	SDGT] [IRGC] [IFSR
JALAL MAAB, Mohammad	SDGT] [IFSR
GHASEMZADEH, Mehdi	SDGT] [IRGC] [IFSR
BAKHTIARI, Mashallah	SDGT] [IFSR
BAHJAT AL KAWTHAR COMPANY FOR CONSTRUCTION AND TRADING LTD.	SDGT] [IRGC] [IFSR
RUSSIAN IMPERIAL MOVEMENT	SDGT
VOROBYEV, Stanislav Anatolyevich	SDGT
GARIYEV, Denis Valiullovich	SDGT
TRUSHCHALOV, Nikolay Nikolayevich	SDGT
MOJICA MEJIA, Jose Jorge	NICARAGUA
STAR 18	DPRK4
AL-MAWLA, Amir Muhammad Sa'id Abdal-Rahman	SDGT
MUNDO DIGITAL S.A.	NICARAGUA
AL-SHABAN, Hasan	SDGT
DIANAT, Amir	SDGT] [IFSR
TAIF MINING SERVICES LLC	SDGT] [IFSR
SHANGHAI SAINT LOGISTICS LIMITED	SDGT] [IFSR
AVILES CASTILLO, Julio Cesar	NICARAGUA
ASHTARI FARD, Hossein	IRAN-HR
SOLEIMANI, Ayoub	IRAN-HR
FATHI ZADEH, Mohsen	IRAN-HR
MAHMOODZADEH, Yahya	IRAN-HR
ASHRAQ, Hamidraza	IRAN-HR
ALI NOORINAJAD, Mohammad	IRAN-HR
SHAHVARPOUR NAJAFABADI, Hassan	IRGC] [IFSR] [IRAN-HR] [CAATSA - IRAN
RAHMANI FAZLI, Abdolreza	IRAN] [IRAN-HR
LAW ENFORCEMENT FORCES OF THE ISLAMIC REPUBLIC OF IRAN COOPERATIVE FOUNDATION	IRAN-HR
DARVISH, Habil	IRAN-HR
ZEPEDA ESPARZA, Olga Maria	VENEZUELA-EO13850
ESPARZA GARCIA, Veronica	VENEZUELA-EO13850
LEAL JIMENEZ, Joaquin	VENEZUELA-EO13850
LIBRE ABORDO, S.A. DE C.V.	VENEZUELA-EO13850
SCHLAGER BUSINESS GROUP S. DE R.L. DE C.V.	VENEZUELA-EO13850
WASHINGTON TRADING LTD	VENEZUELA-EO13850
GREAT TEHRAN PENITENTIARY	CAATSA - IRAN
QARCHAK PRISON	CAATSA - IRAN
UZUH, Richard Izuchukwu	CYBER2
OLORUNYOMI, Micheal	CYBER2
OGUNSHAKIN, Alex Afolabi	CYBER2
OKPOH, Felix Osilama	CYBER2
BENSON, Nnamdi Orson	CYBER2
KAYODE, Abiola Ayorinde	CYBER2
AGHA'I, Majid	NPWMD] [IFSR
SAZGAR, Amjad	NPWMD] [IFSR
SOULEYMANE, Bi Sidi	CAR
MORON HERNANDEZ, Santiago Jose	VENEZUELA
MORON HERNANDEZ, Ricardo Jose	VENEZUELA
JAMALEDDINE, Nazir Ahmad Mohammed	PAARSSR-EO13894
TAMAYOZ LLC	PAARSSR-EO13894
RAMAK DEVELOPMENT AND HUMANITARIAN PROJECTS LLC	PAARSSR-EO13894
WINGS PRIVATE JSC	PAARSSR-EO13894
ALEL TECHNOLOGIES LLC	VENEZUELA-EO13850
LUZY TECHNOLOGIES LLC	VENEZUELA-EO13850
COSMO RESOURCES PTE. LTD.	VENEZUELA-EO13850
HAMSHO, Ahmad Sabir Mohammed	PAARSSR-EO13894
AL-ASSAD, Asma	PAARSSR-EO13894
HAMSHO, Amr Mohamed	PAARSSR-EO13894
HAMSHO, Ali Muhammad	PAARSSR-EO13894
ALDABBAS, Rania	PAARSSR-EO13894
AL-ASSAD, Bushra	PAARSSR-EO13894
BILAL, Ghassan Ali	PAARSSR-EO13894
AL-DANA, Samer	PAARSSR-EO13894
AL-ASSAD, Manal	PAARSSR-EO13894
DANAEI KENARSARI, Ali	IRAN
GOHARDEHI, Mohsen	IRAN
M INVEST, OOO	UKRAINE-EO13661] [CYBER2] [ELECTION-EO13848
RAHNAVARD, Alireza	IRAN
YAHYA ZADEH, Hamidreza	IRAN
VAZIRI, Reza	IRAN
TARA STEEL TRADING GMBH	IRAN-EO13871
METIL STEEL	IRAN-EO13871
MEROE GOLD CO. LTD.	UKRAINE-EO13661] [CYBER2] [ELECTION-EO13848
PACIFIC STEEL FZE	IRAN-EO13871
BETTER FUTURE GENERAL TRADING CO LLC	IRAN-EO13871
TUKA METAL TRADING DMCC	IRAN-EO13871
SIRJAN JAHAN STEEL COMPLEX	IRAN-EO13871
MANDEL, Andrei Sergeevich	UKRAINE-EO13661] [CYBER2] [ELECTION-EO13848
IRAN CENTRAL IRON ORE COMPANY	IRAN-EO13871
POTEPKIN, Mikhail Sergeyevich	UKRAINE-EO13661] [CYBER2] [ELECTION-EO13848
LAVRENKOV, Igor Valerievich	UKRAINE-EO13661] [CYBER2] [ELECTION-EO13848
SHINE DRAGON GROUP LIMITED	UKRAINE-EO13661] [CYBER2] [ELECTION-EO13848
SHEN YANG JING CHENG MACHINERY IMP&EXP. CO., LIMITED	UKRAINE-EO13661] [CYBER2] [ELECTION-EO13848
AL-KANI, Mohamed	GLOMAG
ZHE JIANG JIAYI SMALL COMMODITIES TRADE COMPANY LIMITED	UKRAINE-EO13661] [CYBER2] [ELECTION-EO13848
GLOBAL INDUSTRIAL AND ENGINEERING SUPPLY LTD.	IFCA
XINJIANG PUBLIC SECURITY BUREAU	GLOMAG
HUO, Liujun	GLOMAG
WANG, Mingshan	GLOMAG
ZHU, Hailun	GLOMAG
CHEN, Quanguo	GLOMAG
DE LIMA SALAS, David Eugenio	VENEZUELA
AL-ASSAD, Hafez	PAARSSR-EO13894
AL-ASSAD, Karam	PAARSSR-EO13894
AL-ASSAD, Zuhair Tawfik	PAARSSR-EO13894
XINJIANG PRODUCTION AND CONSTRUCTION CORPS	GLOMAG
SUN, Jinlong	GLOMAG
PENG, Jiarui	GLOMAG
HAMUD, Faruq	SDGT
TAGWIREI, Kudakwashe Regimond	GLOMAG
SAKUNDA HOLDINGS	GLOMAG
ALFONZO IZAGUIRRE, Indira Maira	VENEZUELA
GUTIERREZ PARRA, Jose Luis	VENEZUELA
DERKACH, Andrii Leonidovych	ELECTION-EO13848
KANIYAT MILITIA	GLOMAG
PARTHIA CARGO LLC	SDGT] [IFSR
MAHDAVI, Amin	SDGT] [IFSR
DELTA PARTS SUPPLY FZC	SDGT] [IFSR
KARIMI SABET, Javad	NPWMD] [IFSR
KAMALVANDI, Behrouz	NPWMD] [IFSR
RAHIMIAN, Pezhman	NPWMD] [IFSR
SAATI BIN MOHAMAD NAWZAD, Mohamad Ammar	PAARSSR-EO13894
ISMAIL, Samer	PAARSSR-EO13894
DALAH, Ghaith	PAARSSR-EO13894
SAQR, Fadi	PAARSSR-EO13894
ZAGROS PETROCHEMICAL	IRAN-EO13846
ELEMENTO LIMITED	VENEZUELA-EO13850
IBRAHIM, Yasser Hussein	PAARSSR-EO13894
BALITA	VENEZUELA-EO13850
LIA	SDGT] [VENEZUELA-EO13850
MAKSIM GORKY	VENEZUELA-EO13850
SIERRA	VENEZUELA-EO13850
INSTITUTO NACIONAL DE LOS ESPACIOS ACUATICOS E INSULARES	VENEZUELA-EO13850
RUSTANKER LLC	VENEZUELA-EO13850
ABADAN OIL REFINING COMPANY	SDGT] [IFSR] [IRAN-EO13846
ZHIHANG SHIP MANAGEMENT SHANGHAI CO LTD	IRAN-EO13846
NEW FAR INTERNATIONAL LOGISTICS LIMITED	IRAN-EO13846
CHEMTRANS PETROCHEMICALS TRADING LLC	IRAN-EO13846
SINO ENERGY SHIPPING HONGKONG LIMITED	IRAN-EO13846
SHI, Min	IRAN-EO13846
LIN, Zuoyou	IRAN-EO13846
AMIN, Alireza	IRAN-EO13846
POTEKHIN, Danil	CYBER2
KARASAVIDI, Dmitrii	CYBER2
PETROTECH FZE	IRAN-EO13846
DINRIN LIMITED	IRAN-EO13846
TRIO ENERGY DMCC	IRAN-EO13846
JINGHO TECHNOLOGY CO. LIMITED	IRAN-EO13846
DYNAPEX ENERGY LIMITED	IRAN-EO13846
MOBIN INTERNATIONAL LIMITED	SDGT] [IFSR
MADANIPOUR, Mahmoud	SDGT] [IFSR
MOBIN HOLDING LIMITED	SDGT] [IFSR
OMAN FUEL TRADING LTD	SDGT] [IFSR
KARAEU, Yuriy Khadzymuratavich	BELARUS
BARSUKOU, Alyaksandr Pyatrovich	BELARUS
KUBRAKOU, Ivan Uladzimiravich	BELARUS
BALABA, Dzmitriy Uladzimiravich	BELARUS
GUTIERREZ PARRA, Jose Bernabe	VENEZUELA
PONENTE PARRA, Miguel Antonio Jose	VENEZUELA
LUCES OSORIO, Guillermo Antonio	VENEZUELA
BUCARAN PARAGUAN, Chaim Jose	VENEZUELA
BENAVIDES RONDON, Williams Jose	VENEZUELA
OQUIST KELLEY, Paul Herbert	NICARAGUA
NAZARANKA, Yuriy Henadzievich	BELARUS
GUIDO DE ROMERO, Ana Julia	NICARAGUA
ATABEKAU, Khazalbek Bakhtsibekavich	BELARUS
IPATAU, Vadzim Dzmitrievich	BELARUS
DMUKHAYLA, Alena Mikalaeuna	BELARUS
FINYANUS, Yusuf	SDGT
COOPERATIVA DE AHORRO Y CREDITO CAJA RURAL NACIONAL RL	NICARAGUA
UNION DEVELOPMENT GROUP CO., LTD.	GLOMAG
LIFSHITS, Artem Mikhaylovich	CYBER2] [ELECTION-EO13848
ANDREYEV, Anton Nikolaeyvich	CYBER2] [ELECTION-EO13848
MIRJIRASH AL-MUHAMMADAWI, Abd al-Aziz Malluh	SDGT
NABAH LTD	GLOMAG
JAMMEH, Zineb Souma Yahya	GLOMAG
ASLANOVA, Darya Dmitriyevna	CYBER2] [ELECTION-EO13848
DARASSA, Ali	CAR
ARCH CONSULTING	SDGT
MEAMAR SARL	SDGT
KARBASIAN, Masoud	SDGT] [IFSR
ATLANTIC SHIP MANAGEMENT COMPANY	SDGT] [IFSR
PUREBRAHIM, Ali Akbar	SDGT] [IFSR
MINISTRY OF PETROLEUM	SDGT] [IFSR
ZANGANEH, Bijan	SDGT] [IFSR
LONGBOW LAKE	SDGT] [IFSR
WU XIAN	SDGT] [IFSR
NATIONAL IRANIAN OIL REFINING AND DISTRIBUTION COMPANY	SDGT] [IFSR
NATIONAL IRANIAN OIL PRODUCTS DISTRIBUTION COMPANY	SDGT] [IFSR
IRANIAN OIL PIPELINES AND TELECOMMUNICATION CO.	SDGT] [IFSR
NATIONAL IRANIAN OIL ENGINEERING AND CONSTRUCTION COMPANY	SDGT] [IFSR
IMAM KHOMEINI SHAZAND OIL REFINING COMPANY	SDGT] [IFSR
SADIQABADI, Alireza	SDGT] [IFSR
MOHAMMADI, Behzad	SDGT] [IFSR
AS'AD, Sultan Khalifah	SDGT
GHOLIZADEH, Hojjat	IRAN-HR
MEHRI, Mohammad Hassan	IRAN-HR
NAFTCHI, Mohsen Raeesi	IRAN-HR
MOSTAFAEI, Saeed	IRAN-HR
MAGHSOUDI, Hassan Fazli	IRAN-HR
KHANMIRI, Amin Hosseinzadeh	IRAN-HR
HAMIDI, Esmail	IRAN-HR
MOGHADAM, Mohsen Matloub	IRAN-HR
KAMALI, Ali	IRAN-HR
BABAIE, Nematollah Hosein	IRAN-HR
MAHMOUDI, Mohammad	IRAN-HR
JALALI, Maysam	IRAN-HR
MOSTAFANEJAD, Vali	IRAN-HR
KHALILZADEH, Mohammad	IRAN-HR
ABEDSHAHI, Omid	IRAN-HR
JAFARIBANDARABADI, Mohammadreza	IRAN-HR
KANDI, Omid Moosazadeh Hamzeh	IRAN-HR
EMADODDIN, Alireza	IRAN-HR
FARASHAH, Payman Dehghanpour	IRAN-HR
ZADEH, Salar Mahmoud	IRAN-HR
ABOUTORABI, Seyed Hamid	IRAN-HR
MIRZAEI, Mohammad Ali	IRAN-HR
TAVANA, Ali Akbar Rezaei	IRAN-HR
JABARI, Abolfazl	IRAN-HR
MIRZAEI, Reza	IRAN-HR
MEHRI, Mahmoud	IRAN-HR
MADHI, Shahriyar	IRAN-HR
AKBARIANA, Omid	IRAN-HR
TAHERISHABAN, Javad	IRAN-HR
AZIZABADI, Reza Mohammadi	IRAN-HR
AZADKHANI, Amirhossein	IRAN-HR
KALAMI, Seyed Mohammad	IRAN-HR
OSTADAKBARI, Alireza	IRAN-HR
LOTFI, Benham	IRAN-HR
DAVOODI, Abolfazl Hossein Pour	IRAN-HR
GASHASBI, Mansoor	IRAN-HR
NOORI, Mohsen	IRAN-HR
NAZARIKOLEHJOUB, Hossein	IRAN-HR
SEDAGHATI, Mostafa	IRAN-HR
IRANAGH, Gholamreza Radmard	IRAN-HR
RASOULI, Mohammadbagher	IRAN-HR
MEHRI, Mahdi	IRAN-HR
SAFARI, Amirhossein	IRAN-HR
GHAFFARIANANBERAN, Seyedmohammad	IRAN-HR
HEJABI, Mahdi	IRAN-HR
RANA INTELLIGENCE COMPUTING COMPANY	IRAN-HR
ADVANCED PERSISTENT THREAT 39	IRAN-HR
BIN ALI, Khodr Taher	PAARSSR-EO13894
SARDASHTI, Nasrollah	SDGT] [IFSR
ZANGANEH, Viyan	SDGT] [IFSR
ATLAS SHIP MANAGEMENT	SDGT] [IFSR
CASTLE SECURITY AND PROTECTION LLC	PAARSSR-EO13894
EMMA LLC	PAARSSR-EO13894
EMMA TEL LLC	PAARSSR-EO13894
ELLA MEDIA SERVICES LLC	PAARSSR-EO13894
EMMA TEL PLUS LLC	PAARSSR-EO13894
SYRIAN HOTEL MANAGEMENT LLC	PAARSSR-EO13894
AL ALI AND AL HAMZA LLC	PAARSSR-EO13894
SYRIAN COMPANY FOR METALS AND INVESTMENTS LLC	PAARSSR-EO13894
JASMINE CONTRACTING COMPANY	PAARSSR-EO13894
GOLDEN STAR TRADING LLC	PAARSSR-EO13894
ELLA TOURISM COMPANY	PAARSSR-EO13894
M FINANS	UKRAINE-EO13661] [CYBER2] [ELECTION-EO13848
LOBAYE INVEST	UKRAINE-EO13661] [CYBER2] [ELECTION-EO13848
KHODOTOV, Yevgeny	UKRAINE-EO13661] [CYBER2] [ELECTION-EO13848
GHADIRIAN, Hamid Reza	NPWMD] [IFSR
SHIVA'I, Ahmad Asghari	NPWMD] [IFSR
LOUKA, Husam Muhammad	PAARSSR-EO13894
NPP PT OKEANOS, AO	CYBER2
IVANOVA, Elena Nikolaevna	CYBER2
ZANIN, Vladislav Yuryevich	CYBER2
KUCHUMOVA, Nadezhda Leonidovna	CYBER2
ESMA'ILPUR, Asghar	NPWMD] [IFSR
GHOLAMI, Mohammad	NPWMD] [IFSR
SHANGHAI CISHUN FINE CHEMICAL CO, LTD.	ILLICIT-DRUGS-EO14059
KUZIN, Aleksandr Yuryevich	UKRAINE-EO13661] [CYBER2] [ELECTION-EO13848
SYTII, Dmitry Sergeevich	UKRAINE-EO13661] [CYBER2] [ELECTION-EO13848
ADEL ABAD PRISON	CAATSA - IRAN
ORUMIYEH PRISON	CAATSA - IRAN
VAKILABAD PRISON	CAATSA - IRAN
SADATI, Seyyed Mahmoud	CAATSA - IRAN
SOLTANI, Mohammad	CAATSA - IRAN
BRANCH 1 OF THE SHIRAZ REVOLUTIONARY COURT	CAATSA - IRAN
GHANNADI MARAGHEH, Mohammad	NPWMD] [IFSR
IBRAHIM, Nasreen Hussein	PAARSSR-EO13894
IBRAHIM, Rana Hussein	PAARSSR-EO13894
JEDID, Milad	PAARSSR-EO13894
RODRIGUEZ LOPEZ-CALLEJA, Luis Alberto	CUBA
KULYK, Konstantin	ELECTION-EO13848
DUBINSKY, Oleksandr	ELECTION-EO13848
KOREA CHOLSAN GENERAL TRADING CORPORATION	DPRK3
MOKRAN LLC	DPRK3
ISMAIL, Ghassan Jaoudat	PAARSSR-EO13894
AL-ALI, Nasr	PAARSSR-EO13894
STATE RESEARCH CENTER OF THE RUSSIAN FEDERATION FGUP CENTRAL SCIENTIFIC RESEARCH INSTITUTE OF CHEMISTRY AND MECHANICS	CAATSA - RUSSIA
DELIGHT SHIPPING COMPANY LIMITED	IFCA
GRACIOUS SHIPPING COMPANY LIMITED	IFCA
NOBLE SHIPPING COMPANY LIMITED	IFCA
SUPREME SHIPPING COMPANY LIMITED	IFCA
REACH HOLDING GROUP SHANGHAI CO., LTD.	IFCA
REACH SHIPPING LINES HONG KONG CO., LIMITED	IFCA
CHEN, Eric	IFCA
HE, Daniel Y.	IFCA
TALIB, Ahmed Luqman	SDGT
TALIB AND SONS PTY LTD	SDGT
ELEMENTO SOLUTIONS LIMITED	VENEZUELA-EO13850
MORVARID PETROCHEMICAL	IRAN-EO13846
ARYA SASOL POLYMER	IRAN-EO13846
JIAXIANG ENERGY HOLDING PTE. LTD.	IRAN-EO13846
BINRIN LIMITED	IRAN-EO13846
ELFO ENERGY HOLDING LIMITED	IRAN-EO13846
GLORY ADVANCED LIMITED	IRAN-EO13846
SIBSHUR LIMITED	IRAN-EO13846
JANE SHANG CO., LIMITED	IRAN-EO13846
KHITI, Amer Taysir	PAARSSR-EO13894
KHITI HOLDING GROUP	PAARSSR-EO13894
KHAN, Abid Ali	TCO
ABID ALI KHAN TRANSNATIONAL CRIMINAL ORGANIZATION	TCO
GUL, Redi Hussein Khal	TCO
KARIM, Shakeel	TCO
WARAICH, Choudry Ikram	TCO
RODRIGUEZ SERRANO, Lucio	SDNTK
MASJEDI, Iraj	SDGT] [IRGC] [IFSR
CENTRAL PUBLIC PROSECUTORS OFFICE	DPRK2
BIN AHMED RUSHDI AL-QATIRJI, Hussam	SDGT
ARFADA PETROLEUM PRIVATE JOINT STOCK COMPANY	PAARSSR-EO13894
SALLIZAR SHIPPING SAL	PAARSSR-EO13894
AL-RESAFA REFINERY COMPANY PRIVATE JSC	PAARSSR-EO13894
COASTAL REFINERY COMPANY PRIVATE JSC	PAARSSR-EO13894
ISLAMIC RADIO AND TELEVISION UNION	ELECTION-EO13848
INTERNATIONAL UNION OF VIRTUAL MEDIA	ELECTION-EO13848
BAYAN RASANEH GOSTAR INSTITUTE	ELECTION-EO13848
QAOUK, Nabil	SDGT
AL-BAGHDADI, Hassan	SDGT
BAKHTAR COMMERCIAL COMPANY	IRAN-EO13846
KAVIAN PETROCHEMICAL COMPANY	IRAN-EO13846
STRAIT SHIPBROKERS PTE. LTD.	IRAN-EO13846
WEI, Lin Na	IRAN-EO13846
BASRAI, Murtuza Mustafamunir	IRAN-EO13846
ARANI, Hossein Firouzi	IRAN-EO13846
OLADI, Ramezan	IRAN-EO13846
RUSTOM, Saqr	PAARSSR-EO13894
AL-FAYYADH, Falih	GLOMAG
BASSIL, Gibran	GLOMAG
MOLINA LOPEZ, Eugenio Dario	ILLICIT-DRUGS-EO14059
ZAPATA GARZON, Jhon Fredy	SDNTK
ZAPATA GARZON, Tatiana Marguerid	SDNTK
CORREA SALAS, Euclides	SDNTK
MURILLO PALACIOS, Einer	SDNTK
LAS INGENIERIAS S.A.S.	SDNTK
FRESNO HOME S.A.S.	SDNTK
DISTRIECOR S.A.S.	SDNTK
MULTIOPERACIONES DE OCCIDENTE S.A.S.	SDNTK
HODA TRADING	NPWMD] [IFSR
PROMA INDUSTRY CO., LTD.	NPWMD] [IFSR
SOLTANMOHAMMADI, Mohammad	NPWMD] [IFSR
DES INTERNATIONAL CO., LTD.	NPWMD] [IFSR
NAZ TECHNOLOGY CO., LTD.	NPWMD] [IFSR
SUN, Shih Mei	NPWMD] [IFSR
ARTIN SANA'AT TABAAN COMPANY	NPWMD] [IFSR
BANIHASHEMI, Mohammad	NPWMD] [IFSR
HUANG, Chin-Hua	NPWMD] [IFSR
SHERMAN, Harry Varney Gboto-Nambi	GLOMAG
ISLAMIC REVOLUTION MOSTAZAFAN FOUNDATION	IRAN-EO13876
BORGHEI, Amir-Mansour	IRAN-EO13876
IRAN ELECTRONIC DEVELOPMENT COMPANY	IRAN-EO13876
GHANA'AT, Javad	IRAN-EO13876
MOKHTARI, Khosro	IRAN-EO13876
SINA ENERGY DEVELOPMENT COMPANY	IRAN-EO13876
SINA PAYA SANAT DEVELOPMENT CO.	IRAN-EO13876
ESKANDARI, Mohammad	IRAN-EO13876
ALIKHANI, Mohsen	IRAN-EO13876
IMANI, Seyyed Zia	IRAN-EO13876
SANATI DOODEH FAM CO.	IRAN-EO13876
RAH NEGAR PARS MIDDLE EAST COMPANY	IRAN-EO13876
KAVEH PARS MINING INDUSTRIES DEVELOPMENT COMPANY	IRAN-EO13876
OJI, Javad	IRAN-EO13876
PEYVAND TEJARAT ATIEH IRANIAN COMPANY	IRAN-EO13876
ATABAK, Seyyed Mohammad	IRAN-EO13876
SHISHEH VA GAS INDUSTRIES GROUP	IRAN-EO13876
SINA FINANCIAL AND INVESTMENT HOLDING COMPANY	IRAN-EO13876
DAMAVAND MINING	IRAN-EO13876
TEHRAN CEMENT COMPANY	IRAN-EO13876
SINA PORT AND MARINE SERVICES DEVELOPMENT COMPANY	IRAN-EO13876
IRAN TIRE MANUFACTURING COMPANY	IRAN-EO13876
BEHRAN OIL CO.	IRAN-EO13876
TEHRAN INTERNATIONAL TRANSPORT CO	IRAN-EO13876
NORTH WOOD INDUSTRY COMPANY	IRAN-EO13876
KAVEH KHOZESTAN ALUMINUM COMPANY	IRAN-EO13876
OMRAN VA MASKAN IRAN COMPANY	IRAN-EO13876
SINA TILE AND CERAMIC INDUSTRIES COMPANY	IRAN-EO13876
SINA CURRENCY EXCHANGE COMPANY	IRAN-EO13876
INTERNATIONAL TRADE AND INDUSTRIAL TECHNOLOGY ITRITEC GMBH	IRAN-EO13876
BONYAD SHIPPING AGENCIES COMPANY	IRAN-EO13876
PARS TILE COMPANY	IRAN-EO13876
SELKBAF CO	IRAN-EO13876
ALIAF COMPANY	IRAN-EO13876
BOSCO GILAN	IRAN-EO13876
SOMIC ENGINEERING AND MANAGEMENT CO	IRAN-EO13876
BONYAD EASTERN RAILWAY COMPANY	IRAN-EO13876
HEJAB TEXTILE COMPANY	IRAN-EO13876
PISHGAMAN HORIZON DEVELOPMENT IRANIAN BUSINESS TRADING COMPANY	IRAN-EO13876
SINA RAIL PARS COMPANY	IRAN-EO13876
PARSIAN TOURISM AND RECREATIONAL CENTERS COMPANY	IRAN-EO13876
PAYANDAN COMPANY	IRAN-EO13876
COAL TAR REFINING COMPANY	IRAN-EO13876
PAYA SAMAN PARS	IRAN-EO13876
PISHRO IRAN FINANCIAL AND INVESTMENT COMPANY	IRAN-EO13876
PARS ENERGY-GOSTAR DRILLING AND EXPLORATION	IRAN-EO13876
PARS SARRALLE COMPANY	IRAN-EO13876
NORTH DRILLING COMPANY	IRAN-EO13876
TALOON COMPANY	IRAN-EO13876
RAMAN COMPANY	IRAN-EO13876
DAY COMPANY	IRAN-EO13876
MELLI SAKHTEMAN COMPANY	IRAN-EO13876
BEH TAM RAVANKAR	IRAN-EO13876
BEHRAN TRADING COMPANY	IRAN-EO13876
TABCHEM CHEMICAL INDUSTRIES CO.	IRAN-EO13876
TURIRA COMPANY	IRAN-EO13876
KAVEH SHARGH STEEL CO.	IRAN-EO13876
ARVAND KAVEH STEEL CO.	IRAN-EO13876
EX-CLE SOLUCIONES BIOMETRICAS C.A.	VENEZUELA
ALAVI, Mahmoud	IRAN-HR
SAN AGUSTIN, Guillermo Carlos	VENEZUELA
MACHADO REQUENA, Marcos Javier	VENEZUELA
MOHAMED, Abdullahi Osman	SDGT
AYMAN, Maalim	SDGT
SOUTH ROUHINA STEEL COMPLEX	IRAN-EO13871
MASOUTI, Mohammed Hammam Mohammed Adnan	PAARSSR-EO13894
SOURAN COMPANY	PAARSSR-EO13894
LIA COMPANY	PAARSSR-EO13894
POLYMEDICS LLC	PAARSSR-EO13894
CEIEC	VENEZUELA
ASTREIKA, Alyaksandr Vyachaslavavich	BELARUS
SECONDEYE SOLUTION	CYBER2] [ELECTION-EO13848
RAZA, Mohsin	CYBER2] [ELECTION-EO13848
RAZA, Mujtaba Ali	CYBER2] [ELECTION-EO13848
THE OXYTECH	CYBER2] [ELECTION-EO13848
LIKE WISE	CYBER2] [ELECTION-EO13848
FRESH AIR FARM HOUSE	CYBER2] [ELECTION-EO13848
MKSOFTTECH	CYBER2] [ELECTION-EO13848
AHMED, Shahzad	CYBER2] [ELECTION-EO13848
IBRAHIM, Osama Al Kuni	LIBYA3
IRLU, Hasan	SDGT] [IRGC] [IFSR
KAZAKEVICH, Henadz Arkadzievich	BELARUS
MAIN INTERNAL AFFAIRS DIRECTORATE OF THE MINSK CITY EXECUTIVE COMMITTEE	BELARUS
MINSK SPECIAL PURPOSE POLICE UNIT	BELARUS
FIDES SHIP MANAGEMENT LLC	VENEZUELA-EO13850
RAZA, Syed Ali	CYBER2] [ELECTION-EO13848
HAYAT, Muhammad Khizar	CYBER2] [ELECTION-EO13848
HASNAIN, Syed Johar	CYBER2] [ELECTION-EO13848
SHAHID MEISAMI GROUP	NPWMD] [IFSR
BABRI, Mehran	NPWMD] [IFSR
CHERIZIER, Jimmy	GLOMAG
DUPLAN, Joseph Pierre Richard	GLOMAG
MONCHERY, Fednel	GLOMAG
AGUILAR GARCIA, Marvin Ramiro	NICARAGUA
GUTIERREZ MERCADO, Walmaro Antonio	NICARAGUA
DOMINGUEZ ALVAREZ, Fidel De Jesus	NICARAGUA
KURCHALOI DISTRICT OF THE CHECHEN REPUBLIC BRANCH OF THE MINISTRY OF INTERNAL AFFAIRS OF THE RUSSIAN FEDERATION	MAGNIT
KHUTAEV, Khusein Merlovich	MAGNIT
SALAMOV, Nurid Denilbekovich	MAGNIT
AKHMATOV, Dzhabrail Alkhazurovich	MAGNIT
ABSOLUTE CHAMPIONSHIP AKHMAT	GLOMAG
MATRAIMOV, Raimbek	GLOMAG
AKHMAT MMA	GLOMAG
FC AKHMAT GROZNY	GLOMAG
AKHMAT KADYROV FOUNDATION	GLOMAG] [RUSSIA-EO14024
WORLD HONGMEN HISTORY AND CULTURE ASSOCIATION	GLOMAG
USMAYEV, Vakhit	GLOMAG
MEGASTROYINVEST LTD	GLOMAG
CHECHEN MINERAL WATERS LTD	GLOMAG
KOI, Wan Kuok	GLOMAG
DUGAZAEV, Timur	GLOMAG
PALAU CHINA HUNG-MUN CULTURAL ASSOCIATION	GLOMAG
DONGMEI INVESTMENT GROUP CO., LIMITED	GLOMAG
SABSABI, Ziyad	GLOMAG
MARTYNOV, Daniil Vasilievich	GLOMAG
AL-QIZANI, Ashraf	SDGT
AL-KHAIWANI, Abdul Hakim	GLOMAG
ZABIN, Sultan	YEMEN] [GLOMAG
AL-MUSTAFA INTERNATIONAL UNIVERSITY	SDGT] [IFSR
AL-SHAMI, Abdul Qader	GLOMAG
CENTRAL ELECTION COMMISSION OF THE REPUBLIC OF BELARUS	BELARUS] [BELARUS-EO14038
MURAJ, Yousef Ali	SDGT] [IRGC] [IFSR
KAVE COFFEE S.A.	CUBA
FINANCIERA CIMEX S.A	CUBA
GRUPO DE ADMINISTRACION EMPRESARIAL S.A.	CUBA] [CUBA-EO14404
DONGHAI INTERNATIONAL SHIP MANAGEMENT LTD	IRAN-EO13846
PETROCHEM SOUTH EAST LTD	IRAN-EO13846
ALPHA TECH TRADING FZE	IRAN-EO13846
PETROLIANCE TRADING FZE	IRAN-EO13846
BASERI, Mohammad	IRAN-HR
KHAZAI, Ahmad	IRAN-HR
SARAYA AL-MUKHTAR	SDGT
AL-MARRANI, Motlaq Amer	GLOMAG
JARFAN, Abdul Rahab	GLOMAG
AL-AMER FOR MANUFACTURE OF CONCRETE AND FLAGSTONE	PAARSSR-EO13894
AL-AMER FOR MANUFACTURE OF PLASTIC	PAARSSR-EO13894
AL-LAYTH ALZAHABE TRANSPORTATION AND SHIPPING SERVICES	PAARSSR-EO13894
AL-AMER DEVELOPMENT AND REAL ESTATE INVESTMENT	PAARSSR-EO13894
GOOD LAND COMPANY	PAARSSR-EO13894
CORNIELLES RUIZ, Lorena Carolina	VENEZUELA
TORRES ESPINOZA, Ramon Antonio	VENEZUELA
YIGIT, Faruk	CAATSA - RUSSIA
GENCOGLU, Serhat	CAATSA - RUSSIA
DENIZ, Mustafa Alper	CAATSA - RUSSIA
KGB ALPHA	BELARUS
27TH SCIENTIFIC CENTER	NPWMD] [RUSSIA-EO14024
STATE SCIENTIFIC RESEARCH INSTITUTE OF ORGANIC CHEMISTRY AND TECHNOLOGY	NPWMD
33RD SCIENTIFIC RESEARCH AND TESTING INSTITUTE	NPWMD] [RUSSIA-EO14024
MOULHEM, Kifah	PAARSSR-EO13894
AL-AKHRAS, Fawaz	PAARSSR-EO13894
AL-AKHRAS, Sahar Otri	PAARSSR-EO13894
AL-AKHRAS, Firas	PAARSSR-EO13894
AL-AKHRAS, Eyad	PAARSSR-EO13894
KHAZAR STEEL CO.	IRAN-EO13871
PASARGAD STEEL COMPLEX	IRAN-EO13871
VIAN STEEL COMPLEX	IRAN-EO13871
KAIFENG PINGMEI NEW CARBON MATERIALS TECHNOLOGY CO., LTD.	IFCA] [IRAN-EO13871
YAZD INDUSTRIAL CONSTRUCTIONAL STEEL ROLLING MILL	IRAN-EO13871
WEST ALBORZ STEEL COMPLEX	IRAN-EO13871
ESFARAYEN INDUSTRIAL COMPLEX	IRAN-EO13871
BONAB STEEL INDUSTRY COMPLEX	IRAN-EO13871
GILAN STEEL COMPLEX	IRAN-EO13871
SIRJAN IRANIAN STEEL	IRAN-EO13871
ZARAND IRANIAN STEEL COMPANY	IRAN-EO13871
MIDDLE EAST MINES AND MINERAL INDUSTRIES DEVELOPMENT HOLDING COMPANY	IRAN-EO13871
GMI PROJECTS HAMBURG GMBH	IRAN-EO13871
GMI PROJECTS LTD	IRAN-EO13871
WORLD MINING INDUSTRY COMPANY LTD	IRAN-EO13871
SAJDEH, Majid	IFCA
KVT-RUS	CAATSA - RUSSIA] [RUSSIA-EO14024] [PEESA-EO14039
FIONA	CAATSA - RUSSIA] [RUSSIA-EO14024] [PEESA-EO14039
ASTAN QUDS RAZAVI	IRAN-EO13876
MARVI, Ahmad	IRAN-EO13876
QUDS RAZAVI HOUSING AND CONSTRUCTION CO.	IRAN-EO13876
QUDS RAZAVI MINES CO.	IRAN-EO13876
QUDS RAZAVI TRADITIONAL TILE CO.	IRAN-EO13876
RAZAVI BROKERAGE FIRM	IRAN-EO13876
RAZAVI ECONOMIC ORGANIZATION	IRAN-EO13876
RAZAVI OIL AND GAS DEVELOPMENT CO.	IRAN-EO13876
SHAHAB KHODRO CO.	IRAN-EO13876
IRAN COMBINE MANUFACTURING CO.	IRAN-EO13876
RAZAVI INFORMATION AND COMMUNICATION TECHNOLOGY CO.	IRAN-EO13876
RAZAVI SUPPLY CHAIN MANAGEMENT CO.	IRAN-EO13876
MOFIDRAHBAR AUDIT FIRM	IRAN-EO13876
TADBIR DRILLING DEVELOPMENT COMPANY	IRAN-EO13876
BALIAR	VENEZUELA-EO13850
ERA-MEDIA TOV	ELECTION-EO13848
NABULEAKS	ELECTION-EO13848
ZHURAVEL, Petro Anatoliyovich	ELECTION-EO13848
KOVALCHUK, Dmytro Volodymyrovych	ELECTION-EO13848
TERENTIEV, Vladimir Nikolaevich	UKRAINE-EO13660
ABADAN POWER GENERATION COMPANY	IRAN-EO13876
IRAN MOBIN ELECTRONIC DEVELOPMENT COMPANY	IRAN-EO13876
TELIZHENKO, Andrii	ELECTION-EO13848
BARKAT VENTURES	IRAN-EO13876
ONYSHCHENKO, Oleksandr	ELECTION-EO13848
MOKHBER, Mohammad	IRAN-EO13876
INFORMATSIYNE AGENSTVO ONLI N'YUZ TOV	ELECTION-EO13848
SKEPTIK TOV	ELECTION-EO13848
ABBATAY, Muhammad	SDGT
AL-'ARIF, Sultan Yusuf Hasan	SDGT
AHMED, Isma'il Fu'ad Rasul	SDGT
AL-SHAKHAN, Fuad Ahmad Nuri Ali	SDGT
SHARIF, Niamat Hama Rahim Hama	SDGT
SIMONENKO, Anton Oleksandrovych	ELECTION-EO13848
YIP, Chuen Fat	ILLICIT-DRUGS-EO14059
JOINT-STOCK COMPANY THE BERKAKIT-TOMMOT-YAKUTSK RAILWAY LINE'S CONSTRUCTION DIRECTORATE	UKRAINE-EO13685
MUSA, Yahya al-Sayyid Ibrahim	SDGT
AL-SAMAHI, Alaa Ali Ali Mohammed	SDGT
KHIABANI, Mohammad Reza Modarres	IFCA
ACCENTURE BUILDING MATERIALS	IFCA
AZIMIAN, Hamidreza	IFCA
IRAN TRANSFO CO.	IFCA
ZANGAN DISTRIBUTION TRANSFORMER CO	IFCA
JIANGYIN MASCOT SPECIAL STEEL CO., LTD	IFCA
MINISTRY OF INTERIOR OF CUBA	GLOMAG] [CUBA-EO14404
ALVAREZ CASAS, Lazaro Alberto	GLOMAG
MENDIVIL FIGUEROA, Efrain	SDNTK
MUSHNIKOVA, Natalia Evgenievna	MAGNIT
DALE TOURS, S.A. DE C.V.	SDNTK
CHACON MIRANDA, Alejandro	SDNTK
CITY PLAZA, SOCIEDAD ANOMINA DE CAPITAL VARIABLE	SDNTK
MOXING CARTOON	DPRK3
ABOUZAID EL BAYEH, Juan Manuel	SDNTK
YARIN, Andrei Veniaminovich	UKRAINE-EO13661
KIRIYENKO, Sergei Vladilenovich	UKRAINE-EO13661] [RUSSIA-EO14024
KRIVORUCHKO, Aleksei Yurievich	UKRAINE-EO13661] [RUSSIA-EO14024
POPOV, Pavel Anatolievich	UKRAINE-EO13661
BORTNIKOV, Alexander Vasilievich	NPWMD] [UKRAINE-EO13661] [RUSSIA-EO14024
WIN, Sein	BURMA-EO14014
HTUT, Soe	BURMA-EO14014
AUNG, Ye	BURMA-EO14014
OO, Mya Tun	BURMA-EO14014
SAN, Tin Aung	BURMA-EO14014
OO, Ye Win	BURMA-EO14014
MYANMAR RUBY ENTERPRISE	BURMA-EO14014
MYANMAR IMPERIAL JADE CO., LTD.	BURMA-EO14014
DWE, Aung Lin	BURMA-EO14014
CANCRI GEMS & JEWELLERY CO., LTD.	BURMA-EO14014
RIVERA VARELA, Carlos Andres	SDNTK] [SDGT] [ILLICIT-DRUGS-EO14059
GUDINO HARO, Francisco Javier	SDNTK] [SDGT] [ILLICIT-DRUGS-EO14059
MONTERO PINZON, Julio Cesar	SDGT] [ILLICIT-DRUGS-EO14059
AGRICOLA COSTA ALEGRE S.P.R. DE R.L.	SDNTK
FLORES SILVA, Audias	SDNTK] [SDGT] [ILLICIT-DRUGS-EO14059
AL ASIRI, Ahmad Hassan Mohammed	GLOMAG
ASSOCIATION FOR FREE RESEARCH AND INTERNATIONAL COOPERATION	UKRAINE-EO13661] [CYBER2] [ELECTION-EO13848
INTERNATIONAL ANTICRISIS CENTER	UKRAINE-EO13661] [CYBER2] [ELECTION-EO13848
BYCHKOV, Pyotr Aleksandrovich	UKRAINE-EO13661] [CYBER2] [ELECTION-EO13848
AFANASYEVA, Yulia Andreevna	UKRAINE-EO13661] [CYBER2] [ELECTION-EO13848
TYURIN, Denis Valeriyevich	NPWMD] [CYBER2] [CAATSA - RUSSIA
INFOROS, OOO	NPWMD] [CYBER2] [CAATSA - RUSSIA
IA INFOROS, OOO	NPWMD] [CYBER2] [CAATSA - RUSSIA
TUN, Moe Myint	BURMA-EO14014
KYAW, Maung Maung	BURMA-EO14014
RAPID INTERVENTION FORCE	GLOMAG
ALSHAER, Saleh Mesfer	YEMEN
AL-GHAMARI, Muhammad Abd Al-Karim	YEMEN
AL-SA'ADI, Mansur	YEMEN
AL-HAMZI, Ahmad	YEMEN
THE FOUNDATION FOR NATIONAL VALUES PROTECTION	UKRAINE-EO13661] [CYBER2] [ELECTION-EO13848
SOUTHFRONT	NPWMD] [CYBER2] [ELECTION-EO13848
THE STRATEGIC CULTURE FOUNDATION	ELECTION-EO13848
KRASNOV, Igor Victorovich	UKRAINE-EO13661] [RUSSIA-EO14024
KALASHNIKOV, Alexander Petrovich	UKRAINE-EO13661
KILIMNIK, Konstantin Viktorovich	UKRAINE-EO13660] [ELECTION-EO13848
TRANS LOGISTIK, OOO	UKRAINE-EO13661] [CYBER2] [ELECTION-EO13848
PRIBYSHIN, Taras Kirillovich	UKRAINE-EO13661] [CYBER2] [ELECTION-EO13848
OOO YUNIDZHET	UKRAINE-EO13661] [CYBER2] [ELECTION-EO13848
OOO ALKON	UKRAINE-EO13661] [CYBER2] [ELECTION-EO13848
STEPANOV, Artem Nikolaevich	UKRAINE-EO13661] [CYBER2] [ELECTION-EO13848] [RUSSIA-EO14024
ZUEVA, Mariya Evgenevna	UKRAINE-EO13661] [CYBER2] [ELECTION-EO13848
SHCHERBAKOV, Kirill Konstantinovich	UKRAINE-EO13661] [CYBER2] [ELECTION-EO13848
BUSTAMANTE PUERTA, Dinorah Yoselin	VENEZUELA
SONE, Aung Pyae	BURMA-EO14014
MON, Khin Thiri Thet	BURMA-EO14014
THE YANGON RESTAURANT	BURMA-EO14014
A & M MAHAR COMPANY LIMITED	BURMA-EO14014
SKY ONE CONSTRUCTION COMPANY LIMITED	BURMA-EO14014
THE YANGON GALLERY	BURMA-EO14014
EVERFIT COMPANY LIMITED	BURMA-EO14014
SEVENTH SENSE COMPANY LIMITED	BURMA-EO14014
ISLAMIC STATE OF IRAQ AND SYRIA - MOZAMBIQUE	FTO] [SDGT
HASSAN, Abu Yasir	SDGT
AKTSIONERNOE OBSHCHESTVO PASIT	RUSSIA-EO14024
OBSHCHESTVO S OGRANICHENNOI OTVETSTVENNOSTYU NEOBIT	NPWMD] [CYBER2] [CAATSA - RUSSIA] [RUSSIA-EO14024
FEDERAL STATE AUTONOMOUS SCIENTIFIC ESTABLISHMENT SCIENTIFIC RESEARCH INSTITUTE SPECIALIZED SECURITY COMPUTING DEVICES AND AUTOMATION	RUSSIA-EO14024
NEWSFRONT	NPWMD] [CYBER2] [CAATSA - RUSSIA] [ELECTION-EO13848
FEDERAL STATE AUTONOMOUS INSTITUTION MILITARY INNOVATIVE TECHNOPOLIS ERA	RUSSIA-EO14024
DOLGOPOLOV, Andrey Nikolayevich	UKRAINE-EO13685
AKTSIONERNOE OBSHCHESTVO POZITIV TEKNOLODZHIZ	NPWMD] [CYBER2] [CAATSA - RUSSIA] [RUSSIA-EO14024
BELOUSOV, Mikhail Nikolaevich	UKRAINE-EO13685
MOZHELYANSKIY, Viktor Anatolyevich	UKRAINE-EO13685
77TH LIGHT INFANTRY DIVISION OF THE BURMESE ARMY	BURMA-EO14014
HLAING, Than	BURMA-EO14014
WANG, Junzheng	GLOMAG
CHEN, Mingguo	GLOMAG
SOE, Aung	BURMA-EO14014
MYANMAR ECONOMIC CORPORATION LIMITED	BURMA-EO14014
MYANMA ECONOMIC HOLDINGS PUBLIC COMPANY LIMITED	BURMA-EO14014
REYES RAMIREZ, Leonardo Ovidio	NICARAGUA
ORTEGA MURILLO, Camila Antonia	NICARAGUA
RODRIGUEZ BALLADARES, Julio Modesto	NICARAGUA
KULINICH, Larisa Vitalievna	UKRAINE-EO13660
FEDERAL GOVERNMENT INSTITUTION PRETRIAL DETENTION CENTER NO 1 OF THE DIRECTORATE OF THE FEDERAL PENITENTIARY SERVICE FOR THE REPUBLIC OF CRIMEA AND SEVASTOPOL	UKRAINE-EO13685
MIKHAILIUK, Leonid	UKRAINE-EO13660
KARANDA, Pavel Leonidovich	UKRAINE-EO13660
RYZHENKIN, Leonid Kronidovich	UKRAINE-EO13685
LENPROMTRANSPROYEKT	UKRAINE-EO13685
AKTSIONERNOE OBSHCHESTVO AST	NPWMD] [CYBER2] [CAATSA - RUSSIA] [RUSSIA-EO14024
PRIMEIRO COMANDO DA CAPITAL	FTO] [SDGT] [ILLICIT-DRUGS-EO14059
MYANMA GEMS ENTERPRISE	BURMA-EO14014
PRIGOZHINA, Polina Evgenyevna	RUSSIA-EO14024
PRIGOZHIN, Pavel Evgenyevich	RUSSIA-EO14024
PRIGOZHINA, Lyubov Valentinovna	RUSSIA-EO14024
KARPIANKOU, Mikalai	BELARUS
DIRECTORATE OF INTERNAL AFFAIRS OF THE BREST OBLAST EXECUTIVE COMMITTEE	BELARUS
AKRESTSINA DETENTION CENTER	BELARUS
INTERNAL TROOPS OF THE MINISTRY OF INTERNAL AFFAIRS OF THE REPUBLIC OF BELARUS	BELARUS
MYANMA TIMBER ENTERPRISE	BURMA-EO14014
MYANMAR PEARL ENTERPRISE	BURMA-EO14014
SHAPETSKA, Yauhen Andreevich	BELARUS-EO14038
ALEJOS CAMBARA, Gustavo Adolfo	GLOMAG
ALEJOS LORENZANA, Felipe	GLOMAG
DAHER, Ibrahim Ali	SDGT
YAZBECK, Ahmad Mohamad	SDGT
GHARIB, Abbas Hassan	SDGT
SUBAYTI, Wahid Mahmud	SDGT
NYUNT, Thein	BURMA-EO14014
HARB, Mustafa Habib	SDGT
SWE, Khin Maung	BURMA-EO14014
MAUNG, Mahn Nyein	BURMA-EO14014
NAUNG, Tun Tun	BURMA-EO14014
SOE, Thein	BURMA-EO14014
AKAR, Ezzat Youssef	SDGT
OTHMAN, Hasan Chehadeh	SDGT
NYEIN, Than	BURMA-EO14014
HERMES	RUSSIA-EO14024] [PEESA-EO14039
ANTEY	RUSSIA-EO14024] [PEESA-EO14039
HRYB, Mikhail	BELARUS
MAIN DIRECTORATE FOR COMBATING ORGANIZED CRIME AND CORRUPTION OF THE MVD OF THE REPUBLIC OF BELARUS	BELARUS
SHVED, Andrei Ivanavich	BELARUS
NOVE PARTNERS OOD	GLOMAG
CASTRO RIVERA, Edwin Ramon	NICARAGUA
DARASHENKA, Volha Lieanidawna	BELARUS
GURZHY, Andrei Anatoljevich	BELARUS
KALINOWSKI, Siarhei Aliaksiejevich	BELARUS
SAMARA HEAT AND ENERGY PROPERTY FUND	RUSSIA-EO14024] [PEESA-EO14039
KATSUBA, Sviatlana Piatrowna	BELARUS
LASIAKIN, Aliaksandr Mikhajlavich	BELARUS
AKADEMIK CHERSKIY	RUSSIA-EO14024] [PEESA-EO14039
PLYSHEWSKI, Ihar Anatoljevich	BELARUS
WARNIG, Matthias	RUSSIA-EO14024] [PEESA-EO14039
WIN, Thet Khaing	BURMA-EO14014
YI, Khin Maung	BURMA-EO14014
HLAING, Ko Ko	BURMA-EO14014
NORD STREAM 2 AG	RUSSIA-EO14024] [PEESA-EO14039
SAN, Pwint	BURMA-EO14014
LIMITED LIABILITY COMPANY MORTRANSSERVICE	RUSSIA-EO14024] [PEESA-EO14039
FEDERAL STATE BUDGETARY INSTITUTION MARINE RESCUE SERVICE	RUSSIA-EO14024] [PEESA-EO14039
BALTIYSKIY ISSLEDOVATEL	RUSSIA-EO14024] [PEESA-EO14039
UMKA	RUSSIA-EO14024] [PEESA-EO14039
ARTEMIS OFFSHORE	RUSSIA-EO14024] [PEESA-EO14039
HTET, Hein	BURMA-EO14014
FINVAL	RUSSIA-EO14024] [PEESA-EO14039
NARVAL	RUSSIA-EO14024] [PEESA-EO14039
SIVUCH	RUSSIA-EO14024] [PEESA-EO14039
STATE ADMINISTRATIVE COUNCIL	BURMA-EO14014
KAPITAN BEKLEMISHEV	RUSSIA-EO14024] [PEESA-EO14039
HTET, Kaung	BURMA-EO14014
SPASATEL KAREV	RUSSIA-EO14024] [PEESA-EO14039
SAING, Sai Lone	BURMA-EO14014
THU, Yin Min	BURMA-EO14014
BAKHTEMIR	RUSSIA-EO14024] [PEESA-EO14039
MURMAN	RUSSIA-EO14024] [PEESA-EO14039
SHEIN, Win	BURMA-EO14014
MYINT, Tun Aung	BURMA-EO14014
RAKHMANAVA, Maryna Jurjewna	BELARUS
TSELIKAVIETS, Iryna Aliaksandrawna	BELARUS
EISMANT, Natallia Mikalaeuna	BELARUS
KACHANAVA, Natallia Ivanauna	BELARUS
KHANFURAH, Alaa	SDGT
AL-FAY, Idris 'Ali 'Awwad	SDGT
AL-FAY, Ibrahim Ali 'Awad	SDGT
AL FAY COMPANY	SDGT
AL-MADANI, Yusuf	SDGT
KRISTIANO GR 53 JSC AD	GLOMAG
NOVE-AD-HOLDING AD	GLOMAG
TRAKIA-PAPIR 96 OOD	GLOMAG
PARKSTROY-SOFIA OOD	GLOMAG
PUBLISHING HOUSE SPORT LTD	GLOMAG
BUL PARTNERS TRAVEL OOD	GLOMAG
BULLET TRADE OOD	GLOMAG
CARITEX LUCKY AD	GLOMAG
SIZIF V OOD	GLOMAG
THRACE FOUNDATION	GLOMAG
ANCIENT HERITAGE AD	GLOMAG
VABO INTERNAL AD	GLOMAG
BULGARIAN SUMMER	GLOMAG
CSKA BASKETBALL CLUB	GLOMAG
BOJKOV, Vassil Kroumov	GLOMAG
VABO-2005 EOOD	GLOMAG
DIGITAL SERVICES EAD	GLOMAG
EUROBET PARTNERS OOD	GLOMAG
EUROBET OOD	GLOMAG
EUROBET TRADING EOOD	GLOMAG
REX LOTO AD	GLOMAG
EDE 2 EOOD	GLOMAG
NOVE INTERNAL EOOD	GLOMAG
VABO SYSTEMS EOOD	GLOMAG
EUROSADRUZHIE OOD	GLOMAG
NUMERICAL GAMES OOD	GLOMAG
LOTTERY DISTRIBUTIONS OOD	GLOMAG
NATIONAL LOTTERY OOD	GLOMAG
VATO 2002 EOOD	GLOMAG
NOVE DEVELOPMENT EOOD	GLOMAG
NATIONAL LOTTERY AD	GLOMAG
PROPERTY-VB OOD	GLOMAG
TRANS NOVE OOD	GLOMAG
MOSTSTROY IZTOK AD	GLOMAG
GALENIT INVEST AD	GLOMAG
DECART OOD	GLOMAG
MELIORA ACADEMICA EOOD	GLOMAG
DOMINO GAMES OOD	GLOMAG
ML BUILD EAD	GLOMAG
PEEVSKI, Delyan Slavchev	GLOMAG
ZHELYAZKOV, Ilko Dimitrov	GLOMAG
INT LTD EOOD	GLOMAG
INTRUST PLC EAD	GLOMAG
BM SYSTEMS EAD	GLOMAG
INTTRAFIK EOOD	GLOMAG
REAL ESTATES INT LTD EOOD	GLOMAG
INT INVEST EOOD	GLOMAG
ADLER BG AD	GLOMAG
EFBET PARTNERS OOD	GLOMAG
INTERNEWS 98 OOD	GLOMAG
VABO 2008 EOOD	GLOMAG
VERTEX PROPERTIES EOOD	GLOMAG
VB MANAGEMENT EOOD	GLOMAG
GAMES UNLIMITED OOD	GLOMAG
EVROBET - RUMANIA EOOD	GLOMAG
OLD GAMES EOOD	GLOMAG
VA BO COMPANY EOOD	GLOMAG
VABO MANAGEMENT EOOD	GLOMAG
VIHROGONIKA AD	GLOMAG
VABO 2012 EOOD	GLOMAG
VABO 2017 OOD	GLOMAG
LOTTERY BG OOD	GLOMAG
PRIM BG EAD	GLOMAG
EUROGROUP ENGINEERING EAD	GLOMAG
MAHAMUD, Abdi Nasir Ali	SDGT
ADOON GENERAL TRADING L.L.C.	SDGT
ADOON GENERAL TRADING FZE	SDGT
EUROFOOTBALL OOD	GLOMAG
SIGURO EOOD	GLOMAG
AL-JAMAL, Sa'id Ahmad Muhammad	SDGT] [IFSR
TRIPLE SUCCESS	SDGT
MUHAMMAD, Jami' 'Ali	SDGT
AS'AD, Hani 'Abd-al-Majid Muhammad	SDGT
ADOON GENERAL TRADING GIDA SANAYI VE TICARET ANONIM SIRKETI	SDGT
AL-RAWI, Talib 'Ali Husayn Al-Ahmad	SDGT
MALLAH, Abdul Jalil	SDGT
SWAID AND SONS FOR EXCHANGE CO.	SDGT
ZUBKOV, Sergei Yevgenevich	BELARUS
DANIEL, Saw	BURMA-EO14014
MOE, Banyar Aung	BURMA-EO14014
SEIN, Aye Nu	BURMA-EO14014
SHAKUTA, Dzmitry	BELARUS
STATE SECURITY COMMITTEE OF THE REPUBLIC OF BELARUS	BELARUS
TSERTSEL, Ivan Stanislavavich	BELARUS
NAING, Chit	BURMA-EO14014
OO, Aung Naing	BURMA-EO14014
KYAING, Myint	BURMA-EO14014
KHINE, Thet Thet	BURMA-EO14014
HEBEI HUANHAO BIOTECHNOLOGY CO., LTD.	ILLICIT-DRUGS-EO14059
HEBEI ATUN TRADING CO., LTD.	ILLICIT-DRUGS-EO14059
JARQUIN JARQUIN, Aldrin Miguel	SDNTK
JARQUIN JARQUIN, Jose Jesus	SDNTK
DIAZ DE LEON SAUCEDA, Cesar Enrique	SDNTK
AL-DIB, Ahmed	PAARSSR-EO13894
AL-DEKER, Asef	PAARSSR-EO13894
HABIB, Malik Ali	PAARSSR-EO13894
NASSER, Wafiq	PAARSSR-EO13894
SAYDNAYA MILITARY PRISON	PAARSSR-EO13894
HLA, Kyu Kyu	BURMA-EO14014
NWE, Than Than	BURMA-EO14014
AUNG, Thet Thet	BURMA-EO14014
AYE, Than Than	BURMA-EO14014
MYINT, Aung Mar	BURMA-EO14014
CHIT, Khaing Pa Pa	BURMA-EO14014
TUN, Moe Htet Htet	BURMA-EO14014
MYINT, Khaing Moe	BURMA-EO14014
MYINT, Yadanar Moe	BURMA-EO14014
NILAR, Daw	BURMA-EO14014
YE, Theit Thinzar	BURMA-EO14014
MYINT, Ohn Mar	BURMA-EO14014
AUNG, Shwe Ye Phu	BURMA-EO14014
AUNG, Hlaing Bwar	BURMA-EO14014
AUNG, Phyo Arkar	BURMA-EO14014
DJIBO, Ousmane Illiassou	SDGT
SHOCK SPORTS CLUB	BELARUS
MUTAMBA, Stephen	GLOMAG
SAMAYOA RECINOS, Aler Baldomero	ILLICIT-DRUGS-EO14059
LOS HUISTAS DRUG TRAFFICKING ORGANIZATION	ILLICIT-DRUGS-EO14059
MONTEJO SAENZ, Axel Bladimir	ILLICIT-DRUGS-EO14059
MOLINA MONTEJO, Werner Dario	ILLICIT-DRUGS-EO14059
COMPRADORES Y EXPORTADORES DE CAFE CAPTZIN, SOCIEDAD ANONIMA	ILLICIT-DRUGS-EO14059
SARAYA AL-AREEN	PAARSSR-EO13894
AL-HAYES, Ahmad Ihsan Fayyad	PAARSSR-EO13894
AL-HAYES, Raed Jassim	PAARSSR-EO13894
VALENZUELA VALENZUELA, Sergio	SDNTK
CARRILLO JIMENEZ, Luis Alberto	SDNTK
MARRUFO CABRERA, Miguel Raymundo	SDNTK
ROMAN FIGUEROA, Jorge Damian	SDNTK
GONZALEZ HIGUERA, Jaime	SDNTK
ROCHIN HURTADO, Meliton	SDNTK
MARTINEZ RENTERIA, Gilberto	SDNTK
PINEDA ARMENTA, Leonardo	SDNTK
CLUB INDIOS ROJOS DE JUAREZ, S.A. DE C.V.	SDNTK
ACUAINDUSTRIA NARCISO MENDOZA, S.C. DE R.L. DE C.V.	SDNTK
SHMANAI, Darya	BELARUS-EO14038
VARABEI, Mikalai Mikalaevich	BELARUS
BELKAZTRANS	BELARUS
BELKAZTRANS UKRAINE	BELARUS
LUKASHENKA, Dzmitry Aliaksandravich	BELARUS
LOPEZ MIERA, Alvaro Victoriano	GLOMAG] [CUBA-EO14404
KENIUKH, Ihar Ryhoravich	BELARUS-EO14038
DRYL, Hleb Uladzimiravich	BELARUS-EO14038
LAPYR, Uladzimir Iosifavich	BELARUS-EO14038
BRIGADA ESPECIAL NACIONAL DEL MINISTERIO DEL INTERIOR	GLOMAG
POLICIA NACIONAL REVOLUCIONARIA	GLOMAG] [CUBA-EO14404
CALLEJAS VALCARCE, Oscar Alejandro	GLOMAG] [CUBA-EO14404
SIERRA ARIAS, Eddy Manuel	GLOMAG] [CUBA-EO14404
ZAGAL ANTON, Fernando	SDNTK
HARA, Dzmitry Iurevich	BELARUS-EO14038
NATIONAL OLYMPIC COMMITTEE OF THE REPUBLIC OF BELARUS	BELARUS
BYCHAK, Kanstantsin Fiodaravich	BELARUS-EO14038
OPEN JOINT-STOCK COMPANY GRODNO TOBACCO FACTORY NEMAN	BELARUS-EO14038
NOVOPOLOTSK LIMITED LIABILITY COMPANY INTERSERVICE	BELARUS-EO14038
CLOSED JOINT-STOCK COMPANY NEW OIL COMPANY	BELARUS-EO14038
LIMITED LIABILITY COMPANY NEW OIL COMPANY EAST	BELARUS-EO14038
CLOSED JOINT STOCK COMPANY ABSOLUTBANK	BELARUS-EO14038
INDUSTRIAL UNITARY ENTERPRISE OIL BITUMEN PLANT	BELARUS-EO14038
DEPARTMENT OF INTERNAL AFFAIRS OF THE GOMEL REGIONAL EXECUTIVE COMMITTEE	BELARUS
LIMITED LIABILITY COMPANY BREMINO GROUP	BELARUS-EO14038
ALEKSIN, Aliaksey Ivanavich	BELARUS
RYBAKOV, Andrei Alekseevich	BELARUS
BUNAKOV, Andrei Nikolayevich	BELARUS
LYASHENKO, Igor Vasilyevich	BELARUS
INVESTIGATIVE COMMITTEE OF THE REPUBLIC OF BELARUS	BELARUS-EO14038
SHANDAROVICH, Oleg Stanislavovich	BELARUS-EO14038
VASILIEV, Anatoly Ivanovich	BELARUS-EO14038
AZEMSHA, Siarhei Yakaulevich	BELARUS-EO14038
RECINOS DE BERNAL, Martha Carolina	GLOMAG
FOREIGN LIMITED LIABILITY COMPANY DANA ASTRA	BELARUS-EO14038
LIMITED LIABILITY COMPANY EMIRATES BLUE SKY	BELARUS-EO14038
LIMITED LIABILITY COMPANY DUBAI WATER FRONT	BELARUS-EO14038
CLOSED JOINT STOCK COMPANY ENERGO-OIL	BELARUS-EO14038
LIMITED LIABILITY COMPANY INTER TOBACCO	BELARUS-EO14038
ADDITIONAL LIABILITY COMPANY BELNEFTEGAZ	BELARUS-EO14038
SEDOV, Aleksei Semyonovich	NPWMD
KUDRYAVTSEV, Konstantin	NPWMD] [MAGNIT
MAKSHAKOV, Stanislav Valentinovich	NPWMD
ZHIROV, Artur Aleksandrovich	RUSSIA-EO14024
FSB CRIMINALISTICS INSTITUTE	NPWMD
HAIDUKEVICH, Aleh Siarheevich	BELARUS-EO14038
CHURO, Leanid Mikalaevich	BELARUS-EO14038
STATE INSTITUTE FOR EXPERIMENTAL MILITARY MEDICINE OF THE MINISTRY OF DEFENSE	RUSSIA-EO14024
OOO OBORONNYE INITSIATIVY	BELARUS-EO14038
ALEXANDROV, Alexey Alexandrovich	NPWMD] [MAGNIT
AURAMENKA, Aliaksei Mikalaevich	BELARUS-EO14038
KHORONEKO, Vyacheslav Vasilyevich	BELARUS-EO14038
SIKORSKI, Artsiom Igaravich	BELARUS-EO14038
DAVYDZKA, Genadz Branislavavich	BELARUS-EO14038
VASILIEV, Kirill Yurievich	RUSSIA-EO14024
BOGDANOV, Vladimir Mikhaylovich	NPWMD
OO, Thida	BURMA-EO14014
OO, Tun Tun	BURMA-EO14014
MONTENEGRO ESPINOZA, Luis Angel	NICARAGUA
OO, Tin	BURMA-EO14014
MINISTERIO PUBLICO DE NICARAGUA	NICARAGUA] [NICARAGUA-NHRAA
AFRICAN GOLD REFINERY LIMITED	DRCONGO
OMAR, Bonomade Machude	SDGT
HITTA, Sidan Ag	SDGT] [HOSTAGES-EO14078
BREIHMATT, Salem ould	SDGT] [HOSTAGES-EO14078
RAGE, Ali Mohamed	SDGT
ABDIKADIR, Abdikadir Mohamed	SDGT
OSIPOV, Ivan Vladimirovich	NPWMD] [MAGNIT
PANYAEV, Vladimir Alexandrovich	NPWMD] [MAGNIT
AL HABSI, Mahmood Rashid Amur	SDGT] [IFSR
WOLDEYOHANNES, Filipos	GLOMAG
NIMR INTERNATIONAL L.L.C.	SDGT
NIMR INTERNATIONAL S.R.L.	SDGT
BRAVERY MARITIME CORPORATION	SDGT
ORBIT PETROCHEMICALS TRADING LLC	SDGT
TROPAS DE PREVENCION	GLOMAG
SOTOMAYOR GARCIA, Romarico Vidal	GLOMAG
MARTINEZ FERNANDEZ, Pedro Orlando	GLOMAG
JOINT STOCK COMPANY NOBILITY	RUSSIA-EO14024] [PEESA-EO14039
OSTAP SHEREMETA	RUSSIA-EO14024] [PEESA-EO14039
IVAN SIDORENKO	RUSSIA-EO14024] [PEESA-EO14039
MUSSO TORRES, Zulma Maria	SDNTK
ANTUNEZ MUSSO, Washington	SDNTK
REALES BRITTO, Juan Carlos	SDNTK
BERMUDEZ MEJIA, Luis Antonio	SDNTK
POLIGONO SANTA MARTA S.A.S.	SDNTK
EXCLUSIVE IMPORT EXPORT S.A.S.	SDNTK
LIMITED LIABILITY COMPANY RNCB INSURANCE	RUSSIA-EO14024] [PEESA-EO14039
PARSHIN, Andrei Yevgenevich	BELARUS-EO14038
LARIN, Oleg Valentinovich	BELARUS-EO14038
CHEMODANOV, Denis Grigorievich	BELARUS-EO14038
LEGRA SOTOLONGO, Roberto	GLOMAG] [CUBA-EO14404
GONZALEZ BRITO, Andres Laureano	GLOMAG
BEDUNKEVICH, Mikhail Petrovich	BELARUS-EO14038
SYSOYEV, Vasiliy Vasilievich	BELARUS-EO14038
KOVACH, Dmitriy Aleksandrovich	BELARUS-EO14038
JIMENEZ GONZALEZ, Abelardo	GLOMAG
JOINT STOCK COMPANY 140 REPAIR PLANT	BELARUS-EO14038
FARAHANI, Alireza Shahvaroghi	IRAN-HR
KHAZEIN, Mahmoud	IRAN-HR
SADEGHI, Kiya	IRAN-HR
NOORI, Omid	IRAN-HR
SUEX OTC, S.R.O.	CYBER2
REPUBLICAN UNITARY ENTERPRISE TSENTRKURORT	BELARUS-EO14038
LAPO, Anatol Piatrovich	BELARUS-EO14038
BUTKEVICH, Ihar Yauhenavich	BELARUS-EO14038
PODLINEU, Raman Leanidavich	BELARUS-EO14038
PECHAN, Ihar Mikalaevich	BELARUS-EO14038
NOVIKAU, Siarhei Ihnatavich	BELARUS-EO14038
MOLOSTOV, Konstantin Gennadievich	BELARUS-EO14038
GUTNIK, Igor Nikolaevich	BELARUS-EO14038
ZHIVLYUK, Aleksandr Pavlovich	BELARUS-EO14038
MAKAREVICH, Andrei Iosifovich	BELARUS-EO14038
VASHKEVICH, Vladimir Vladimirovich	BELARUS-EO14038
ALYOKSA, Aleksandr Ivanovich	BELARUS-EO14038
KORZYUK, Dmitriy Mikhaylovich	BELARUS-EO14038
AL BANAI, Ali Reda Hassan	SDGT
LARI, 'Ali Ridha Qasabi	SDGT
AL-BANAI, Abd al-Muayyid	SDGT
SHAMS, 'Abd Al-Rahman 'Abd Al-Nabi	SDGT
YAZDANPARAST, Omid	SDGT
DAMIRCHILU, Samaneh	SDGT
DAMIRCHILU, Mohammad Ali	SDGT
PURIYA, Mostafa	SDGT] [IFSR
ASADOLLAH, Hossein	SDGT] [IFSR
KAZEMI, Mohammad Reza	SDGT] [IFSR
HEMERA INFOTECH FZCO	SDGT
HASHEMI, Seyed Morteza Minaye	SDGT] [IFSR
YAN, Su Xuan	SDGT
CHINA 49 GROUP CO., LIMITED	SDGT] [IFSR
TAIWAN BE CHARM TRADING CO., LIMITED	SDGT] [IFSR
BLACK DROP INTL CO., LIMITED	SDGT] [IFSR
SONG, Jing	SDGT
PCA XIANG GANG LIMITED	SDGT] [IFSR
AL-'ABD-AL-MUHSIN, Yahya Muhammad	SDGT
DAMINEH OPTIC LIMITED	SDGT] [IFSR
VICTORY SOMO GROUP HK LIMITED	SDGT
AL-USTADZ, Majdi Fa'iz	SDGT
YUMMY BE CHARM TRADING HK LIMITED	SDGT
AL-BANAI, Sulaiman	SDGT
ALDAR PROPERTIES	SDGT
DEPARTMENT OF FINANCIAL INVESTIGATIONS OF THE STATE CONTROL COMMITTEE OF THE REPUBLIC OF BELARUS	BELARUS-EO14038
MUSLIHAN, Nurettin	SDGT
GURLEYEN, Soner	SDGT
GUZEL, Cebrail	SDGT
SALIM, Majdi Muhammad Muhammad	SDGT
AL-GHAZLANI, Muhammad Nasr al-Din	SDGT
HADWAN, Hasib Muhammad	SDGT
AL-SHA'IR, Ali	SDGT
FARRARA LASHTAR, Mohamed Mohamed	NICARAGUA
ISMAIL, Talib Husayn Ali Jarak	SDGT
AL-SHATTI, Jamal Husayn 'Abd 'Ali 'Abd-al-Rahim	SDGT
CERNA JUAREZ, Reinaldo Gregorio Lenin	NICARAGUA
FOREIGN LIMITED LIABILITY COMPANY SLAVKALI	BELARUS-EO14038
EW-001PH	BELARUS-EO14038
REPUBLICAN STATE PUBLIC ASSOCIATION PRESIDENTIAL SPORTS CLUB	BELARUS
OOO GARDSERVIS	BELARUS-EO14038
PELENG JSC	BELARUS-EO14038
CJSC BELTECHEXPORT	BELARUS-EO14038
KIDMA TECH OJSC	BELARUS-EO14038
OTKRYTOYE AKTSIONERNOYE OBSCHESTVO TAE AVIA	BELARUS-EO14038
EW-78843	BELARUS-EO14038
EW-78779	BELARUS-EO14038
MARSHALOV, Igor Anatolievich	BELARUS-EO14038
SELITSKIY, Victor Frantsevich	BELARUS-EO14038
FRANSKEVICH, Viktor Ivanovich	BELARUS-EO14038
DUNKO, Artem Konstantinovich	BELARUS-EO14038
AGAT ELECTROMECHANICAL PLANT OJSC	BELARUS-EO14038
INKOP DOO CUPRIJA	GLOMAG
HERNANDEZ SALAS, Ofelia	TCO
SAUCEDO HUIPIO, Raul	TCO
ZELEDON ROCHA, Sadrach	NICARAGUA
SARMADI, Mostafa	ELECTION-EO13848
NODEH, Hosein Akbari	ELECTION-EO13848
KAZEMI, Seyyed Mohammad Hosein Musa	ELECTION-EO13848
KASHIAN, Sajjad	ELECTION-EO13848
TOGHROLJERDI, Seyyed Mehdi Hashemi	ELECTION-EO13848
SAYYED, Jamil	LEBANON
AL-ARAB, Jihad	LEBANON
BASKAU, Dzmitriy Yurievich	BELARUS-EO14038
MYANMAR WAR VETERANS ORGANIZATION	BURMA-EO14014
DIRECTORATE OF DEFENSE INDUSTRIES	BURMA-EO14014
QUARTERMASTER GENERAL OFFICE	BURMA-EO14014
AGHAJANI, Saeed	SDGT] [IRGC] [IFSR
KIMIA PART SIVAN COMPANY LLC	SDGT] [IFSR
ZARGAR TEHRANI, Mohammad Ebrahim	SDGT] [IFSR
OJE PARVAZ MADO NAFAR COMPANY	NPWMD] [IFSR
ABOUTALEBI, Yousef	NPWMD] [IFSR
MEHRABI, Abdollah	NPWMD] [IRGC] [IFSR
CENTENO RIVERA, Leonidas Nicolas	NICARAGUA
VALENZUELA BLANDON, Francisco Ramon	NICARAGUA
CHAVARRIA MONTENEGRO, Jose Adrian	NICARAGUA
LOPEZ GUTIERREZ, Rodolfo Francisco	NICARAGUA
CASTANEDA MENDEZ, Jose Antonio	NICARAGUA
EMENNET PASARGAD	ELECTION-EO13848
ZHUO, Xinrong	GLOMAG
PINGTAN MARINE ENTERPRISE LTD.	GLOMAG
MERCHANT SUPREME CO., LTD.	GLOMAG
PRIME CHEER CORPORATION LTD.	GLOMAG
PINGTAN GUANSHENG OCEAN FISHING CO., LTD.	GLOMAG
FUJIAN HEYUE MARINE FISHING DEVELOPMENT CO., LTD.	GLOMAG
FUZHOU HONGLONG OCEAN FISHING CO., LTD.	GLOMAG
FU YUAN YU 7876	GLOMAG
FU YUAN YU 7877	GLOMAG
FU YUAN YU 7861	GLOMAG
FU YUAN YU 7862	GLOMAG
FU YUAN YU 7864	GLOMAG
FU YUAN YU 7863	GLOMAG
FU YUAN YU 7882	GLOMAG
FU YUAN YU 7883	GLOMAG
FU YUAN YU 7886	GLOMAG
FU YUAN YU 7887	GLOMAG
FU YUAN YU 005	GLOMAG
FU YUAN YU 008	GLOMAG
FU YUAN YU F91	GLOMAG
FU YUAN YU 8672	GLOMAG
FU YUAN YU 8673	GLOMAG
FU YUAN YU 8674	GLOMAG
FU YUAN YU 557	GLOMAG
FU YUAN YU 8675	GLOMAG
MIN FUZHOU YU F009	GLOMAG
FU YUAN YU 8676	GLOMAG
FU YUAN YU 559	GLOMAG
FU YUAN YU 558	GLOMAG
FU YUAN YU F30	GLOMAG
FU YUAN YU 8677	GLOMAG
HONG FENG 1 HAO	GLOMAG
FU YUAN YU 8678	GLOMAG
FU YUAN YU 7865	GLOMAG
FU YUAN YU 7866	GLOMAG
FU YUAN YU 7884	GLOMAG
FU YUAN YU 7885	GLOMAG
FU YUAN YU 8660	GLOMAG
FU YUAN YU 8661	GLOMAG
FU YUAN YU 7894	GLOMAG
FU YUAN YU 8662	GLOMAG
FU YUAN YU 7888	GLOMAG
FU YUAN YU 7889	GLOMAG
FU YUAN YU 7895	GLOMAG
FU YUAN YU 7900	GLOMAG
FU YUAN YU 7901	GLOMAG
FU YUAN YU 7896	GLOMAG
FU YUAN YU 7902	GLOMAG
FU YUAN YU YUN 993	GLOMAG
FU YUAN YU 8696	GLOMAG
FU YUAN YU 7897	GLOMAG
FU YUAN YU 8695	GLOMAG
FU YUAN YU 8697	GLOMAG
FU YUAN YU 8698	GLOMAG
FU YUAN YU YUN 991	GLOMAG
FU YUAN YU 8636	GLOMAG
FU YUAN YU 7898	GLOMAG
FU YUAN YU 8637	GLOMAG
FU YUAN YU 8638	GLOMAG
FU YUAN YU 7899	GLOMAG
FU YUAN YU 8635	GLOMAG
FU YUAN YU 7868	GLOMAG
FU YUAN YU 8639	GLOMAG
FU YUAN YU 8640	GLOMAG
FU YUAN YU 8641	GLOMAG
FU YUAN YU 8642	GLOMAG
FU YUAN YU 7869	GLOMAG
FU YUAN YU 8643	GLOMAG
FU YUAN YU 7872	GLOMAG
FU YUAN YU 8644	GLOMAG
FU YUAN YU 7870	GLOMAG
FU YUAN YU 8645	GLOMAG
FU YUAN YU 7871	GLOMAG
FU YUAN YU 8646	GLOMAG
FU YUAN YU 7873	GLOMAG
FU YUAN YU 7890	GLOMAG
FU YUAN YU 8647	GLOMAG
FU YUAN YU 7891	GLOMAG
FU YUAN YU 7893	GLOMAG
FU YUAN YU 7892	GLOMAG
FU YUAN YU 7874	GLOMAG
FU YUAN YU 8648	GLOMAG
FU YUAN YU 7875	GLOMAG
FU YUAN YU 8649	GLOMAG
FU YUAN YU YUN 995	GLOMAG
FU YUAN YU 8650	GLOMAG
FU YUAN YU 8651	GLOMAG
FU YUAN YU 8652	GLOMAG
FU YUAN YU 8653	GLOMAG
FU YUAN YU 8654	GLOMAG
FU YUAN YU YUN 997	GLOMAG
FU YUAN YU 7601	GLOMAG
FU YUAN YU 7602	GLOMAG
FU YUAN YU 7603	GLOMAG
DALIAN OCEAN FISHING COMPANY LIMITED	GLOMAG
FU YUAN YU 7604	GLOMAG
LI, Zhenyu	GLOMAG
LONG XING 601	GLOMAG
LONG XING 602	GLOMAG
LONG XING 603	GLOMAG
LONG XING 605	GLOMAG
LONG XING 606	GLOMAG
LONG XING 607	GLOMAG
LONG XING 608	GLOMAG
LONG XING 609	GLOMAG
LONG XING 610	GLOMAG
LONG XING 611	GLOMAG
LONG XING 612	GLOMAG
LONG XING 621	GLOMAG
LONG XING 622	GLOMAG
LONG XING 623	GLOMAG
LONG XING 625	GLOMAG
LONG XING 626	GLOMAG
LONG XING 627	GLOMAG
LONG XING 628	GLOMAG
LONG XING 629	GLOMAG
LONG XING 630	GLOMAG
LONG XING 635	GLOMAG
FU YUAN YU 7605	GLOMAG
LONG XING 636	GLOMAG
FU YUAN YU 7606	GLOMAG
LONG XING 637	GLOMAG
LONG XING 638	GLOMAG
LONG XING 801	GLOMAG
FU YUAN YU 8679	GLOMAG
LONG XING 802	GLOMAG
TIAN XIANG 7	GLOMAG
TIAN XIANG 8	GLOMAG
TIAN XIANG 16	GLOMAG
FU YUAN YU 8680	GLOMAG
TIAN XIANG 18	GLOMAG
FU YUAN YU 8681	GLOMAG
TIAN YU 7	GLOMAG
TIAN YU 8	GLOMAG
FU YUAN YU 8682	GLOMAG
FU YUAN YU 8683	GLOMAG
FU YUAN YU 8686	GLOMAG
FU YUAN YU 8684	GLOMAG
FU YUAN YU 8685	GLOMAG
FU YUAN YU 8687	GLOMAG
FU YUAN YU 7611	GLOMAG
FU YUAN YU 7612	GLOMAG
FU YUAN YU 7613	GLOMAG
FU YUAN YU 7614	GLOMAG
FU YUAN YU 7615	GLOMAG
FU YUAN YU 7616	GLOMAG
FU YUAN YU 7617	GLOMAG
FU YUAN YU 7618	GLOMAG
FU YUAN YU 7630	GLOMAG
FU YUAN YU 7629	GLOMAG
FU YUAN YU 7619	GLOMAG
FU YUAN YU 7628	GLOMAG
FU YUAN YU 8688	GLOMAG
FU YUAN YU 7627	GLOMAG
FU YUAN YU 8689	GLOMAG
FU YUAN YU 7626	GLOMAG
FU YUAN YU 8690	GLOMAG
FU YUAN YU 7625	GLOMAG
FU YUAN YU 7624	GLOMAG
FU YUAN YU 8691	GLOMAG
FU YUAN YU 7622	GLOMAG
FU YUAN YU 7621	GLOMAG
FU YUAN YU 7620	GLOMAG
FU YUAN YU 8692	GLOMAG
FU YUAN YU 8693	GLOMAG
FU YUAN YU YUN 992	GLOMAG
MANSELL CASTRILLO, Salvador	NICARAGUA
CHATEX	CYBER2
IZIBITS OU	CYBER2
CHATEXTECH SIA	CYBER2
HIGHTRADE FINANCE LTD	CYBER2
POLYANIN, Yevgeniy Igorevich	CYBER2
VASINSKYI, Yaroslav	CYBER2
POLYANIN EVGENII IGOREVICH IP	CYBER2
VESELINOVIC, Zvonko	GLOMAG
RADISAVLJEVIC, Miljojko	GLOMAG
RADIC, Radovan	GLOMAG
RADISAVLJEVIC, Miljan	GLOMAG
STEVIC, Radule	GLOMAG
NEDELJKOVIC, Sinisa	GLOMAG
BETONJERKA DOO ALEKSINAC	GLOMAG
CIVIJA KOMERC	GLOMAG
DOLLY BELL DOO BEOGRAD-NOVI BEOGRAD	GLOMAG
DOO BABUDOVAC BRNJAK	GLOMAG
NOVI PAZAR-PUT D.O.O. NOVI PAZAR	GLOMAG
RADOVAN RADIC B.I., P.P. EU RR GRADNJA	GLOMAG
DOO MM KOM INTER BLUE DONJI JASENOVIK	GLOMAG
ZARKO VESELINOVIC B.I., S.T.R. KRISTAL	GLOMAG
PUBLIC JOINT-STOCK COMPANY COMMERCIAL BANK 'SPUTNIK'	NPWMD
CHAU, Phirun	GLOMAG
TEA, Vinh	GLOMAG
TRANSADRIA LTD	PEESA-EO14039
LAMANTIN	RUSSIA-EO14024] [PEESA-EO14039
RADOJCIC, Milan Rajko	GLOMAG
VESELINOVIC, Zharko Jovan	GLOMAG
BOJIC, Andrija Zheljko	GLOMAG
BOJIC, Zeljko	GLOMAG
RI, Yong Gil	DPRK2
COCHAN S.A.	GLOMAG
COCHAN HOLDINGS LLC	GLOMAG
GENI SARL	GLOMAG
GHAFARI, Sanaullah	SDGT
GENI NOVAS TECNOLOGIAS S.A.	GLOMAG
AZAM, Sultan Aziz	SDGT
RAJAB, Maulawi	SDGT
MARTINEZ OLIVET, Manuel Victor	GLOMAG
KANDIHO, Abel	GLOMAG
ARC RESOURCES CORPORATION LTD	GLOMAG
WINNERS CONSTRUCTION COMPANY LIMITED	GLOMAG
LUNA MEZA, Osiris	GLOMAG
RAPID ACTION BATTALION	GLOMAG
AHMED, Benazir	GLOMAG
AL-MAMUN, Chowdhury Abdullah	GLOMAG
KHAN, Mohammad Anwar Latif	GLOMAG
SORWAR, Tofayel Mustafa	GLOMAG
KHALOZAI, Ismatullah	SDGT
MARROQUIN CHICA, Carlos Amilcar	GLOMAG
MEZA OLIVARES, Alma Yanira	GLOMAG
WIN, Myo Swe	BURMA-EO14014
SEGUNDA MARQUETALIA	FTO] [SDGT
VELASQUEZ SALDARRIAGA, Hernan Dario	SDGT
REVOLUTIONARY ARMED FORCES OF COLOMBIA - PEOPLE'S ARMY	FTO] [SDGT
VERA FERNANDEZ, Nestor Gregorio	SDGT
ESPANA CAICEDO, Euclides	SDGT
P.P. BABUDOVAC B.I.	GLOMAG
S.Z.T.R. PRIZMA B.I.	GLOMAG
FERARI PREDUZEEE ZA USLUGE I PROMET POLOVNIM VOZILIMA SH.A.	GLOMAG
GARAC INZENJERING OOD	GLOMAG
DOO RAD 028 ZVECAN	GLOMAG
RADULE STEVIC B.I., P.T.P. RAD	GLOMAG
RAD D.O.O.	GLOMAG
MARKOM METAL COMMERCE DOO ZVECAN	GLOMAG
METAL-ROBNA KUCA	GLOMAG
SINISA NEDELJKOVIC B.I., P.T.P. METAL	GLOMAG
P.P.ROBNA KUCA METAL B.I.	GLOMAG
FARMA IZVORI B.I.	GLOMAG
ROBNA KUCA METAL D.O.O.	GLOMAG
SINISA NEDELJKOVIC I.B.	GLOMAG
MALDONADO LOPEZ, Fatima del Rocio	TCO
OO, Saw Myint	BURMA-EO14014
KO, Maung	BURMA-EO14014
NAN, Khat Htein	BURMA-EO14014
EUROPEAN INSTITUTE JUSTO	DPRK3
SOIN, Dmitriy Yurevich	DPRK3
SEK STUDIO	DPRK3
NINGS CARTOON STUDIO	DPRK3
LU, Hezheng	DPRK3
SHANGHAI HONGMAN CARTOON AND ANIMATION DESIGN STUDIO	DPRK3
RUSSIAN DIRECT INVESTMENT FUND	UKRAINE-EO13662] [RUSSIA-EO14024
KINTALEG LIMITED	GLOMAG
ASHDALE SETTLEMENT GERCO SAS	GLOMAG
OPERA	GLOMAG
PALATINA SARLU	GLOMAG
GEMINI S.A.S.U.	GLOMAG
KALTONA LIMITED SASU	GLOMAG
MULTREE LIMITED SASU	GLOMAG
WOODFORD ENTERPRISES LIMITED SASU	GLOMAG
ROSEHILL DRC SASU	GLOMAG
WOODHAVEN DRC SASU	GLOMAG
MUKONDA MAYANDU, Alain	GLOMAG
FRAGOSO DO NASCIMENTO, Leopoldino	GLOMAG
VENTORA GLOBAL SERVICES	GLOMAG
VENTORA MINING S.A.S.U.	GLOMAG
AZAD, Khan Mohammad	GLOMAG
ALAM, Mohammad Jahangir	GLOMAG
KEEN WELL INTERNATIONAL LIMITED	IRAN-EO13846
ZAKIR, Shohrat	GLOMAG
GX SHIPPING FZE	IRAN-EO13846
KHARG PETROCHEMICAL COMPANY LIMITED	IRAN-EO13846
VASEGHI, Leila	IRAN-HR
HEMMATIAN, Ali	IRGC] [IRAN-HR
SAFDARI, Masoud	IRGC] [IRAN-HR
KHALIL, Qahtan	PAARSSR-EO13894
AL-HASSAN, Kamal	PAARSSR-EO13894
SPECIAL UNITS OF IRAN'S LAW ENFORCEMENT FORCES	IRAN-HR
IRAN'S COUNTER-TERROR SPECIAL FORCES	IRAN-HR
EBRAHIMI, Mohsen	IRAN-HR
FANAVARAN PETROCHEMICAL COMPANY	IRAN-EO13846
KARAMI, Hassan	IRAN-HR
SALAMEH, Adeeb Namer	PAARSSR-EO13894
AZAMI, Seyed Reza Mousavi	IRAN-HR
KHADOUR, Tawfiq Muhammad	PAARSSR-EO13894
AL-HASOURI, Muhammad Yousef	PAARSSR-EO13894
PULIDO ORTIZ, Bayardo de Jesus	NICARAGUA
RODRIGUEZ RUIZ, Bayardo Ramon	NICARAGUA
BARAHONA CASTRO, Rosa Adelina	NICARAGUA
FUTURE GATE FUEL AND PETROCHEMICAL TRADING L.L.C.	IRAN-EO13846
MARUN PETROCHEMICAL COMPANY	IRAN-EO13846
SKY ZONE TRADING FZE	IRAN-EO13846
TEAMFORD ENTERPRISES LIMITED	IRAN-EO13846
YOUCHEM GENERAL TRADING FZE	IRAN-EO13846
TUNIYAZ, Erken	GLOMAG
BHORE, Mohammed Shaheed Ruknooddin	IRAN-EO13846
DELGADO CASTELLON, Celina	NICARAGUA
GAO, Jingfeng	IRAN-EO13846
DIAZ FLORES, Nahima Janett	NICARAGUA
GIOVETTY, Luisa de Fatima	GLOMAG
BAIA CONSULTING LIMITED	GLOMAG
VIEIRA DIAS, Manuel Helder	GLOMAG
KHODADADI, Soghra	CAATSA - IRAN
KARAMI, Mohammad	CAATSA - IRAN
ZAHEDAN PRISON	CAATSA - IRAN
ISFAHAN CENTRAL PRISON	CAATSA - IRAN
HOTEL PLAZA	TCO
VULOVIC, Srdjan Milivoje	GLOMAG
WUHAN YUANCHENG GONGCHUANG TECHNOLOGY CO., LTD.	ILLICIT-DRUGS-EO14059
ROSIC, Marko	GLOMAG
MIHAJLOVIC, Milan	GLOMAG
GUERREROS UNIDOS	ILLICIT-DRUGS-EO14059
CALDERON VINDELL, Ramon Humberto	NICARAGUA
LOS ROJOS	ILLICIT-DRUGS-EO14059
SANCHEZ FARFAN, Wilder Emilio	ILLICIT-DRUGS-EO14059
AL-MAGHRABI, Haytham Ahmad Shukri Ahmad	SDGT
AWADD, Mohamed Sherif Mohamed Mohamed	SDGT
AL-KHATIB, Ahmad	SDGT
ENTERPRISE COMERCIO DE MOVEIS E INTERMEDIACAO DE NEGOCIOS EIRELI	SDGT
HOME ELEGANCE COMERCIO DE MOVEIS EIRELI	SDGT
DMITRIEV, Kirill Aleksandrovich	RUSSIA-EO14024
JOINT STOCK COMPANY MANAGEMENT COMPANY OF THE RUSSIAN DIRECT INVESTMENT FUND	RUSSIA-EO14024
KOZAK, Taras Romanovych	RUSSIA-EO14024
PUCHKOV, Andrey Sergeyevich	RUSSIA-EO14024
SOLOVIEV, Yuriy Alekseyevich	RUSSIA-EO14024
LIMITED LIABILITY COMPANY INSPIRA INVEST A	RUSSIA-EO14024
LIMITED LIABILITY COMPANY ATLANT S	RUSSIA-EO14024
ULYUTINA, Galina Olegovna	RUSSIA-EO14024
VALDEZ RUIZ, Miguel Angel	ILLICIT-DRUGS-EO14059
SHEVCHUK, Stanislav	SDGT
ZHUCHKOVSKY, Alexander	SDGT
THULIN, Anton	SDGT
DIAB, Adel	SDGT
DAOUN, Ali Mohamad	SDGT
'ALAMAH, Jihad Salim	SDGT
DAR AL SALAM FOR TRAVEL & TOURISM	SDGT
O, Yong Ho	NPWMD
ALAR, Roman Anatolyevich	NPWMD
PARSEK LLC	NPWMD
SIVKOVICH, Vladimir Leonidovich	RUSSIA-EO14024
OLIYNYK, Volodymyr Mykolayovych	RUSSIA-EO14024
VOLOSHYN, Oleh	RUSSIA-EO14024
AYAD, Adnan	SDGT
AYAD, Jihad Adnan	SDGT
DIAB, Ali Adel	SDGT
AL AMIR CO. FOR ENGINEERING, CONSTRUCTION AND GENERAL TRADE SARL	SDGT
INSHAAT CO SARL	SDGT
GOLDEN GROUP SAL OFF SHORE	SDGT
GOLDEN GROUP TRADING SARL	SDGT
JAMMOUL AND AYAD FOR INDUSTRY AND TRADE	SDGT
LAND METICS SARL	SDGT
LANDMETICS SAL OFF-SHORE	SDGT
TOP FASHION GMBH KONFEKTIONSBUGELEI	SDGT
HAMIDCO INVESTMENT LIMITED	SDGT
HAMER AND NAIL CONSTRUCTION LIMITED	SDGT
SALAZAR FLORES, Freddy Arnoldo	ILLICIT-DRUGS-EO14059
SAMAYOA MONTEJO, Roger Antulio	ILLICIT-DRUGS-EO14059
CHAVEZ TAMAYO, Jesus Gerardo	TCO
PUBLIC JOINT STOCK COMPANY BANK FINANCIAL CORPORATION OTKRITIE	RUSSIA-EO14024
PUBLIC JOINT STOCK COMPANY INSURANCE COMPANY ROSGOSSTRAKH	RUSSIA-EO14024
OTKRITIE LTD GROUP	RUSSIA-EO14024
OTKRITIE BROKER GROUP	RUSSIA-EO14024
NPF OTKRITIE GROUP	RUSSIA-EO14024
OOO TAMOZHENNAYA KARTA	RUSSIA-EO14024
OOO OTKRITIE FACTORING	RUSSIA-EO14024
PAO ROSGOSSTRAKH BANK	RUSSIA-EO14024
OOO RGS HOLDING	RUSSIA-EO14024
OOO NAVIGATOR ASSET MANAGEMENT	RUSSIA-EO14024
OOO OTKRITIE ASSET MANAGEMENT	RUSSIA-EO14024
OOO OTKRITIE CAPITAL	RUSSIA-EO14024
OTKRITIE CAPITAL CYPRUS LIMITED	RUSSIA-EO14024
PUBLIC JOINT STOCK COMPANY URAL BANK FOR RECONSTRUCTION AND DEVELOPMENT	RUSSIA-EO14024
CENTER FOR SUPPORT AND DEVELOPMENT OF PUBLIC INITIATIVE CREATIVE DIPLOMACY	RUSSIA-EO14024
OBSHCHESTVO S OGRANICHENNOI OTVETSTVENNOSTYU VTB FOREKS	RUSSIA-EO14024
VIETNAM-RUSSIA JOINT VENTURE BANK	RUSSIA-EO14024
JOINT STOCK COMPANY SAROVBUSINESSBANK	RUSSIA-EO14024
WEST SIBERIAN COMMERCIAL BANK PUBLIC JOINT STOCK COMPANY	RUSSIA-EO14024
LIMITED LIABILITY COMPANY MARKET FUND ADMINISTRATION	RUSSIA-EO14024
PATRUSHEV, Andrey	RUSSIA-EO14024
BORTNIKOV, Denis Aleksandrovich	RUSSIA-EO14024
KIRIYENKO, Vladimir Sergeevich	RUSSIA-EO14024
LIMITED LIABILITY COMPANY YOOMONEY	RUSSIA-EO14024
IVANOV, Sergei Sergeevich	RUSSIA-EO14024
ARIMERO HOLDING LIMITED	RUSSIA-EO14024
TEKHNOLOGII KREDITOVANIYA LIMITED LIABILITY COMPANY	RUSSIA-EO14024
VYDAYUSHCHIESYA KREDITY MICROCREDIT COMPANY LIMITED LIABILITY COMPANY	RUSSIA-EO14024
JOINT STOCK COMPANY RASCHETNIYE RESHENIYA	RUSSIA-EO14024
LIMITED LIABILITY COMPANY SBERBANK FACTORING	RUSSIA-EO14024
LIMITED LIABILITY COMPANY SBERBANK CIB HOLDING	RUSSIA-EO14024
INSURANCE COMPANY SBERBANK LIFE INSURANCE LIMITED LIABILITY COMPANY	RUSSIA-EO14024
LIMITED LIABILITY COMPANY PROMISING INVESTMENTS	RUSSIA-EO14024
IKS JOINT STOCK COMPANY	RUSSIA-EO14024
PUBLIC JOINT STOCK COMPANY ALROSA	RUSSIA-EO14024
PROMSVYAZBANK PUBLIC JOINT STOCK COMPANY	UKRAINE-EO13662] [RUSSIA-EO14024
DIRECTORATE OF PROCUREMENT OF THE COMMANDER-IN-CHIEF OF DEFENSE SERVICES ARMY	BURMA-EO14014
FRADKOV, Petr Mikhailovich	RUSSIA-EO14024
ALKES TREID OOO	RUSSIA-EO14024
ANTARES OOO	RUSSIA-EO14024
ZA, Tay	BURMA-EO14014
ELITNYE DOMA OOO	RUSSIA-EO14024
PSB INNOVATIONS AND INVESTMENTS LIMITED LIABILITY COMPANY	RUSSIA-EO14024
TAY ZA, Htoo Htet	BURMA-EO14014
TAY ZA, Pye Phyo	BURMA-EO14014
ERA FUND LIMITED LIABILITY COMPANY	RUSSIA-EO14024
PSB-FOREKS OOO	RUSSIA-EO14024
KHOLTSVUD OOO	RUSSIA-EO14024
KOURF OOO	RUSSIA-EO14024
MANAGEMENT COMPANY PROMSVYAZ LLC	RUSSIA-EO14024
PASKAL OOO	RUSSIA-EO14024
PSB BIZNES OOO	RUSSIA-EO14024
PUBLIC JOINT STOCK COMPANY TRANSKAPITALBANK	UKRAINE-EO13662] [RUSSIA-EO14024
SAINT-PETERSBURG INTERNATIONAL BANKING CONFERENCE LLC	RUSSIA-EO14024
SERGIEVO-POSAD LEND OOO	RUSSIA-EO14024
PSB AVIALIZING OOO	RUSSIA-EO14024
TEKHNOSOFT OOO	RUSSIA-EO14024
TRINITEX OOO	RUSSIA-EO14024
JOINT STOCK COMPANY INVESTTRADEBANK	RUSSIA-EO14024
JOINT STOCK COMPANY ALFA-BANK	UKRAINE-EO13662] [RUSSIA-EO14024
DERGUNOVA, Olga Konstantinovna	RUSSIA-EO14024
T-PLATFORMS	RUSSIA-EO14024
KULIK, Vadim Valerievich	RUSSIA-EO14024
LUKYANENKO, Valerii Vasilyevich	RUSSIA-EO14024
PECHATNIKOV, Anatolii Yuryevich	RUSSIA-EO14024
ALFA CAPITAL MARKETS LTD	RUSSIA-EO14024
ALFA-FOREX LLC	RUSSIA-EO14024
ALFA-LIZING OOO	RUSSIA-EO14024
ALFA-DIRECT	RUSSIA-EO14024
AMSTERDAM TRADE BANK NV	RUSSIA-EO14024
WORLD HUMAN CARE	SDGT
SOVCOMBANK OPEN JOINT STOCK COMPANY	UKRAINE-EO13662] [RUSSIA-EO14024
AKTSIONERNOE OBSHCHESTVO FINTENDER	RUSSIA-EO14024
BANK NATIONAL FACTORING COMPANY JOINT STOCK COMPANY	RUSSIA-EO14024
SOVCOMBANK FACTORING LIMITED LIABILITY COMPANY	RUSSIA-EO14024
JOINT STOCK COMPANY SOVCOMFLOT	UKRAINE-EO13662] [RUSSIA-EO14024
BEST2PAY LIMITED	RUSSIA-EO14024
INDUSTRIAL-COMMERCIAL PRIVATE UNITARY ENTERPRISE MINOTOR-SERVICE	BELARUS-EO14038
GMCS MANAGEMENT LIMITED LIABILITY COMPANY	RUSSIA-EO14024
KHRENIN, Viktor Gennadievich	BELARUS-EO14038
SEPTEM CAPITAL LIMITED LIABILITY COMPANY	RUSSIA-EO14024
BANK DABRABYT JOINT STOCK COMPANY	BELARUS-EO14038
JOINT STOCK COMPANY SOVCOMBANK LIFE	RUSSIA-EO14024
BELARUSSIAN BANK OF DEVELOPMENT AND RECONSTRUCTION BELINVESTBANK JOINT STOCK COMPANY	BELARUS-EO14038
MOBILNYE PLATEZHI LIMITED LIABILITY COMPANY	RUSSIA-EO14024
RUSKONSALT	RUSSIA-EO14024
SOLLERS-FINANCE LIMITED LIABILITY COMPANY	RUSSIA-EO14024
CJSC BELBIZNESLIZING	BELARUS-EO14038
SOVCOMBANK ASSET MANAGEMENT LIMITED LIABILITY COMPANY	RUSSIA-EO14024
LIMITED LIABILITY COMPANY BELINVEST-ENGINEERING	BELARUS-EO14038
SOVCOMBANK SECURITIES LIMITED	RUSSIA-EO14024
SOVCOMBANK TECHNOLOGIES LIMITED LIABILITY COMPANY	RUSSIA-EO14024
SOVKOM FAKTORING	RUSSIA-EO14024
SOVKOM LIZING	RUSSIA-EO14024
SOVCOMCARD LIMITED LIABILITY COMPANY	RUSSIA-EO14024
TSIFROVYE TEKHNOLOGII BUDUSHCHEGO LIMITED LIABILITY COMPANY	RUSSIA-EO14024
USM LIMITED LIABILITY COMPANY	RUSSIA-EO14024
AKTSIONERNOE OBSHCHESTVO SOVKOMBANK STRAKHOVANIE	RUSSIA-EO14024
PUBLIC JOINT STOCK COMPANY KB VOSTOCHNY	RUSSIA-EO14024
AKTSIONERNOE OBSHCHESTVO RTS-KHOLDING	RUSSIA-EO14024
MINSK WHEEL TRACTOR PLANT	NPWMD] [BELARUS-EO14038
RYMASHEUSKI, Aliaksei Ivanavich	BELARUS-EO14038
VETSIANEVICH, Aliaksandr Piatrovich	BELARUS-EO14038
LLC SYNESIS	BELARUS-EO14038
LLC 24X7 PANOPTES	BELARUS-EO14038
SHATROU, Aliaksandr Yauhenavich	BELARUS-EO14038
STATE OWNED FOREIGN TRADE UNITARY ENTERPRISE BELSPETSVNESHTECHNIKA	BELARUS-EO14038
OKB TSP SCIENTIFIC PRODUCTION LIMITED LIABILITY COMPANY	BELARUS-EO14038
STATE AUTHORITY FOR MILITARY INDUSTRY OF THE REPUBLIC OF BELARUS	BELARUS-EO14038
PANTUS, Dmitry Aleksandrovich	BELARUS-EO14038
RASSALAI, Viachaslau Yevgenyevich	BELARUS-EO14038
ZAITSAU, Aliaksandr Mikalaevich	BELARUS-EO14038
OOO SOKHRA	BELARUS-EO14038
GREF, Herman Oskarovich	RUSSIA-EO14024
VEDYAKHIN, Alexander Aleksandrovich	RUSSIA-EO14024
ODNA RODYNA	ELECTION-EO13848
RHYTHM OF EURASIA	ELECTION-EO13848
JOURNAL KAMERTON	ELECTION-EO13848
ORIENTAL REVIEW	RUSSIA-EO14024
NEW EASTERN OUTLOOK	RUSSIA-EO14024
GEOPOLITICA	UKRAINE-EO13660
UNITED WORLD INTERNATIONAL	UKRAINE-EO13661] [CYBER2] [ELECTION-EO13848
KNYRIK, Konstantin Sergeyevich	NPWMD] [CYBER2] [CAATSA - RUSSIA
FEDIN, Yuriy Sergeyevich	NPWMD] [CYBER2
MAMAKOVA, Aelita Leonidovna	NPWMD] [CYBER2] [ELECTION-EO13848
PROKOFYEV, Yuriy Anatolyevich	ELECTION-EO13848
DUGINA, Darya Aleksandrovna	UKRAINE-EO13661] [CYBER2] [ELECTION-EO13848
KRASOVSKIY, Maksim Borisovich	NPWMD] [CYBER2] [CAATSA - RUSSIA
TACTICAL MISSILES CORPORATION JSC	UKRAINE-EO13662] [RUSSIA-EO14024
SKOROKHODOVA, Natalya Petrovna	ELECTION-EO13848
SUNIGA MORFIN, Isel Aneli	ILLICIT-DRUGS-EO14059
PSB LIZING OOO	RUSSIA-EO14024
BALTIC LEADER	RUSSIA-EO14024
PEGAS	RUSSIA-EO14024
KARPENKA, Ihar Vasilyevich	BELARUS-EO14038
BALDOUSKAYA, Alena Anatolieuna	BELARUS-EO14038
DUK, Dzyanis Uladzimiravich	BELARUS-EO14038
KUNTSEVICH, Alena Kanstantsinauna	BELARUS-EO14038
TKACHOU, Alyaksandr Henadzievich	BELARUS-EO14038
FEDASENKA, Katsyaryna Alyaksandrauna	BELARUS-EO14038
YUZHYK, Alyaksandr Uladzimiravich	BELARUS-EO14038
ALALAMIYAH EXPRESS COMPANY FOR EXCHANGE AND REMITTANCE	SDGT
AL HADHA EXCHANGE CO.	SDGT
SAADE, Ali	SDGT
TAHER, Ibrahim	SDGT
STAVRIDIS, Konstantinos	SDGT
FANI OIL TRADING FZE	SDGT
AURUM SHIP MANAGEMENT FZC	SDGT
SINGH, Chiranjeev Kumar	SDGT
PERIDOT SHIPPING AND TRADING LLC	SDGT
VOLFOVICH, Aleksandr Grigorievich	BELARUS-EO14038
LIGHT MOON	SDGT
JJO GENERAL TRADING GIDA SANAYI VE TICARET ANONIM SIRKETI	SDGT
KINAHAN ORGANIZED CRIME GROUP	TCO
KINAHAN, Christopher Vincent	TCO
PUBLIC JOINT STOCK COMPANY INTEGRAL	BELARUS-EO14038
KINAHAN, Daniel Joseph	TCO
GARANTI IHRACAT ITHALAT KUYUMCULUK DIS TICARET LIMITED SIRKETI	SDGT
MOAZ ABDULLA DAEL FOR IMPORT AND EXPORT	SDGT
AHMED, Abdo Abdullah Dael	SDGT
AL FOULK TRADING CO. L.L.C	SDGT
OROFINO NV	DRCONGO
OJSC KB RADAR-MANAGING COMPANY HOLDING RADAR SYSTEM	BELARUS-EO14038
BURLINOVA, Natalya Valeryevna	RUSSIA-EO14024
JSC 558 AIRCRAFT REPAIR PLANT	RUSSIA-EO14024] [BELARUS-EO14038
KINAHAN JUNIOR, Christopher Vincent	TCO
MCGOVERN, Sean Gerard	TCO
BUSINESS-FINANCE LIMITED LIABILITY COMPANY	RUSSIA-EO14024
DIXON, Ian Thomas	TCO
JSC INFRAVEB	RUSSIA-EO14024
LLC RESORT ZOLOTOE KOLTSO	RUSSIA-EO14024
JSC RUSSIAN EXPORT CENTER	RUSSIA-EO14024
LLC VEB VENTURES	RUSSIA-EO14024
LLC VEB SERVICE	RUSSIA-EO14024
CLANCY, Bernard Patrick	TCO
LLC SPECIAL ORGANIZATION FOR PROJECT FINANCE FACTORY OF PROJECT FINANCE	RUSSIA-EO14024
LLC SIBUGLEMET GROUP	RUSSIA-EO14024
JSC ANGSTREM-T	RUSSIA-EO14024
MORRISSEY, John Francis	TCO
LLC NM-TEKH	RUSSIA-EO14024
NERO DRINKS COMPANY LIMITED	TCO
DUBROVINSKIY, Viacheslav Yuryevich	RUSSIA-EO14024
HOOPOE SPORTS LLC	TCO
JSC SLAVA	RUSSIA-EO14024
GRININ, Yevgeniy Aleksandrovich	RUSSIA-EO14024
DUCASHEW GENERAL TRADING LLC	TCO
JSC PFC CSKA	RUSSIA-EO14024
LLC TORGOVY KVARTAL-NOVOSIBIRSK	RUSSIA-EO14024
LLC BAIKAL CENTER	RUSSIA-EO14024
LLC PROGOROD	RUSSIA-EO14024
NIKOLAEVA, Irina Viktorovna	RUSSIA-EO14024
LLC VEB.RF ASSET MANAGEMENT	RUSSIA-EO14024
ZAKHAROV, Andrey Georgiyevich	RUSSIA-EO14024
YERSHOV, Sergey Aleksandrovich	RUSSIA-EO14024
PODGORNOVA, Yevgeniya Aleksandrovna	RUSSIA-EO14024
ALEXSONG PTE LTD	RUSSIA-EO14024
OOO NAUCHNO-TEKHNICHESKII TSENTR METROTEK	RUSSIA-EO14024
OOO PAMKIN KHAUS	RUSSIA-EO14024
OOO FOTON PRO	RUSSIA-EO14024
CENTRAL RESERVE POLICE	GLOMAG
MBAGA, Peter Charles	SDGT
HOOMER, Farhad	SDGT
MALBERG LIMITED	RUSSIA-EO14024
BERNOVA, Evgeniya Vladimirovna	RUSSIA-EO14024
DJECO GROUP LP	RUSSIA-EO14024
ABADIGGA, Abdella Hussein	SDGT
DJECO GROUP HOLDING LTD	RUSSIA-EO14024
MALTARENT LTD	RUSSIA-EO14024
MILLER, Siraaj	SDGT
LAKHTA PLAZA, OOO	RUSSIA-EO14024
LAKHTA PARK, OOO	RUSSIA-EO14024
LAKHTA PARK PREMIUM, OOO	RUSSIA-EO14024
TOKAREVA, Maiya Nikolaevna	RUSSIA-EO14024
SCI GRIBER	RUSSIA-EO14024
SERNIA-FILM CO, LTD	RUSSIA-EO14024
TOKAREVA, Galina Alekseyevna	RUSSIA-EO14024
LIMITED LIABILITY COMPANY OSTOZHENKA 19	RUSSIA-EO14024
OOO SERNIYA INZHINIRING	RUSSIA-EO14024
KATINA DRUSTVO S OGRANICENOM ODGOVORNOSCU ZA NEKRETNINE I UGOSTITELJSTVO	RUSSIA-EO14024
OOO SERTAL	RUSSIA-EO14024
T.G.A. D.O.O. ZA TRGOVINU I USLUGE	RUSSIA-EO14024
MAJORY LLP	RUSSIA-EO14024
PHOTON PRO LLP	RUSSIA-EO14024
OOO ROBIN TREID	RUSSIA-EO14024
INVENTION BRIDGE SL	RUSSIA-EO14024
TOKAREV, Nikolay Petrovich	RUSSIA-EO14024
PUTIN, Vladimir Vladimirovich	RUSSIA-EO14024
TATARCHENKO, Denis Sergeyevich	NPWMD] [CYBER2] [CAATSA - RUSSIA
ZAMLELOVA, Svetlana Georgiyevna	ELECTION-EO13848
POGREBENKOV, Valeriy Ivanovich	NPWMD] [CYBER2] [CAATSA - RUSSIA
SAENKO, Sergei Ivanovich	ELECTION-EO13848
BUBNOVA, Irina Sergeyevna	ELECTION-EO13848
KRANS, Maksim Iosifovich	NPWMD] [CYBER2] [CAATSA - RUSSIA
BESPALOV, Anton Sergeyevich	ELECTION-EO13848
KIRILLOVA, Anastasiya Sergeyevna	NPWMD] [CYBER2] [CAATSA - RUSSIA
MAKSIMENKO, Vladimir Ilich	ELECTION-EO13848
KAMYSHANOVA, Aleksandra Aleksandrovna	NPWMD] [CYBER2] [CAATSA - RUSSIA
NEZHDANOVA, Yevgeniya Vitalyevna	NPWMD] [CYBER2] [CAATSA - RUSSIA
ILYASHENKO, Andrey Vitalyevich	NPWMD] [CYBER2] [CAATSA - RUSSIA
DOROKHOVA, Nina Viktorovna	NPWMD] [CYBER2] [CAATSA - RUSSIA
GAFNER, Denis Yakovlevich	NPWMD] [CYBER2] [ELECTION-EO13848
CHUGULEVA, Aleyona Anatolyevna	NPWMD] [CYBER2] [ELECTION-EO13848
SINELIN, Mikhail Anatolyevich	NPWMD] [CYBER2
KALABAYEVA, Valeriya	NPWMD] [CYBER2] [ELECTION-EO13848
GLOTOV, Yevgeniy Eduardovich	NPWMD] [CYBER2
ARESHEV, Andrey Grigoryevich	ELECTION-EO13848
NOVILAB MOBILE, LLC	RUSSIA-EO14024
0DAY TECHNOLOGIES	RUSSIA-EO14024
AO NII VEKTOR	RUSSIA-EO14024
FEDERAL STATE UNITARY ENTERPRISE CENTRAL SCIENTIFIC RESEARCH INSTITUTE OF ECONOMICS INFORMATICS AND MANAGEMENT SYSTEMS	RUSSIA-EO14024
ZAO AKUTA	RUSSIA-EO14024
CREDIT BANK OF MOSCOW PUBLIC JOINT STOCK COMPANY	UKRAINE-EO13662] [RUSSIA-EO14024
PANKOV, Nikolay	RUSSIA-EO14024
IVANOV, Timur	RUSSIA-EO14024
EVKUROV, Yunus-Bek	RUSSIA-EO14024
TSALIKOV, Ruslan	RUSSIA-EO14024
SHOIGU, Sergei Kuzhugetovich	RUSSIA-EO14024
SADOVENKO, Yuriy	RUSSIA-EO14024
ZHIDKO, Gennady	RUSSIA-EO14024
GERASIMOV, Valery	RUSSIA-EO14024
BULGAKOV, Dmitry	RUSSIA-EO14024
JSC PKK MILANDR	RUSSIA-EO14024
NURGALIEV, Rashid Gumarovich	RUSSIA-EO14024
SOBYANIN, Sergey Semyonovich	RUSSIA-EO14024
SERYSHEV, Anatoliy Anatolievich	RUSSIA-EO14024
AFONIN, Yuriy Vyacheslavovich	RUSSIA-EO14024
BULAVIN, Vladimir Ivanovich	RUSSIA-EO14024
TRUTNEV, Yuriy Petrovich	RUSSIA-EO14024
BESSONOV, Yevgeniy Ivanovich	RUSSIA-EO14024
KALASHNIKOV, Leonid Ivanovich	RUSSIA-EO14024
YAKUSHEV, Vladimir Vladimirovich	RUSSIA-EO14024
KASHIN, Vladimir Ivanovich	RUSSIA-EO14024
BEGLOV, Aleksandr Dmitrievich	RUSSIA-EO14024
KOLOMEITSEV, Nikolay Vasilievich	RUSSIA-EO14024
KURINNIY, Aleksey Vladimirovich	RUSSIA-EO14024
MELNIKOV, Ivan Ivanovich	RUSSIA-EO14024
LAVROV, Sergei Viktorovich	RUSSIA-EO14024
NOVIKOV, Dmitriy Georgievich	RUSSIA-EO14024
OSADCHIY, Nikolay Ivanovich	RUSSIA-EO14024
TAYSAEV, Kazbek Kutsukovich	RUSSIA-EO14024
ZYUGANOV, Gennady Andreyevich	RUSSIA-EO14024
CHAYKA, Yuriy Yakovlevich	RUSSIA-EO14024
CHUYCHENKO, Konstantin Anatolyevich	RUSSIA-EO14024
GUTSAN, Aleksandr Vladimirovich	RUSSIA-EO14024
KOMAROV, Igor Anatolyevich	RUSSIA-EO14024
SILUANOV, Anton Germanovich	RUSSIA-EO14024
LIMITED LIABILITY COMPANY RVC MANAGEMENT COMPANY	RUSSIA-EO14024
GLADKIKH, Evgeny Viktorovich	CAATSA - RUSSIA
BOBKOV, Sergei Alekseevich	CAATSA - RUSSIA
MALEVANYY, Konstantin Vasilyevich	CAATSA - RUSSIA
AO RUSSIAN HIGH TECHNOLOGIES	RUSSIA-EO14024
OOO LAVINA PULS	RUSSIA-EO14024
OOO ITERANET	RUSSIA-EO14024
AO INFORUS	RUSSIA-EO14024
MASALOVICH, Andrey Igorevich	RUSSIA-EO14024
VALENZUELA DRUG TRAFFICKING ORGANIZATION	ILLICIT-DRUGS-EO14059
VALENZUELA VALENZUELA, Juan Francisco	ILLICIT-DRUGS-EO14059
RIVAS CHAIRES, Raul	ILLICIT-DRUGS-EO14059
ARAUJO PERALTA, Hector Alfonso	ILLICIT-DRUGS-EO14059
ARFEL TRANSPORTADORA COOL LOGISTIC, S.A. DE C.V.	ILLICIT-DRUGS-EO14059
SERVICIOS DE TRANSPORTE MARUHA, SOCIEDAD ANONIMA DE CAPITAL VARIABLE	ILLICIT-DRUGS-EO14059
TRANSPORTES REFRIGERADOS PANDAS TRUCKING, SOCIEDAD ANONIMA DE CAPITAL VARIABLE	ILLICIT-DRUGS-EO14059
MISHUSTIN, Mikhail Vladimirovich	RUSSIA-EO14024
USMANOV, Alisher Burhanovich	RUSSIA-EO14024
VAINO, Anton Eduardovich	RUSSIA-EO14024
GOETZ, Alain Francois Viviane	DRCONGO
AGOR DMCC	DRCONGO
DILBAR	RUSSIA-EO14024
M-IABU	RUSSIA-EO14024
IGNATOVA, Yekaterina Sergeyevna	RUSSIA-EO14024
AGR INTERNATIONAL LIMITED	DRCONGO
CHEMEZOV, Stanislav Sergeyevich	RUSSIA-EO14024
CHEMEZOV, Alexander Sergeevich	RUSSIA-EO14024
ALAXY	DRCONGO
ROTENBERG, Liliya Arkadievna	RUSSIA-EO14024
CHEMEZOV, Sergey Sergeevich	RUSSIA-EO14024
CG - VASTGOED INVEST	DRCONGO
IGNATOVA, Anastasia	RUSSIA-EO14024
ROTENBERG, Pavel Arkadyevich	RUSSIA-EO14024
ROTENBERG, Boris Borisovich	RUSSIA-EO14024
SHUVALOV, Igor Ivanovich	RUSSIA-EO14024
GOETZ GOLD LLC	DRCONGO
PREMIER GOLD REFINERY LLC	DRCONGO
WWG DIAMONDS	DRCONGO
PESKOV, Dmitriy Sergeevich	RUSSIA-EO14024
SHUVALOVA, Olga Viktorovna	RUSSIA-EO14024
SHUVALOV, Evgeny Igorevich	RUSSIA-EO14024
SHUVALOVA, Maria Igorevna	RUSSIA-EO14024
LIMITED LIABILITY COMPANY NEMCHINOVO INVESTMENTS	RUSSIA-EO14024
OTKRYTYE AKTIVY OOO	RUSSIA-EO14024
ALTITUDE X3 LTD	RUSSIA-EO14024
AVANFORT OOO	RUSSIA-EO14024
SOVA NEDVIZHIMOST OOO	RUSSIA-EO14024
LX-MOW	RUSSIA-EO14024
FIRMA VEARDON OOO	RUSSIA-EO14024
ZARECHE-4 OOO	RUSSIA-EO14024
SLYUSAR, Yury Borisovich	RUSSIA-EO14024
JOINT STOCK COMPANY FEDERAL SCIENTIFIC AND PRODUCTION CENTER TITAN BARRIKADY	RUSSIA-EO14024
PUBLIC JOINT-STOCK COMPANY ODK-KUZNETSOV	RUSSIA-EO14024
KATIBAT AL TAWHID WAL JIHAD	SDGT
JOINT STOCK COMPANY ODK-KLIMOV	RUSSIA-EO14024
IZHEVSK UNMANNED SYSTEMS RESEARCH AND PRODUCTION ASSOCIATED LIMITED LIABILITY COMPANY	RUSSIA-EO14024
ODK-SATURN PUBLIC JOINT-STOCK COMPANY	RUSSIA-EO14024
NIZHNIY NOVGOROD SOKOL AIRCRAFT MANUFACTURING PLANT	RUSSIA-EO14024
KOMSOMOLSK-ON-AMUR AVIATION PLANT	RUSSIA-EO14024
VSEROSSISKIY INSTITUT AVIATSIONNYKH MATERIALOV	RUSSIA-EO14024
JSC RESEARCH AND PRODUCTION ASSOCIATION KVANT	RUSSIA-EO14024
MAKEYEV STATE MISSILE CENTER	RUSSIA-EO14024
KURGANMASHZAVOD	RUSSIA-EO14024
JSC CENTRAL RESEARCH INSTITUTE OF AUTOMATION AND HYDRAULICS	RUSSIA-EO14024
AVIASTAR-SP AIRCRAFT MANUFACTURING ENTERPRISE	RUSSIA-EO14024
RADIOAVTOMATIKA LLC	RUSSIA-EO14024
JOINT STOCK COMPANY RESEARCH AND PRODUCTION CORPORATION KONSTRUKTORSKOYE BYURO MASHYNOSTROYENIYA	RUSSIA-EO14024
DESIGN BUREAU OF SPECIAL MACHINE-BUILDING	RUSSIA-EO14024
JSC NOVOSIBIRSK AIRCRAFT PRODUCTION ASSOCIATION PLANT NAMED AFTER V.P. CHKALOV	RUSSIA-EO14024
IRKUTSK AVIATION PLANT	RUSSIA-EO14024
PUBLIC JOINT-STOCK COMPANY ODK-UFIMSKOYE MOTOROSTROITELNOYE PRODUCTION ASSOCIATION	RUSSIA-EO14024
THE PLANAR COMPANY	RUSSIA-EO14024
JOINT STOCK COMPANY SALAVAT CHEMICAL PLANT	RUSSIA-EO14024
JOINT STOCK COMPANY AVANGARD	RUSSIA-EO14024
FUJIAN PROVINCIAL PINGTAN COUNTY OCEAN FISHING GROUP CO., LTD.	GLOMAG
HEROIC TREASURE LIMITED	GLOMAG
MARS HARVEST CO., LTD.	GLOMAG
KHARITONOV, Nikolay Mikhaylovich	RUSSIA-EO14024
SHARGUNOV, Sergey Aleksandrovich	RUSSIA-EO14024
KUMIN, Vadim Valentinovich	RUSSIA-EO14024
SINELSHCHIKOV, Yury Petrovich	RUSSIA-EO14024
GLAZKOVA, Anzhelika Yegorovna	RUSSIA-EO14024
YUSHCHENKO, Alexander Andreyevich	RUSSIA-EO14024
MARKHAYEV, Vyacheslav Mikhaylovich	RUSSIA-EO14024
BIFOV, Anatoly Zhamalovich	RUSSIA-EO14024
AREFYEV, Nikolay Vasilyevich	RUSSIA-EO14024
KOMOTSKY, Boris Olegovich	RUSSIA-EO14024
FILATOVA, Irina Anatolyevna	RUSSIA-EO14024
LEVCHENKO, Sergey Georgiyevich	RUSSIA-EO14024
PROKOFYEV, Artyom Vyacheslavovich	RUSSIA-EO14024
DROBOT, Maria Vladimirovna	RUSSIA-EO14024
BABICH, Ivan Nikolayevich	RUSSIA-EO14024
KORNIYENKO, Alexey Viktorovich	RUSSIA-EO14024
GAVRILOV, Sergey Anatolyevich	RUSSIA-EO14024
IVANOV, Nikolay Nikolayevich	RUSSIA-EO14024
LYABIKHOV, Roman Mikhaylovich	RUSSIA-EO14024
ISAKOV, Vladimir Pavlovich	RUSSIA-EO14024
SULEYMANOV, Renat Ismailovich	RUSSIA-EO14024
BLOTSKY, Vladimir Nikolayevich	RUSSIA-EO14024
PANTELEYEV, Sergey Mikhaylovich	RUSSIA-EO14024
KAMNEV, Georgy Petrovich	RUSSIA-EO14024
VASILYEV, Nikolay Ivanovich	RUSSIA-EO14024
IVANYUZHENKOV, Boris Viktorovich	RUSSIA-EO14024
SOBOLEV, Viktor Ivanovich	RUSSIA-EO14024
AVDEYEV, Mikhail Yuryevich	RUSSIA-EO14024
OSTANINA, Nina Aleksandrovna	RUSSIA-EO14024
YEZERSKY, Nikolay Nikolayevich	RUSSIA-EO14024
OBUKHOV, Sergey Pavlovich	RUSSIA-EO14024
PARFYONOV, Denis Andreyevich	RUSSIA-EO14024
ALEKHIN, Andrey Anatolyevich	RUSSIA-EO14024
AMMOSOV, Petr Revoldovich	RUSSIA-EO14024
KAZANKOV, Sergey Ivanovich	RUSSIA-EO14024
LEBEDEV, Oleg Aleksandrovich	RUSSIA-EO14024
MATVEYEV, Mikhail Nikolayevich	RUSSIA-EO14024
PRUSAKOVA, Maria Nikolayevna	RUSSIA-EO14024
SMOLIN, Oleg Nikolayevich	RUSSIA-EO14024
SHCHAPOV, Mikhail Viktorovich	RUSSIA-EO14024
KARGINOV, Sergey Genrikhovich	RUSSIA-EO14024
NILOV, Yaroslav Yevgenyevich	RUSSIA-EO14024
SIPYAGIN, Vladimir Vladimirovich	RUSSIA-EO14024
VLASOV, Vasily Maksimovich	RUSSIA-EO14024
CHERNYSHOV, Boris Aleksandrovich	RUSSIA-EO14024
SVISHCHEV, Dmitry Aleksandrovich	RUSSIA-EO14024
SELEZNYOV, Valery Sergeyevich	RUSSIA-EO14024
PANESH, Kaplan Mugdinovich	RUSSIA-EO14024
SVISTUNOV, Arkady Nikolayevich	RUSSIA-EO14024
NAUMOV, Stanislav Aleksandrovich	RUSSIA-EO14024
KOSHELEV, Vladimir Alekseyevich	RUSSIA-EO14024
MUSATOV, Ivan Mikhaylovich	RUSSIA-EO14024
MARKOV, Yevgeny Vladimirovich	RUSSIA-EO14024
SUKHAREV, Ivan Konstantinovich	RUSSIA-EO14024
PAYKIN, Boris Romanovich	RUSSIA-EO14024
NAPSO, Yuri Aisovich	RUSSIA-EO14024
DIDENKO, Alexey Nikolayevich	RUSSIA-EO14024
ZHURAVLYEV, Alexey Aleksandrovich	RUSSIA-EO14024
LEONOV, Sergey Dmitriyevich	RUSSIA-EO14024
SEMIGIN, Gennady Yuryevich	RUSSIA-EO14024
TERENTYEV, Alexander Vasilyevich	RUSSIA-EO14024
TUMUSOV, Fedot Semonovich	RUSSIA-EO14024
KANOKOV, Timur Borisovich	RUSSIA-EO14024
ANANSKIKH, Igor Aleksandrovich	RUSSIA-EO14024
BELOUSOV, Vadim Vladimirovich	RUSSIA-EO14024
GUSEV, Dmitry Gennadyevich	RUSSIA-EO14024
REMEZKOV, Alexander Aleksandrovich	RUSSIA-EO14024
KUZNETSOV, Andrey Anatolyevich	RUSSIA-EO14024
KABYSHEV, Sergey Vladimirovich	RUSSIA-EO14024
DELYAGIN, Mikhail Gennadyevich	RUSSIA-EO14024
NILOV, Oleg Anatolyevich	RUSSIA-EO14024
BURLYAYEV, Nikolay Petrovich	RUSSIA-EO14024
AKSAKOV, Anatoly Gennadyevich	RUSSIA-EO14024
AKSENENKO, Alexander Sergeyevich	RUSSIA-EO14024
WASSERMAN, Anatoly Aleksandrovich	RUSSIA-EO14024
GARTUNG, Valery Karlovich	RUSSIA-EO14024
GRIGORYEV, Yuri Innokentyevich	RUSSIA-EO14024
KUZNETSOV, Dmitry Vadimovich	RUSSIA-EO14024
LANTRATOVA, Yana Valeryevna	RUSSIA-EO14024
LISITSYN, Anatoly Ivanovich	RUSSIA-EO14024
KHOVANSKAYA, Galina Petrovna	RUSSIA-EO14024
YAKHNYUK, Sergey Vasilyevich	RUSSIA-EO14024
YAKUBOVSKY, Alexander Vladimirovich	RUSSIA-EO14024
YAGAFAROV, Azat Ferdinandovich	RUSSIA-EO14024
SHCHERBAKOV, Alexander Vladimirovich	RUSSIA-EO14024
SHCHEGLOV, Nikolay Mikhaylovich	RUSSIA-EO14024
SHKHAGOSHEV, Adalbi Lyulevich	RUSSIA-EO14024
SHUVALOV, Vadim Nikolayevich	RUSSIA-EO14024
SHUBIN, Igor Nikolayevich	RUSSIA-EO14024
SHKOLKINA, Nadezhda Vasilyevna	RUSSIA-EO14024
SHIPULIN, Anton Vladimirovich	RUSSIA-EO14024
SHVYTKIN, Yuri Nikolayevich	RUSSIA-EO14024
CHIZHOV, Sergey Viktorovich	RUSSIA-EO14024
CHERNYAK, Alexey Yuryevich	RUSSIA-EO14024
CHEPIKOV, Sergey Vladimirovich	RUSSIA-EO14024
CHAPLIN, Nikita Yuryevich	RUSSIA-EO14024
TSUNAEVA, Elena Moiseevna	RUSSIA-EO14024
TSED, Nikolay Grigorevich	RUSSIA-EO14024
KHASANOV, Murat Ruslanovich	RUSSIA-EO14024
KHARCHENKO, Ekaterina Vladimirovna	RUSSIA-EO14024
KHAMZAEV, Sultan Sultanbiyevich	RUSSIA-EO14024
FROLOVA, Tamara Ivanovna	RUSSIA-EO14024
FOMICHEV, Vyacheslav Vasilevich	RUSSIA-EO14024
FETISOV, Vyacheslav	RUSSIA-EO14024
FEDYAEV, Pavel Mikhaylovich	RUSSIA-EO14024
FYODOROV, Yevgeny Alekseevich	RUSSIA-EO14024
FARRAKHOV, Airat Zakievich	RUSSIA-EO14024
FADINA, Oksana Nikolayevna	RUSSIA-EO14024
UTYASHEVA, Rimma Amirovna	RUSSIA-EO14024
TUTOVA, Larisa Nikolayevna	RUSSIA-EO14024
TUROV, Artyom Viktorovich	RUSSIA-EO14024
TRIFONOV, Andrey Fedorovich	RUSSIA-EO14024
TETERDINKO, Alexander Pavlovich	RUSSIA-EO14024
TERYUSHKOV, Roman Igorevich	RUSSIA-EO14024
TERENTYEV, Mikhail Borisovich	RUSSIA-EO14024
TEN, Sergey Yuryevich	RUSSIA-EO14024
TATRIEV, Muslim Barisovich	RUSSIA-EO14024
TAYMAZOV, Artur Borisovich	RUSSIA-EO14024
STENYAKINA, Ekaterina Petrovna	RUSSIA-EO14024
STARSHINOV, Mikhail Yevgenyevich	RUSSIA-EO14024
SPIRIDONOV, Alexander Yurevich	RUSSIA-EO14024
SOLOVEV, Sergey Anatolevich	RUSSIA-EO14024
SOKOL, Sergey Mikhaylovich	RUSSIA-EO14024
SMIRNOV, Viktor Vladimirovich	RUSSIA-EO14024
SKRUG, Valeriy Stepanovich	RUSSIA-EO14024
SKLYAR, Gennadiy Ivanovich	RUSSIA-EO14024
SKACHKOV, Alexander Anatolevich	RUSSIA-EO14024
SITNIKOV, Alexey Vladimirovich	RUSSIA-EO14024
SIMIGIN, Pavel Vladimirovich	RUSSIA-EO14024
SIMANOVSKIY, Leonid Jakovlevitch	RUSSIA-EO14024
SENIN, Vladimir Borisovich	RUSSIA-EO14024
SELIVERSTOV, Viktor Valentinovich	RUSSIA-EO14024
SARYGLAR, Aydyn Nikolayevich	RUSSIA-EO14024
SARANOVA, Yuliya Vladimirovna	RUSSIA-EO14024
SARALIYEV, Shamsail Yunusovich	RUSSIA-EO14024
SAMOKUTYAEV, Alexander Mikhaylovich	RUSSIA-EO14024
SAMOKISH, Vladimir Igorevich	RUSSIA-EO14024
SALAEVA, Alla Leonidovna	RUSSIA-EO14024
SAVCHENKO, Oleg Vladimirovich	RUSSIA-EO14024
SAVELYEV, Dmitry Ivanovich	RUSSIA-EO14024
ABAKAROV, Khizri Magomedovich	RUSSIA-EO14024
AGAYEV, Bekkhan Vakhayevich	RUSSIA-EO14024
ASIMOV, Rahim Azizboyevich	RUSSIA-EO14024
AITKULOVA, Elvira Rinatovna	RUSSIA-EO14024
ALEXEYENKO, Nikolay Nikolayevich	RUSSIA-EO14024
ALTUKHOV, Sergey Viktorovich	RUSSIA-EO14024
ALSHEVSKIH, Andrey Gennadyevich	RUSSIA-EO14024
AMELCHENKOVA, Olga Nikolayevna	RUSSIA-EO14024
ANIKEYEV, Andrey Anatolyevich	RUSSIA-EO14024
ANIKEEV, Grigory Viktorovich	RUSSIA-EO14024
ANTROPENKO, Igor Aleksandrovich	RUSSIA-EO14024
ANUFRIYEVA, Olga Nikolayevna	RUSSIA-EO14024
ARTAMONOVA, Valentina Nikolayevna	RUSSIA-EO14024
ARSHINOVA, Alena Igorevna	RUSSIA-EO14024
AYUPOV, Rinat Zaydulayevich	RUSSIA-EO14024
BABASHOV, Leonid Ivanovich	RUSSIA-EO14024
BAZHENOV, Timofey	RUSSIA-EO14024
BAIGUSKAROV, Zarif Zakirovich	RUSSIA-EO14024
BARAKHOYEV, Bekkhan Abdulkhamidovich	RUSSIA-EO14024
BASANSKY, Anton Aleksandrovich	RUSSIA-EO14024
BATALOVA, Rima Akberdinovna	RUSSIA-EO14024
BAKHMETYEV, Vitaly Viktorovich	RUSSIA-EO14024
BASHANKAYEV, Badma Nikolayevich	RUSSIA-EO14024
BELYKH, Irina Viktorovna	RUSSIA-EO14024
BESSARAB, Svetlana Viktorovna	RUSSIA-EO14024
BESSARABOV, Daniil Vladimirovich	RUSSIA-EO14024
BIDONKO, Sergey Yuryevich	RUSSIA-EO14024
BICHAYEV, Artyom Aleksandrovich	RUSSIA-EO14024
BOGUSLAWSKI, Irek Borisovich	RUSSIA-EO14024
BONDARENKO, Yelena Veniaminovna	RUSSIA-EO14024
BORISSOV, Alexander Aleksandrovich	RUSSIA-EO14024
BOYARSKIY, Sergey Mikhaylovich	RUSSIA-EO14024
BRYKIN, Nikolay Gavrilovich	RUSSIA-EO14024
BUDUYEV, Nikolay Robertovich	RUSSIA-EO14024
BULAVINOV, Vadim Yevgenyevich	RUSSIA-EO14024
BURLAKOV, Sergey Vladimirovich	RUSSIA-EO14024
BURMATOV, Vladimir Vladimirovich	RUSSIA-EO14024
BUTINA, Maria Valeryevna	RUSSIA-EO14024
BUTSKAYA, Tatiana Viktorovna	RUSSIA-EO14024
VALEEV, Ernest Abdulovich	RUSSIA-EO14024
VALENCHUK, Oleg Dorianovich	RUSSIA-EO14024
VALUEV, Nikolay Sergeyevich	RUSSIA-EO14024
VASILKOVA, Maria Viktorovna	RUSSIA-EO14024
VELLER, Alexey Borisovich	RUSSIA-EO14024
VEREMEENKO, Sergey Alekseyevich	RUSSIA-EO14024
VODYANOV, Roman Mikhaylovich	RUSSIA-EO14024
VOLFSON, Ilya Svetoslavovich	RUSSIA-EO14024
VOROBEV, Andrey Viktorovich	RUSSIA-EO14024
VORONOVSKIY, Anatoliy	RUSSIA-EO14024
VYBORNY, Anatoly Borisovich	RUSSIA-EO14024
GADZHIYEV, Abdulkhakim Kutbudinovich	RUSSIA-EO14024
GADZHIYEV, Murad Stanislavovich	RUSSIA-EO14024
GADZHIYEV, Ruslan Gadzhiyevich	RUSSIA-EO14024
GARIN, Oleg Vladimirovich	RUSSIA-EO14024
GASANOV, Dzhamaladin Nabiyevich	RUSSIA-EO14024
GEKKIEV, Zaur Dalkhatovich	RUSSIA-EO14024
GERMANOVA, Olga Mikhaylovna	RUSSIA-EO14024
GETTA, Anton Aleksandrovich	RUSSIA-EO14024
GILMUTDINOV, Dinar Zagitovich	RUSSIA-EO14024
GILMUTDINOV, Ildar Irekovich	RUSSIA-EO14024
GIMBATOV, Andrey Petrovich	RUSSIA-EO14024
GLADKIKH, Boris Mikhaylovich	RUSSIA-EO14024
GOVYRIN, Alexey	RUSSIA-EO14024
GOLIKOV, Oleg Aleksandrovich	RUSSIA-EO14024
GONCHAROV, Nikolay Aleksandrovich	RUSSIA-EO14024
GORELKIN, Anton Vadimovich	RUSSIA-EO14024
GOROKHOV, Andrey Yuryevich	RUSSIA-EO14024
GURULEV, Andrey Viktorovich	RUSSIA-EO14024
DANCHIKOVA, Galina Innokentyevna	RUSSIA-EO14024
DEMCHENKO, Ivan Ivanovich	RUSSIA-EO14024
DERYABKIN, Viktor Yefimovich	RUSSIA-EO14024
DZYUBA, Viktor Viktorovich	RUSSIA-EO14024
DIMOV, Oleg Dmitriyevich	RUSSIA-EO14024
DOGAYEV, Akhmed Shamkhanovich	RUSSIA-EO14024
DOLUDA, Nikolay Aleksandrovich	RUSSIA-EO14024
DOROSHENKO, Andrey Nikolayevich	RUSSIA-EO14024
DROZHZHINA, Yuliya Nikolayevna	RUSSIA-EO14024
DROZDOV, Alexander Sergeyevich	RUSSIA-EO14024
DYAKONOVA, Tatyana Ivanovna	RUSSIA-EO14024
YEVTYUKHOVA, Yelena Aleksandrovna	RUSSIA-EO14024
YEZUBOV, Alexey Petrovich	RUSSIA-EO14024
YEFIMOV, Vitaly Borisovich	RUSSIA-EO14024
ZAKHAROV, Konstantin Yuryevich	RUSSIA-EO14024
IVANINSKIY, Oleg Ivanovich	RUSSIA-EO14024
IVANOV, Vladimir Valeryevich	RUSSIA-EO14024
IVANOV, Maxim Anatolyevich	RUSSIA-EO14024
IVANOV, Maksim Yevgenyevich	RUSSIA-EO14024
IVENSKIKH, Irina Valentinovna	RUSSIA-EO14024
IVLEV, Leonid Grigoryevich	RUSSIA-EO14024
IGNATOV, Viktor Aleksandrovich	RUSSIA-EO14024
IGOSHIN, Igor Nikolayevich	RUSSIA-EO14024
ILYNIKH, Vladimir Alekseyevich	RUSSIA-EO14024
ILTYAKOV, Alexander Vladimirovich	RUSSIA-EO14024
ISAEV, Andrey Konstantinovich	RUSSIA-EO14024
ISLAMOV, Dmitry Viktorovich	RUSSIA-EO14024
KADENKOV, Dmitry Mikhaylovich	RUSSIA-EO14024
KAZAKOV, Viktor Alekseyevich	RUSSIA-EO14024
KALIMULLIN, Rustam Galiullovich	RUSSIA-EO14024
KANAYEV, Alexey Valerianovich	RUSSIA-EO14024
KARLOV, Georgy Aleksandrovich	RUSSIA-EO14024
KARPOV, Anatoly Yevgenyevich	RUSSIA-EO14024
KARTAPOLOV, Andrey Valeriyevich	RUSSIA-EO14024
KASTYUKEVICH, Igor Yuryevich	RUSSIA-EO14024
KVITKA, Ivan Ivanovich	RUSSIA-EO14024
KIDYAEV, Viktor Borisovich	RUSSIA-EO14024
KIZEEV, Mikhail Vladimirovich	RUSSIA-EO14024
KISLYAKOV, Mikhail Leonidovich	RUSSIA-EO14024
KOGAN, Alexander Borisovich	RUSSIA-EO14024
KOGOGINA, Alfia Gumarovna	RUSSIA-EO14024
KOZLOVSKY, Alexander Nikolayevich	RUSSIA-EO14024
KOLESNIK, Andrey Ivanovich	RUSSIA-EO14024
KOLESNIKOV, Oleg Alekseyevich	RUSSIA-EO14024
KOLUNOV, Sergey Vladimirovich	RUSSIA-EO14024
KONONOV, Vladimir Mikhaylovich	RUSSIA-EO14024
KOROBOVA, Olga Vladimirovna	RUSSIA-EO14024
KOSTENKO, Natalya Vasilyevna	RUSSIA-EO14024
KOTKIN, Sergey Nikolayevich	RUSSIA-EO14024
KRAVCHENKO, Denis Borisovich	RUSSIA-EO14024
KRASNOSHTANOV, Anton Alekseyevich	RUSSIA-EO14024
KRIVONOSOV, Sergey Vladimirovich	RUSSIA-EO14024
KUZMIN, Mikhail Vladimirovich	RUSSIA-EO14024
KUSAYKO, Tatyana Alekseyevna	RUSSIA-EO14024
KUSHNAREV, Vitaliy Vasilyevich	RUSSIA-EO14024
LAVRINENKO, Alexey Fodorovich	RUSSIA-EO14024
LAMEYKIN, Dmitriy Viktorovich	RUSSIA-EO14024
LEBEDEV, Yevgeny Viktorovich	RUSSIA-EO14024
LESUN, Anatoliy Fodorovich	RUSSIA-EO14024
LECHKHADZHIEV, Ruslan Abdulvakhiyevich	RUSSIA-EO14024
LISSOVSKI, Sergey Fodorovich	RUSSIA-EO14024
LIKHACHEV, Vitaly Viktorovich	RUSSIA-EO14024
LOBACH, Tatyana Georgiyevna	RUSSIA-EO14024
LOGINOV, Vyacheslav Yuryevich	RUSSIA-EO14024
LOOR, Ivan Ivanovich	RUSSIA-EO14024
LOTSMANOV, Dmitriy Nikolayevich	RUSSIA-EO14024
LYUBARSKIY, Roman Valeryevich	RUSSIA-EO14024
MAZHUGA, Alexander Georgiyevich	RUSSIA-EO14024
MAIDANOV, Denis	RUSSIA-EO14024
MAKAROV, Vyatscheslav Serafimovich	RUSSIA-EO14024
MAKIYEV, Zurab Gayozovich	RUSSIA-EO14024
MAXIMOV, Alexander Aleksandrovich	RUSSIA-EO14024
MARDANSHIN, Rafael Mirkhatimovich	RUSSIA-EO14024
MARKOV, Andrey Pavlovich	RUSSIA-EO14024
METSHIN, Aidar Raisovich	RUSSIA-EO14024
MILONOV, Vitaly Valentinovich	RUSSIA-EO14024
MOROZOV, Sergey Ivanovich	RUSSIA-EO14024
NAZAROVA, Natalya Vasilyevna	RUSSIA-EO14024
NEMKIN, Anton Igorevich	RUSSIA-EO14024
NIKOLAEV, Nikolay Petrovich	RUSSIA-EO14024
NIKONOV, Vyacheslav	RUSSIA-EO14024
NIFANTIEV, Evgeniy Olegovich	RUSSIA-EO14024
NURBAGANDOV, Nurbagand	RUSSIA-EO14024
OGLOBLINA, Yuliya Vasilyevna	RUSSIA-EO14024
OGUL, Leonid Anatolyevich	RUSSIA-EO14024
ORLOVA, Natalya Alekseyevna	RUSSIA-EO14024
PANIN, Gennadiy Olegovich	RUSSIA-EO14024
PANKOV, Nikolay Vasilyevich	RUSSIA-EO14024
PANKINA, Irina Aleksandrovna	RUSSIA-EO14024
PERVYSHOV, Evgeny Alekseyevich	RUSSIA-EO14024
PETROV, Vyacheslav Anatolyevich	RUSSIA-EO14024
PETROV, Sergey Valeriyevich	RUSSIA-EO14024
PETROV, Yury Aleksandrovich	RUSSIA-EO14024
PIVNENKO, Valentina Nikolayevna	RUSSIA-EO14024
PILIPENKO, Olga Vasilyevna	RUSSIA-EO14024
PIROG, Dmitry Yuryevich	RUSSIA-EO14024
PLOTNIKOV, Vladimir Nikolayevich	RUSSIA-EO14024
POGORELYY, Dmitriy Viktorovich	RUSSIA-EO14024
POLUYANOVA, Nataliya Vladimirovna	RUSSIA-EO14024
PONOMAREV, Arkady Nikolayevich	RUSSIA-EO14024
POPOV, Yevgeny	RUSSIA-EO14024
PROKOPYEV, Alexander Sergeyevich	RUSSIA-EO14024
PTITSYN, Roman Viktorovich	RUSSIA-EO14024
RESIN, Vladimir Iosifovich	RUSSIA-EO14024
RODINA, Victoria Sergeyevna	RUSSIA-EO14024
RODNINA, Irina Konstantinovna	RUSSIA-EO14024
ROMANENKO, Roman Yuryevich	RUSSIA-EO14024
ROMANOV, Mikhail Valentinovich	RUSSIA-EO14024
RUDENSKY, Igor Nikolayevich	RUSSIA-EO14024
RUMYANTSEV, Alexander Grigoryevich	RUSSIA-EO14024
RYABTSEVA, Zhanna Anatolyevna	RUSSIA-EO14024
TANGO	RUSSIA-EO14024
AUNG, Naing Htut	BURMA-EO14014
INTERNATIONAL GATEWAYS GROUP OF COMPANY LIMITED	BURMA-EO14014
SHUGAYEV, Dmitry	RUSSIA-EO14024
MIKHEEV, Aleksander Aleksandrovich	RUSSIA-EO14024
LUKASHENKA, Halina Radzivonawna	BELARUS
APOLLON OOO	DPRK2
ZEEL - M CO., LTD.	DPRK2
CHASOVNIKOV, Aleksandr Aleksandrovich	DPRK2
GAYEVOY, Aleksandr Andreyevich	DPRK2
RK BRIZ, OOO	DPRK2
DIRKS, Natalia Germanova	RUSSIA-EO14024
KONDRATENKO, Maxim Dmitrievich	RUSSIA-EO14024
NOROV, Erkin Rakhmatovich	RUSSIA-EO14024
OSTROVSKY, Svyatoslav Evgenievich	RUSSIA-EO14024
PYANOV, Dmitrii Vasilyevich	RUSSIA-EO14024
ANDRESOV, Yuriy Nikolaevich	RUSSIA-EO14024
HTOO GROUP OF COMPANIES	BURMA-EO14014
NAVKA, Tatiana Aleksandrovna	RUSSIA-EO14024
PESKOV, Nikolay	RUSSIA-EO14024
PESKOVA, Elizaveta Dmitriyevna	RUSSIA-EO14024
GEORGIEVA, Elena Aleksandrovna	RUSSIA-EO14024
SAPELIN, Andrey Yurievich	RUSSIA-EO14024
VAVULIN, Dmitri Nikolaevich	RUSSIA-EO14024
KOVALCHUK, Stepan Kirillovich	RUSSIA-EO14024
KOVALCHUK, Kira Valentinovna	RUSSIA-EO14024
KNYAGININ, Vladimir Nikolaevich	RUSSIA-EO14024
KOVALCHUK, Tatyana Aleksandrovna	RUSSIA-EO14024
KOVALCHUK, Boris Yurievich	RUSSIA-EO14024
NABIULLINA, Elvira Sakhipzadovna	RUSSIA-EO14024
SRL SKYLINE AVIATION	UKRAINE-EO13685
66TH LIGHT INFANTRY DIVISION	BURMA-EO14014
OO, Ko Ko	BURMA-EO14014
HEIN, Zaw	BURMA-EO14014
ASIA GREEN DEVELOPMENT BANK LTD	BURMA-EO14014
MUSA, Abdurrahman Ado	SDGT
ADAMU, Salihu Yusuf	SDGT
YUSUF, Bashir Ali	SDGT
ISA, Muhammed Ibrahim	SDGT
ALHASSAN, Ibrahim Ali	SDGT
MUHAMMAD, Surajo Abubakar	SDGT
STATE DUMA OF THE FEDERAL ASSEMBLY OF THE RUSSIAN FEDERATION	RUSSIA-EO14024
FAIZULLIN, Irek Envarovich	RUSSIA-EO14024
GRIGORENKO, Dmitriy Yuryevich	RUSSIA-EO14024
OBNOSOV, Boris Viktorovich	RUSSIA-EO14024
JOINT STOCK COMPANY KRONSHTADT	RUSSIA-EO14024
AKTSIONERNOE OBSHCHESTVO GOSUDARSTVENNOE NAUCHNO PROIZVODSTVENNOE PREDPRIYATIE REGION	RUSSIA-EO14024
JOINT STOCK COMPANY 711 AIRCRAFT REPAIR PLANT	RUSSIA-EO14024
JOINT STOCK COMPANY URAL DESIGN BUREAU DETAL	RUSSIA-EO14024
JOINT STOCK COMPANY CENTRAL DESIGN BUREAU OF AUTOMATICS	RUSSIA-EO14024
PUBLIC JOINT STOCK COMPANY ARZAMASSKOE NAUCHNO PROIZVODSTVENNOE PREDPRIYATIE TEMP-AVIA	RUSSIA-EO14024
INTERNATIONAL HELICOPTERS PROGRAMS LIMITED LIABILITY COMPANY	RUSSIA-EO14024
JOINT STOCK COMPANY HELICOPTER SERVICE COMPANY	RUSSIA-EO14024
JOINT STOCK COMPANY ULAN-UDE AVIATION PLANT	RUSSIA-EO14024
JOINT STOCK COMPANY KUMERTAU AVIATION PRODUCTION ENTERPRISE	RUSSIA-EO14024
JOINT STOCK COMPANY CONCERN GRANIT-ELECTRON	RUSSIA-EO14024
AKTSIONERNOE OBSHCHESTVO PETROVSKII ELEKTROMEKHANICHESKII ZAVOD MOLOT	RUSSIA-EO14024
LIMITED LIABILITY COMPANY CENTER OF PURCHASES AND LOGISTICS OF THE HELICOPTER INDUSTRY	RUSSIA-EO14024
JOINT STOCK COMPANY AZOVSKI OPTIKO MECHANICHESKY ZAVOD	RUSSIA-EO14024
JOINT STOCK COMPANY 150 AIRCRAFT REPAIR PLANT	RUSSIA-EO14024
JOINT STOCK COMPANY SEVERNIY PRESS	RUSSIA-EO14024
JOINT STOCK COMPANY MACHINE BUILDING DESIGN BUREAU	RUSSIA-EO14024
AKTSIONERNOE OBSHCHESTVO SARATOVSKI RADIOPRIBORNYI ZAVOD	RUSSIA-EO14024
JOINT STOCK COMPANY STATE MACHINE BUILDING DESIGN BUREAU VYMPEL BY NAME I.I. TOROPOV	RUSSIA-EO14024
JOINT STOCK COMPANY 356 AIRCRAFT REPAIR PLANT	RUSSIA-EO14024
TRV AUTO LIMITED LIABILITY COMPANY	RUSSIA-EO14024
JOINT STOCK COMPANY 810 AIRCRAFT REPAIR PLANT	RUSSIA-EO14024
RADUGA STATE MACHINE BUILDING DESIGN BUREAU JOINT STOCK COMPANY	RUSSIA-EO14024
JOINT STOCK COMPANY KAZAN HELICOPTERS	RUSSIA-EO14024
AKTSIONERNOE OBSHCHESTVO RAVENSTVO-SERVICE	RUSSIA-EO14024
JOINT STOCK COMPANY SMOLENSK AIRCRAFT PLANT	RUSSIA-EO14024
STATE SCIENTIFIC RESEARCH INSTITUTE OF MECHANICAL ENGINEERING IMENI V.V. BAKHIREVA	UKRAINE-EO13662] [RUSSIA-EO14024
JSC MBDB ISKRA	RUSSIA-EO14024
AKTSIONERNOE OBSHCHESTVO TURAEVSKOE MASHINOSTROITELNOE KONSTRUKTORSKOE BYURO SOYUZ	RUSSIA-EO14024
JSC RAWENSTVO	RUSSIA-EO14024
JOINT STOCK COMPANY SALUTE	RUSSIA-EO14024
JOINT STOCK COMPANY RYAZANSKOE KONSTRUKTORSKOE BJURO GLOBUS	RUSSIA-EO14024
JOINT STOCK COMPANY CONCERN SEA UNDERWATER WEAPON GIDROPRIBOR	RUSSIA-EO14024
JOINT STOCK COMPANY ZAVOD KULAKOVA	RUSSIA-EO14024
JOINT STOCK COMPANY PROGRESS ARSENYEV AVIATION COMPANY	RUSSIA-EO14024
JOINT STOCK COMPANY DAGDIZEL PLANT	RUSSIA-EO14024
JOINT STOCK COMPANY REDUCTOR - PM	RUSSIA-EO14024
JOINT STOCK COMPANY NATIONAL HELICOPTER CENTER MIL AND KAMOV	RUSSIA-EO14024
OBSHCHESTVO S OGRANICHENNOI OTVETSVENNOSTYU VR-RESURS	RUSSIA-EO14024
ROSTOV HELICOPTER PRODUCTION COMPLEX	RUSSIA-EO14024
JOINT STOCK COMPANY STUPINO ENGINEERING PRODUCTIVE ENTERPRISE	RUSSIA-EO14024
JOINT STOCK COMPANY RESEARCH AND DESIGN INSTITUTE SEA THERMAL ENGINEERING	RUSSIA-EO14024
AKTSIONERNOE OBSHCHESTVO VERKHNEUFALEISKII ZAVOD URALELEMENT	RUSSIA-EO14024
AKTSIONERNOE OBSHCHESTVO ELEKTROTYAGA	RUSSIA-EO14024
TUPOLEV PUBLIC JOINT STOCK COMPANY	RUSSIA-EO14024
LIMITED LIABILITY COMPANY KAPO-AVTOTRANS	RUSSIA-EO14024
LIMITED LIABILITY COMPANY KAPO-ZHILBILTSERVIS	RUSSIA-EO14024
PUBLIC JOINT STOCK COMPANY YAKOVLEV	UKRAINE-EO13662] [RUSSIA-EO14024
ENERGOTSENTR IRKUT	RUSSIA-EO14024
IRKUT-AVTOTRANS	RUSSIA-EO14024
IRKUT-REMSTROI	RUSSIA-EO14024
IRKUT-STANKO SERVICE	RUSSIA-EO14024
RAPART SERVISEZ	RUSSIA-EO14024
SPORTIVNO-OZDOROVITELNYI TSENTR IRKUT-ZENIT	RUSSIA-EO14024
THE LIMITED LIABILITY COMPANY NETWORKING COMPANY IRKUT	RUSSIA-EO14024
TIPOGRAFIYA IRKUT	RUSSIA-EO14024
JOINT STOCK COMPANY MIKRON	UKRAINE-EO13662] [RUSSIA-EO14024
MOLECULAR ELECTRONICS RESEARCH INSTITUTE, JOINT STOCK COMPANY	RUSSIA-EO14024
FLORES MENDOZA, Severo	ILLICIT-DRUGS-EO14059
SARAJLIC, Asim	BALKANS-EO14033
FRANK, Ksenia Gennadevna	RUSSIA-EO14024
FRANK, Gleb Sergeevich	RUSSIA-EO14024
RAKIPI, Aqif	BALKANS-EO14033
TIMCHENKO, Elena Petrovna	RUSSIA-EO14024
NDROQI, Ylli Bahri	BALKANS-EO14033
BROWNING, Natalya	RUSSIA-EO14024
LENA	RUSSIA-EO14024
GUSEV, Dmitry Vladimirovich	RUSSIA-EO14024
TADIC, Gordana	BALKANS-EO14033
KUCHMENT, Mikhail Lvovich	RUSSIA-EO14024
BONDAROVICH, Sergey Nikolaevich	RUSSIA-EO14024
BRAVERMAN, Anatoly Alexandrovich	RUSSIA-EO14024
MASHTALYAR, Oleg Alexandrovich	RUSSIA-EO14024
AVTUKHOV, Mikhail Olegovich	RUSSIA-EO14024
BORIS, Albert Alexandrovich	RUSSIA-EO14024
KHOTIMSKIY, Dmitry Vladimirovich	RUSSIA-EO14024
KASHINA, Irina Nikolayevna	RUSSIA-EO14024
BARYSHNIKOV, Dmitry Vladimirovich	RUSSIA-EO14024
KHOTIMSKIY, Sergey Vladimirovich	RUSSIA-EO14024
CHERSTVOVA, Elena Alexandrovna	RUSSIA-EO14024
MIKHAILOV, Maksim Sergeevich	CYBER2
KARYAGIN, Valentin Olegovich	CYBER2
ISKRITSKY, Mikhail	CYBER2
PLESHEVSKIY, Dmitry	CYBER2
OPEN JOINT STOCK COMPANY ILYUSHIN AVIATION COMPLEX	RUSSIA-EO14024
JOINT STOCK COMPANY ILYUSHIN FINANCE COMPANY	RUSSIA-EO14024
P.B. SADR CO.	NPWMD] [IFSR
MINNIKHANOV, Rustam Nurgaliyevich	RUSSIA-EO14024
MINNIKHANOVA, Gulsina Akhatovna	RUSSIA-EO14024
OBSHCHESTVO S OGRANICHENNOI OTVETSTVENNOSTYU LUCHANO	RUSSIA-EO14024
HOSSEINI, Mohammad Ali	NPWMD] [IFSR
SINA COMPOSITE DELIJAN COMPANY	NPWMD] [IFSR
SAYEHBAN SEPEHR DELIJAN	NPWMD] [IFSR
JESTAR SANAT DELIJAN	NPWMD] [IFSR
AYAN, Sitki	SDGT] [IFSR
BASLAM NAKLIYAT VE DIS TICARET LTD STI	SDGT
BASLAM PETROL SANAYI VE TICARET ANONIM SIRKETI	SDGT
SAMED PETROL VE ENERJI DIS TICARET LIMITED SIRKETI	SDGT
ASB GROUP OF COMPANIES LIMITED	SDGT
ASB GRUP ENERJI SANAYI VE TICARET ANONIM SIRKETI	SDGT
SOM PETROL TICARET ANONIM SIRKETI	SDGT
MAROVIC, Svetozar	BALKANS-EO14033
SOM OVERSEAS PETROLEUM ENERJI SANAYI VE TICARET ANONIM SIRKETI	SDGT
TURANG TRANSIT TASIMACILIK ANONIM SIRKETI	SDGT
CTAT GIDA VE SAGLIK URUNLERI SANAYI VE TICARET ANONIM SIRKETI	SDGT
CHINA HAOKUN ENERGY LIMITED	SDGT] [IFSR
HAOKUN ENERGY GROUP COMPANY LIMITED	SDGT
FUJIE PETROCHEMICAL ZHOUSHAN CO., LTD.	SDGT] [IFSR
SHANDONG SEA RIGHT PETROCHEMICAL CO., LTD.	SDGT] [IFSR
PETRO CHINA PARS CO.	SDGT] [IFSR
GARANTEX EUROPE OU	RUSSIA-EO14024] [CYBER4
KARIMIAN, Mohammad Sadegh	SDGT] [IFSR
KASHANIMEHR, Alireza	SDGT] [IFSR
OZTAS, Kasim	SDGT] [IFSR
JSC 33 SHIPYARD	RUSSIA-EO14024
SANLI, Hakki Selcuk	SDGT] [IFSR
CELIK, Abdulhamid	SDGT] [IFSR
JOINT STOCK COMPANY ADMIRALTY SHIPYARDS	RUSSIA-EO14024
PUBLIC JOINT STOCK COMPANY KRASNOYE SORMOVO SHIPYARD	RUSSIA-EO14024
POLTAVCHENKO, Georgiy Sergeyevich	RUSSIA-EO14024
GUNDUZ, Seyyid Cemal	SDGT] [IFSR
TURKOCA IMPORT EXPORT TRANSIT CO., LTD.	SDGT] [IFSR
BALTIC SHIPYARD JSC	RUSSIA-EO14024
JOINT STOCK COMPANY CENTRAL DESIGN BUREAU FOR MARINE ENGINEERING RUBIN	RUSSIA-EO14024
LAVRISHCHEV, Andrey Vasilyevich	RUSSIA-EO14024
JOINT STOCK COMPANY RESEARCH DESIGN AND TECHNOLOGICAL BUREAU ONEGA	RUSSIA-EO14024
PUBLIC JOINT STOCK COMPANY VYBORG SHIPYARD	RUSSIA-EO14024
MARKELOV, Vitaliy Anatolyevich	RUSSIA-EO14024
KASKARIY, Abdulaziz	SDGT
UNITED SHIPBUILDING CORPORATION JSC AYSBERG CENTRAL DESIGN BUILDING	RUSSIA-EO14024
POSPELOV, Vladimir Yakovlevich	RUSSIA-EO14024
JOINT STOCK COMPANY THE ST. PETERSBURG'S SEA BUREAU OF MECHANICAL ENGINEERING MALACHITE	RUSSIA-EO14024
LIMITED LIABILITY COMPANY KASPIYSKAYA ENERGIYA ADMINISTRATION OFFICE	RUSSIA-EO14024
PUBLIC JOINT STOCK COMPANY SHIPBUILDING PLANT SEVERNAYA VERF	RUSSIA-EO14024
JOINT STOCK COMPANY NORTHERN PRODUCTION ASSOCIATION ARKTIKA	RUSSIA-EO14024
ANKA ENERJI URETIM SANAYI VE TICARET ANONIM SIRKETI	SDGT
RAKHMANOV, Aleksey Lvovich	RUSSIA-EO14024
JOINT STOCK COMPANY SREDNE-NEVSKY SHIPYARD	RUSSIA-EO14024
JOINT STOCK COMPANY 10 ORDENA TRUDOVOGO KRASNOGO ZNAMENI DOCKYARD	RUSSIA-EO14024
RYAZANTSEV, Oleg Nikolayevich	RUSSIA-EO14024
SEVERNOE DESIGN BUREAU JOINT STOCK COMPANY	RUSSIA-EO14024
JOINT STOCK COMPANY PRODUCTION ASSOCIATION NORTHERN MACHINE-BUILDING ENTERPRISE	RUSSIA-EO14024
JOINT PUBLIC STOCK COMPANY NEVSKOE DESIGN BUREAU	RUSSIA-EO14024
SHESTAKOV, Ilya Vasilyevich	RUSSIA-EO14024
JOINT STOCK COMPANY SVETLOVSKY ENTERPRISE ERA	RUSSIA-EO14024
ALMAZ CENTRAL MARINE DESIGN BUREAU JOINT STOCK COMPANY	RUSSIA-EO14024
SHISHKIN, Andrei Nikolaevich	RUSSIA-EO14024
JOINT STOCK COMPANY BALTIC SHIPBUILDING PLANT YANTAR	RUSSIA-EO14024
PUBLIC JOINT STOCK COMPANY AMURSKY SHIPBUILDING PLANT	RUSSIA-EO14024
GENT ELEKTRIK ENERJISI TOPTAN SATIS ANONIM SIRKETI	SDGT
PUBLIC JOINT STOCK COMPANY PROLETARSKY ZAVOD	RUSSIA-EO14024
GENT PETROL VE DIS TICARET LIMITED SIRKETI	SDGT
JOINT STOCK COMPANY KHABAROVSK SHIPBUILDING YARD	RUSSIA-EO14024
ELVEGARD SHIPPING LTD	SDGT
MS ULUSLARARASI ENERJI YATIRIM ANONIM SIRKETI	SDGT
CLIPPER	SDGT
AYAN, Bahaddin	SDGT
AKTAU PETROL TICARET ANONIM SIRKETI	SDGT
ALAN ENERJI URETIM SANAYI VE TICARET ANONIM SIRKETI	SDGT
PERLITE INSAAT SANAYI VE TICARET ANONIM SIRKETI	SDGT
ANATOLIAN ULUSLARARASI ENERJI YATIRIM ANONIM SIRKETI	SDGT
SOMAS ENERJI SANAYI VE TICARET ANONIM SIRKETI	SDGT
ASL ENERJI SANAYI VE TICARET ANONIM SIRKETI	SDGT
CGN TRADE FZE	SDGT
ASKA ENERJI TOPTAN SATIS SANAYI VE TICARET ANONIM SIRKETI	SDGT
BYLAN ULUSLARARASI TICARET VE GAYRIMENKUL SANAYI ANONIM SIRKETI	SDGT
CONCEPTO SCREEN SAL OFF-SHORE	SDGT
JOINT STOCK COMPANY SHIPBUILDING PLANT LOTOS	RUSSIA-EO14024
FEDERAL STATE UNITARY ENTERPRISE KRONSHTADTSKYY MORSKOY FACTORY MINOBORONY ROSSII	RUSSIA-EO14024
JOINT STOCK COMPANY SUDOEXPORT	RUSSIA-EO14024
JOINT STOCK COMPANY DESIGN OFFICE FOR SHIPBUILDING VYMPEL	RUSSIA-EO14024
IONOV, Aleksandr Viktorovich	RUSSIA-EO14024
ANTI-GLOBALIZATION MOVEMENT OF RUSSIA	RUSSIA-EO14024
IONOV TRANSKONTINENTAL, OOO	RUSSIA-EO14024
STOP-IMPERIALISM GLOBAL INFORMATION AGENCY	RUSSIA-EO14024
GONZALEZ ANGUIANO, Moises	ILLICIT-DRUGS-EO14059
RINCON GODOY, Angelberto	ILLICIT-DRUGS-EO14059
RINCON GODOY, Julio Efrain	ILLICIT-DRUGS-EO14059
HYDRA MARKET	CYBER2
INTELLEKT LLC	DPRK2
TIKHONOVA, Katerina Vladimirovna	RUSSIA-EO14024
AGENT DE ASIGURARE LIDER ASIG SOCIETATE CU RASPUNDERE LIMITATA	RUSSIA-EO14024
ORGANIZATIA DE CREDITARE NEBANCARA LIDER LEASING SRL	RUSSIA-EO14024
OKAF TRADING SOCIETATEA CU RASPUNDERE LIMITATA	RUSSIA-EO14024
SOCIETATEA CU RASPUNDERE LIMITATA PROJECT INVEST COMPANY	RUSSIA-EO14024
GODOY ARELLANO, Esther	ILLICIT-DRUGS-EO14059
SEA RHAPSODY	UKRAINE-EO13661
MGI PTE LTD	RUSSIA-EO14024
UNCHON TRADING CORPORATION	NPWMD
SUNGNISAN TRADING CORPORATION	NPWMD
HAPJANGGANG TRADING CORPORATION	NPWMD
KOREA ROUNSAN TRADING CORPORATION	NPWMD
TESHILOVO OOO	RUSSIA-EO14024
SPETSINVESTSERVIS OOO	RUSSIA-EO14024
TSARGRAD OOO	RUSSIA-EO14024
ANALITICHESKI TSENTR KATEKHON OOO	RUSSIA-EO14024
IMENIE TSARGRAD OOO	RUSSIA-EO14024
TSARGRAD-MEDIA OOO	RUSSIA-EO14024
KURORT LIVADIYA OOO	RUSSIA-EO14024
TSARGRAD PARK OOO	RUSSIA-EO14024
KURORT TSARGRAD SPAS-TESHILOVO OOO	RUSSIA-EO14024
ZARECHE-OKA OOO	RUSSIA-EO14024
PROIZVODSTVENNO-STROITELNAYA KOMPANIYA SNM	RUSSIA-EO14024
IMPERIYA 19-31 OOO	RUSSIA-EO14024
EKOFERMA ZARECHE OOO	RUSSIA-EO14024
TSARGRAD-KULTURA OOO	RUSSIA-EO14024
KONTUR OOO	RUSSIA-EO14024
TUREYA OOO	RUSSIA-EO14024
MIJALKOV, Sasho	BALKANS-EO14033
GRUEVSKI, Nikola	BALKANS-EO14033
I.C.I.C. KFT.	BALKANS-EO14033
JOINT STOCK COMPANY MARSHAL.GLOBAL	RUSSIA-EO14024
AUTONOMOUS NONCOMMERCIAL ORGANIZATION FOR THE STUDY AND DEVELOPMENT OF INTERNATIONAL COOPERATION IN THE ECONOMIC SPHERE INTERNATIONAL AGENCY OF SOVEREIGN DEVELOPMENT	RUSSIA-EO14024
MELIKOV, Nikita	RUSSIA-EO14024
SAMOYLOV, Artem	RUSSIA-EO14024
OKULOV, Aleksandr	RUSSIA-EO14024
ALL-RUSSIAN PUBLIC ORGANIZATION SOCIETY FOR THE PROMOTION OF RUSSIAN HISTORICAL DEVELOPMENT TSARGRAD	RUSSIA-EO14024
LIMITED LIABILITY COMPANY VLADEKS KHOLDING	RUSSIA-EO14024
LIMITED LIABILITY COMPANY VLADEKS	RUSSIA-EO14024
LIMITED LIABILITY COMPANY RUSSIAN DIGITAL SOLUTIONS	RUSSIA-EO14024
MARKOV, Ilya Anatolyevich	RUSSIA-EO14024
NECHIPORUK, Roman Viktorovich	RUSSIA-EO14024
TYURINA, Natalya Aleksandrovna	RUSSIA-EO14024
ADVANCED RESEARCH FOUNDATION	UKRAINE-EO13662] [RUSSIA-EO14024
GRIGORYEV, Andrey Ivanovich	RUSSIA-EO14024
T7-OKY	UKRAINE-EO13685
LEVIN, Dmitriy Olegovich	RUSSIA-EO14024
EMELYANOVA, Svetlana Petrovna	RUSSIA-EO14024
NESTERENKO, Tatyana Gennadevna	RUSSIA-EO14024
RUSANOV, Sergey Georgievich	RUSSIA-EO14024
YUDAYEVA, Kseniya Valentinovna	RUSSIA-EO14024
ALEKSEEV, Mikhail Yurevich	RUSSIA-EO14024
KOLYCHEV, Vladimir Vladimirovich	RUSSIA-EO14024
SIMANOVSKIY, Alexey Yurevich	RUSSIA-EO14024
LADY LEILA	RUSSIA-EO14024
LADY RANIA	RUSSIA-EO14024
LADY SEVDA	RUSSIA-EO14024
SV KONSTANTIN	RUSSIA-EO14024
LAVROVA, Maria Aleksandrovna	RUSSIA-EO14024
VINOKUROVA, Yekaterina Sergeyevna	RUSSIA-EO14024
MEDVEDEV, Dmitry Anatolievich	RUSSIA-EO14024
KABAEVA, Alina Maratovna	RUSSIA-EO14024
SOVREMENNYE TEKHNOLOGII LIMITED LIABILITY COMPANY	UKRAINE-EO13662] [RUSSIA-EO14024
JOINT STOCK COMPANY SBERBANK TECHNOLOGIES	RUSSIA-EO14024
JOINT STOCK COMPANY LOYALTY PROGRAMS CENTER	RUSSIA-EO14024
JOINT STOCK COMPANY BUSINESS ENVIRONMENT	RUSSIA-EO14024
LIMITED LIABILITY COMPANY SBERBANK SERVICE	RUSSIA-EO14024
LIMITED LIABILITY COMPANY KORUS CONSULTING CIS	UKRAINE-EO13662] [RUSSIA-EO14024
VORONTSOVA, Maria Vladimirovna	RUSSIA-EO14024
LIMITED LIABILITY COMPANY RUTARGET	RUSSIA-EO14024
LIMITED LIABILITY COMPANY SBERBANK REAL ESTATE CENTER	RUSSIA-EO14024
LIMITED LIABILITY COMPANY DIGITAL TECHNOLOGIES	RUSSIA-EO14024
SBER LEGAL LIMITED LIABILITY COMPANY	RUSSIA-EO14024
BARUS LIMITED LIABILITY COMPANY	RUSSIA-EO14024
JOINT STOCK COMPANY STRATEGY PARTNERS GROUP	RUSSIA-EO14024
SBER VOSTOK LIMITED LIABILITY PARTNERSHIP	RUSSIA-EO14024
BANKRUPTCY TECHNOLOGY CENTER LIMITED LIABILITY COMPANY	RUSSIA-EO14024
JOINT STOCK COMPANY UNITED CREDIT BUREAU	RUSSIA-EO14024
PUBLIC JOINT STOCK COMPANY UNITED AIRCRAFT CORPORATION	UKRAINE-EO13662] [RUSSIA-EO14024
PUBLIC JOINT STOCK COMPANY TAGANROG AVIATION SCIENTIFIC-TECHNICAL COMPLEX N.A. G.M. BERIEV	RUSSIA-EO14024
JOINT STOCK COMPANY FLIGHT RESEARCH INSTITUTE N.A. M.M. GROMOV	RUSSIA-EO14024
BITRIVER AG	RUSSIA-EO14024
OOO MANAGEMENT COMPANY BITRIVER	RUSSIA-EO14024
OOO BITRIVER RUS	RUSSIA-EO14024
KADYROVA, Medni Musaevna	RUSSIA-EO14024
KHAZUEVA, Fatima Shaykhievna	RUSSIA-EO14024
KADYROVA, Ayshat Ramzanovna	RUSSIA-EO14024
KADYROVA, Karina Ramzanovna	RUSSIA-EO14024
LIMITED LIABILITY COMPANY FIRDAWS	RUSSIA-EO14024
OOO EVEREST GRUP	RUSSIA-EO14024
OOO SIBIRSKIE MINERALY	RUSSIA-EO14024
OOO TUVAASBEST	RUSSIA-EO14024
OOO TORGOVY DOM ASBEST	RUSSIA-EO14024
OOO BITRIVER-B	RUSSIA-EO14024
OOO BITRIVER-K	RUSSIA-EO14024
OOO BITRIVER-NORTH	RUSSIA-EO14024
OOO BITRIVER-TURMA	RUSSIA-EO14024
BENDERSKIY, Eduard Vitalyevich	CYBER2] [RUSSIA-EO14024
MALOFEYEV, Kirill Konstantinovich	RUSSIA-EO14024
SUBBOTIN, Alexey Anatolyevich	RUSSIA-EO14024
KUPRIYANOV, Alexey Aleksandrovich	RUSSIA-EO14024
LESHCHENKO, Mikhail Aleksandrovich	RUSSIA-EO14024
GADETSKIY, Yevgeniy Yuryevich	RUSSIA-EO14024
YAKUSHEV, Mikhail Ilich	RUSSIA-EO14024
KUZMIN, Pavel Vladimirovich	RUSSIA-EO14024
PUBLIC JOINT STOCK COMPANY ROSBANK	UKRAINE-EO13662] [RUSSIA-EO14024
ROLDUGIN, Sergei Pavlovich	RUSSIA-EO14024
MIRTOVA, Elena Yuryevna	RUSSIA-EO14024
RESHETNIKOV, Maxim Gennadyevich	RUSSIA-EO14024
SAVELYEV, Vitaly Gennadyevich	RUSSIA-EO14024
CHAYKA, Igor Yuryevich	RUSSIA-EO14024
AKTSIONERNOE OBSHCHESTVO NATSIONALNAYA INZHINIRINGOVAYA KORPORATSIYA	RUSSIA-EO14024
TROSHIN, Aleksei Valeryevich	RUSSIA-EO14024
OOO AQUA SOLID	RUSSIA-EO14024
OBSHCHESTVO S OGRANICHENNOI OTVETSTVENNOSTYU FERTOING	RUSSIA-EO14024
OOO EKOGRUPP	RUSSIA-EO14024
OOO INZHINIRING.RF	RUSSIA-EO14024
OOO INNOVATSII SVETA	RUSSIA-EO14024
OOO KHARTIYA	RUSSIA-EO14024
OOO BM PROEKT-EKOLOGIYA	RUSSIA-EO14024
OOO MEZHMUNITSIPALNOE ATP	RUSSIA-EO14024
ZAVOROTNYI, Ivan Aleksandrovich	RUSSIA-EO14024
OOO AGRO-REGION	RUSSIA-EO14024
OOO REGION-COMFORT	RUSSIA-EO14024
OOO KOMPANIYA ZOLOTOI VEK	RUSSIA-EO14024
SPARTA II	RUSSIA-EO14024
AMBAL	RUSSIA-EO14024
MARIA E	RUSSIA-EO14024
SC SOUTH LLC	RUSSIA-EO14024
AKIMOV, Alexander Konstantinovich	RUSSIA-EO14024
ABRAMOV, Ivan Nikolayevich	RUSSIA-EO14024
AKHMADOV, Mohmad Isaevich	RUSSIA-EO14024
ARENIN, Sergei Petrovich	RUSSIA-EO14024
ARKHAROV, Yuri Viktorovich	RUSSIA-EO14024
ARTAMONOV, Anatoly Dmitrievich	RUSSIA-EO14024
AFANASOV, Mikhail Alexandrovich	RUSSIA-EO14024
ALEKSEEV, Oleg Aleksandrovich	RUSSIA-EO14024
AFANASEVA, Yelena Vladimirovna	RUSSIA-EO14024
BASHKIN, Alexander Davidovich	RUSSIA-EO14024
BAZILEVSKY, Andrey Alexandrovich	RUSSIA-EO14024
BARAKHOYEV, Mukharbek Oybertovich	RUSSIA-EO14024
BEZDENEZHNYKH, Sergei Vyacheslavovich	RUSSIA-EO14024
BONDAREV, Viktor Nikolayevich	RUSSIA-EO14024
BORISOV, Yegor Afanasyevich	RUSSIA-EO14024
BRYKSIN, Alexander Yuryevich	RUSSIA-EO14024
BELOUSOV, Mikhail Vladimirovich	RUSSIA-EO14024
BEREZKIN, Sergei Vladimirovich	RUSSIA-EO14024
BEKETOV, Vladimir Andreyevich	RUSSIA-EO14024
BIBIKOVA, Yelena Vasilyevna	RUSSIA-EO14024
CHERNYSHEV, Andrey Vladimirovich	RUSSIA-EO14024
DVOINYKH, Alexander Vlademirovich	RUSSIA-EO14024
DENGIN, Vadim Yevgenyevich	RUSSIA-EO14024
DOLGOV, Konstantin Konstantinovich	RUSSIA-EO14024
EMELYANOV, Gennady Egorovich	RUSSIA-EO14024
EPIFANOVA, Olga Nikolayevna	RUSSIA-EO14024
FADZAYEV, Arsen Suleymanovich	RUSSIA-EO14024
FEDOROV, Yury Viktorovich	RUSSIA-EO14024
FYODOROV, Nikolai Vasilyevich	RUSSIA-EO14024
GIBATDINOV, Airat Minerasikhovich	RUSSIA-EO14024
GUSEV, Denis Vladimirovich	RUSSIA-EO14024
GUMEROVA, Lilia Salavatovna	RUSSIA-EO14024
GALUSHINA, Rimma Fyodorovna	RUSSIA-EO14024
GEREMEYEV, Suleiman Sadulayevich	RUSSIA-EO14024
GIGEL, Tatyana Anatolyevna	RUSSIA-EO14024
GUSAKOVSKY, Alexander Vladislavovich	RUSSIA-EO14024
GORITSKY, Dmitry Yuryevich	RUSSIA-EO14024
GLEBOVA, Lyubov Nikolayevna	RUSSIA-EO14024
GORNYAKOV, Sergei Vasilyevich	RUSSIA-EO14024
GORYACHEVA, Svetlana Petrovna	RUSSIA-EO14024
GORODETSKIY, Vladimir Filippovich	RUSSIA-EO14024
ISAKOV, Eduard Vladimirovich	RUSSIA-EO14024
IKONNIKOV, Vasily Nikolayevich	RUSSIA-EO14024
IVANOV, Sergey Borisovich	RUSSIA-EO14024
KONDRATENKO, Aleksey Nikolayevich	RUSSIA-EO14024
KARLIN, Alexander Bogdanovich	RUSSIA-EO14024
KLIMOV, Andrey Akardyevich	RUSSIA-EO14024
KUTEPOV, Andrey Viktorovich	RUSSIA-EO14024
KHAMCHIEV, Belan Bagaudinovich	RUSSIA-EO14024
KARELOVA, Galina Nikolayevna	RUSSIA-EO14024
KOZHANOVA, Irina Andreyevna	RUSSIA-EO14024
KAZANOKOV, Krym Olievich	RUSSIA-EO14024
KHAPSIROKOV, Murat Krym-Gerievich	RUSSIA-EO14024
KONDRATYUK, Nikolai Fyodorovich	RUSSIA-EO14024
KHLYAKINA, Oksana Vladimirovna	RUSSIA-EO14024
KALASHNIK, Sergey Viktorovich	RUSSIA-EO14024
KRUGLY, Vladimir Igorevich	RUSSIA-EO14024
KARELIN, Alexander Alexandrovich	RUSSIA-EO14024
KISLOV, Andrey Igoryevich	RUSSIA-EO14024
KUZMIN, Dmitry Gennadyevich	RUSSIA-EO14024
KARASIN, Grigory Borisovich	RUSSIA-EO14024
KOSYKHINA, Natalia Vladimirovna	RUSSIA-EO14024
KULIKOVSKIH, Nina Germanovna	RUSSIA-EO14024
KHOKHLOVA, Olga Nikolayevna	RUSSIA-EO14024
KISLYAK, Sergei Ivanovich	RUSSIA-EO14024
KOLBIN, Sergey Nikolayevich	RUSSIA-EO14024
KRAVCHENKO, Vladimir Kasimirovich	RUSSIA-EO14024
LEDKOV, Grigory Petrovich	RUSSIA-EO14024
LAZUTKINA, Yulia Viktorovna	RUSSIA-EO14024
MAYOROV, Alexei Petrovich	RUSSIA-EO14024
MOROZOV, Igor Nikolayevich	RUSSIA-EO14024
MITIN, Sergei Gerasimovich	RUSSIA-EO14024
MURATOV, Sergey Nikolayevich	RUSSIA-EO14024
MUKHAMETSHIN, Farit Mubarakshevich	RUSSIA-EO14024
MIKHAILOV, Sergei Petrovich	RUSSIA-EO14024
MARTYNOV, Sergey Alexandrovich	RUSSIA-EO14024
MAMSUROV, Taimuraz Dzhambekovich	RUSSIA-EO14024
NAROLIN, Alexander Vladimirovich	RUSSIA-EO14024
NIKITIN, Alexander Valeryevich	RUSSIA-EO14024
NEVZOROV, Boris Alexandrovich	RUSSIA-EO14024
NOVOZHILOV, Viktor Feodosyevich	RUSSIA-EO14024
NOVIUKHOV, Alexander Vyacheslavovich	RUSSIA-EO14024
NAGOVITSYN, Vyacheslav Vladimirovich	RUSSIA-EO14024
ORLOV, Alexei Maratovich	RUSSIA-EO14024
OYUN, Dina Ivanovna	RUSSIA-EO14024
OTKE, Anna Ivanovna	RUSSIA-EO14024
ORDENOV, Gennady Ivanovich	RUSSIA-EO14024
PRONYUSHKIN, Alexander Yuryevich	RUSSIA-EO14024
PERMINOV, Dmitry Sergeyevich	RUSSIA-EO14024
PAVLOVA, Margarita Nikolayevna	RUSSIA-EO14024
PERMINOVA, Yelena Alekseyevna	RUSSIA-EO14024
PISAREVA, Elena Vladimirovna	RUSSIA-EO14024
PETINA, Irina Alexandrovna	RUSSIA-EO14024
PERMINOV, Sergey Nikolayevich	RUSSIA-EO14024
POLETAYEV, Vladimir Vladimirovich	RUSSIA-EO14024
RAKITIN, Alexander Vasilyevich	RUSSIA-EO14024
RAPOTA, Grigoriy Alexeyevich	RUSSIA-EO14024
RUKAVISHNIKOVA, Irina Valeryevna	RUSSIA-EO14024
RYABUKHIN, Sergey Nikolayevich	RUSSIA-EO14024
SALPAGAROV, Akhmat Anzorovich	RUSSIA-EO14024
SINITSYN, Alexei Vladimirovich	RUSSIA-EO14024
SHEVCHENKO, Andrei Anatolyevich	RUSSIA-EO14024
SAVELYEV, Dmitry Vladimirovich	RUSSIA-EO14024
SAVCHENKO, Evgeny Stepanovich	RUSSIA-EO14024
SVYATENKO, Inna Yuryevna	RUSSIA-EO14024
SKAKOVSKAYA, Lyudmila Nikolayevna	RUSSIA-EO14024
SAVIN, Alexander Alexandrovich	RUSSIA-EO14024
SHIROKOV, Anatoly Ivanovich	RUSSIA-EO14024
SHEIKIN, Artem Gennadyevich	RUSSIA-EO14024
SHUMILOVA, Elena Borisovna	RUSSIA-EO14024
SOLODUN, Galina Nikolayevna	RUSSIA-EO14024
SAFIN, Lenar Rinatovich	RUSSIA-EO14024
SEMISOTOV, Nikolai Petrovich	RUSSIA-EO14024
SEMYONOV, Valery Vladimirovich	RUSSIA-EO14024
TKACH, Oleg Polikarpovich	RUSSIA-EO14024
TARAKANOV, Pavel Vladimirovich	RUSSIA-EO14024
TALABAYEVA, Lyudmila Zaumovna	RUSSIA-EO14024
TSEPKIN, Oleg Vladimirovich	RUSSIA-EO14024
TULTAEV, Peter Nikolayevich	RUSSIA-EO14024
TIMCHENKO, Vyacheslav Stepanovich	RUSSIA-EO14024
USATYUK, Valery Petrovich	RUSSIA-EO14024
ULBASHEV, Mukharby Magomedovich	RUSSIA-EO14024
VAINBERG, Alexander Vladelenovich	RUSSIA-EO14024
VYSOKINSKY, Alexander Gennadyevich	RUSSIA-EO14024
VLADIMIROV, Nikolay Nikolayevich	RUSSIA-EO14024
VALYAEV, Yuri Konstantinovich	RUSSIA-EO14024
VARFOLOMEEV, Alexander Georgyevich	RUSSIA-EO14024
VASILYEV, Valery Nikolayevich	RUSSIA-EO14024
VOROBYOV, Yury Leonidovich	RUSSIA-EO14024
YAROSHUK, Alexander Georgievich	RUSSIA-EO14024
YATSKIN, Andrey Vladimirovich	RUSSIA-EO14024
YALALOV, Irek Ishmukhametovich	RUSSIA-EO14024
YEPISHIN, Andrei Nikolayevich	RUSSIA-EO14024
YAGUBOV, Gennady Vladimirovich	RUSSIA-EO14024
ZHUKOVA, Anastasia Gennadyevna	RUSSIA-EO14024
ZHAMSUYEV, Bair Bayaskhalanovich	RUSSIA-EO14024
ZHURAVLEV, Nikolai Andreyevich	RUSSIA-EO14024
ZOBNEV, Viktor Viktororvich	RUSSIA-EO14024
ZUBAREV, Igor Dmitryevich	RUSSIA-EO14024
ZABRALOVA, Olga Sergeyevna	RUSSIA-EO14024
ZLENKO, Yelena Gennadyevna	RUSSIA-EO14024
SEREDA, Mikhail Leonidovich	RUSSIA-EO14024
SHAMALOV, Yurii Nikolaevich	RUSSIA-EO14024
GAZARYAN, Yuriy Garunovich	RUSSIA-EO14024
BELOUS, Aleksei Petrovich	RUSSIA-EO14024
BORISENKO, Elena Adolfovna	RUSSIA-EO14024
YELISEYEV, Ilya Vladimirovich	RUSSIA-EO14024
ZAUERS, Dmitrii Vladimirovich	RUSSIA-EO14024
KOMANOV, Viktor Alekseevich	RUSSIA-EO14024
MATVEEV, Aleksei Anatolievich	RUSSIA-EO14024
MURANOV, Aleksander Yurievich	RUSSIA-EO14024
RUSANOV, Igor Valerievich	RUSSIA-EO14024
RYSKIN, Vladimir Markovich	RUSSIA-EO14024
SOBOL, Alexander Ivanovich	RUSSIA-EO14024
STEPANOV, Aleksandr Mikhailovich	RUSSIA-EO14024
KHACHATUROV, Tigran Garikovich	RUSSIA-EO14024
VINOKUROV, Vladimir Nikolaevich	RUSSIA-EO14024
KAMYSHEV, Denis Valentinovich	RUSSIA-EO14024
KAPLUNNIK, Irina Aleksandrovna	RUSSIA-EO14024
LIMITED LIABILITY COMPANY PROMTEKHNOLOGIYA	RUSSIA-EO14024
JOINT STOCK COMPANY MOSCOW INDUSTRIAL BANK	RUSSIA-EO14024
POPOVICH, Aleksei Valerievich	RUSSIA-EO14024
GAVRILENKO, Anatolii Anatolyevich	RUSSIA-EO14024
ROSSEEV, Mikhail Nikolaevich	RUSSIA-EO14024
TYURIN, Vyacheslav Aleksandrovich	RUSSIA-EO14024
SADYGOV, Famil Kamil Ogly	RUSSIA-EO14024
KONTRAKT OOO	RUSSIA-EO14024
EKSPLUATIRUYUSHCHAYA KOMPANIYA TSENTR OOO	RUSSIA-EO14024
AGROPROMYSHLENNY KOMPLEKS VORONEZHSKI OOO	RUSSIA-EO14024
ANNINSKII ELEVATOR OOO	RUSSIA-EO14024
AUDITKONSALT OOO	RUSSIA-EO14024
DVE STOLITSY OOO	RUSSIA-EO14024
BELINVESTSTROI OOO	RUSSIA-EO14024
LADOGA OOO	RUSSIA-EO14024
NEKOMMERCHESKAYA ORGANIZATSIYA FOND KHIMICHESKOE RAZORUZHENIE I KONVERSIYA	RUSSIA-EO14024
AZOVSKAYA ZERNOVAYA KOMPANIYA OOO	RUSSIA-EO14024
PIZHMA	RUSSIA-EO14024
SPARTA	RUSSIA-EO14024
SPARTA III	RUSSIA-EO14024
SPARTA IV	RUSSIA-EO14024
JOINT STOCK COMPANY NORTHERN SHIPPING COMPANY	RUSSIA-EO14024
BELOMORSKIY	RUSSIA-EO14024
CHIZHOVKA	RUSSIA-EO14024
DVINSKIY ZALIV	RUSSIA-EO14024
INZHENER TRUBIN	RUSSIA-EO14024
INZHENER VESHNYAKOV	RUSSIA-EO14024
IOHANN MAHMASTAL	RUSSIA-EO14024
KAPITAN KOKOVIN	RUSSIA-EO14024
KAPITAN RYNTSYN	RUSSIA-EO14024
KAPITAN SAKHAROV	RUSSIA-EO14024
KHOLMOGORY	RUSSIA-EO14024
LAPOMINKA	RUSSIA-EO14024
MEKHANIK BRILIN	RUSSIA-EO14024
MEKHANIK KOTTSOV	RUSSIA-EO14024
MEKHANIK KRASKOVSKIY	RUSSIA-EO14024
MEKHANIK MAKARIN	RUSSIA-EO14024
MEKHANIK PUSTOSHNYY	RUSSIA-EO14024
MEKHANIK PYATLIN	RUSSIA-EO14024
MG-FLOT LIMITED LIABILITY COMPANY	RUSSIA-EO14024
MEKHANIK YARTSEV	RUSSIA-EO14024
MIKHAIL LOMONOSOV	RUSSIA-EO14024
S. KUZNETSOV	RUSSIA-EO14024
SIYANIE SEVERA	RUSSIA-EO14024
SMP ARKHANGELSK	RUSSIA-EO14024
SMP NOVODVINSK	RUSSIA-EO14024
SMP SEVERODVINSK	RUSSIA-EO14024
ADLER	RUSSIA-EO14024
TERIBERKA	RUSSIA-EO14024
ANGARA	RUSSIA-EO14024
ASCALON	RUSSIA-EO14024
POLAR ROCK	RUSSIA-EO14024
NORD PROJECT LLC TRANSPORT COMPANY	RUSSIA-EO14024
ENISEY	RUSSIA-EO14024
NP DIKSON	RUSSIA-EO14024
M LEASING LLC	RUSSIA-EO14024
MARINE TRANS SHIPPING LLC	RUSSIA-EO14024
ANASTASIIA	RUSSIA-EO14024
ASKAR-SARYDZHA	RUSSIA-EO14024
SAPFIR	RUSSIA-EO14024
BLENDER.IO	CYBER2
GASRET ALIEV	RUSSIA-EO14024
NP DUDINKA	RUSSIA-EO14024
RZK CONSTANTA	RUSSIA-EO14024
SEVERNIY PROECT	RUSSIA-EO14024
TRITON	RUSSIA-EO14024
GENRIKH GASANOV	RUSSIA-EO14024
VIKTOR ZABELIN	RUSSIA-EO14024
SIBERIA	RUSSIA-EO14024
TAIBOLA	RUSSIA-EO14024
KOMPOZITOR GASANOV	RUSSIA-EO14024
TAIMYR	RUSSIA-EO14024
TAMBEY	RUSSIA-EO14024
VYMPEL-ASSISTANCE LLC	CYBER2] [RUSSIA-EO14024
LADY D	RUSSIA-EO14024
TERSKIY BEREG	RUSSIA-EO14024
SOLAR-INVEST LLC	CYBER2] [RUSSIA-EO14024
TIKSY	RUSSIA-EO14024
LADY MARIIA	RUSSIA-EO14024
TURUKHAN	RUSSIA-EO14024
LADY R	RUSSIA-EO14024
MAIA-1	RUSSIA-EO14024
OLGA	RUSSIA-EO14024
UTRENNIY	RUSSIA-EO14024
SABETTA	RUSSIA-EO14024
PORT OLYA-1	RUSSIA-EO14024
PORT OLYA-2	RUSSIA-EO14024
RASUL GAMZATOV	RUSSIA-EO14024
SONA	RUSSIA-EO14024
VALENTIN EMIROV	RUSSIA-EO14024
GOLODETS, Olga Yuryevna	RUSSIA-EO14024
ZLATKIS, Bella Ilyinichna	RUSSIA-EO14024
KUZNETSOV, Stanislav Konstantinovich	RUSSIA-EO14024
POPOV, Anatoliy Leonidovich	RUSSIA-EO14024
TSAREV, Kirill Aleksandrovich	RUSSIA-EO14024
TERIBERKA	RUSSIA-EO14024
CENTRAL ELECTION COMMISSION OF THE RUSSIAN FEDERATION	RUSSIA-EO14024
PAMFILOVA, Ella Aleksandrovna	RUSSIA-EO14024
BULAEV, Nikolay Ivanovich	RUSSIA-EO14024
BUDARINA, Natalya Alekseevna	RUSSIA-EO14024
ADHIGUNA, Muhammad Dandi	SDGT
RAMADHANI, Dini	SDGT
SUSANTI, Dwi Dahlia	SDGT
HERYADI, Rudi	SDGT
KARDIAN, Ari	SDGT
JOINT STOCK COMPANY NTV BROADCASTING COMPANY	RUSSIA-EO14024
TELEVISION STATION RUSSIA-1	RUSSIA-EO14024
JOINT STOCK COMPANY CHANNEL ONE RUSSIA	RUSSIA-EO14024
MORGAN HUERTA, Juan Carlos	ILLICIT-DRUGS-EO14059
KOCHMAN, Evgeniy Borisovich	RUSSIA-EO14024
IMPERIAL YACHTS SARL	RUSSIA-EO14024
OOO NORD MARINE	RUSSIA-EO14024
OOO YAKHT-TREID	RUSSIA-EO14024
OOO BILDING MENEDZHMENT	RUSSIA-EO14024
OOO NORD MARIN INZHINIRING	RUSSIA-EO14024
MORGAN HUERTA, Jose Arnoldo	ILLICIT-DRUGS-EO14059
MORGAN HUERTA, Miguel Angel	ILLICIT-DRUGS-EO14059
MORGAN HUERTA, Jose Luis	ILLICIT-DRUGS-EO14059
MORGAN HUERTA, Martin	ILLICIT-DRUGS-EO14059
CHAVARIN PRECIADO, David Alonso	ILLICIT-DRUGS-EO14059
HERNANDEZ MAZON, Sergio Isaias	ILLICIT-DRUGS-EO14059
MENESES OSPINA, Cristian Julian	ILLICIT-DRUGS-EO14059
MORENO OROZCO, Oscar Enrique	ILLICIT-DRUGS-EO14059
MURILLO MORGAN, Oscar	ILLICIT-DRUGS-EO14059
RAMOS ACOSTA, Alvaro	ILLICIT-DRUGS-EO14059
ROMERO WIRICHAGA, Ramiro Martin	ILLICIT-DRUGS-EO14059
CAMACHO PORCHAS, Jesus Francisco	ILLICIT-DRUGS-EO14059
COMERCIALIZADORA VILLBA STONE, S.A DE C.V.	ILLICIT-DRUGS-EO14059
CONCEPTOS GASTRONOMICOS DE SONORA, S. DE R.L. DE C.V.	ILLICIT-DRUGS-EO14059
EXPORTADORA DEL CAMPO RAMOS ACOSTA, S. DE R.L. DE C.V.	ILLICIT-DRUGS-EO14059
MORGAN GOLDEN MINING, S.A. DE C.V.	ILLICIT-DRUGS-EO14059
AVKSENTIEVA, Sardana Vladimirovna	RUSSIA-EO14024
ALIMOVA, Olga Nikolaevna	RUSSIA-EO14024
ARAPOV, Georgy Konstantinovich	RUSSIA-EO14024
ARSHBA, Otary Ionovich	RUSSIA-EO14024
BERULAVA, Mikhail Nikolaevich	RUSSIA-EO14024
BURANOVA, Larisa Nikolaevna	RUSSIA-EO14024
VASILIEV, Vladimir Abdualievich	RUSSIA-EO14024
VLASOVA, Veronika Valerievna	RUSSIA-EO14024
VODOLATSKY, Victor Petrovich	RUSSIA-EO14024
VOLOTSKOV, Alexey Anatolievich	RUSSIA-EO14024
VTORYGINA, Elena Andreyevna	RUSSIA-EO14024
VYATKIN, Dmitry Fedorovich	RUSSIA-EO14024
GORDEYEV, Alexey Vasilievich	RUSSIA-EO14024
GORYACHEVA, Ksenia Alexandrovna	RUSSIA-EO14024
GRESHNEVIKOV, Anatoly Nikolaevich	RUSSIA-EO14024
GULIN, Maxim Alexeyevich	RUSSIA-EO14024
GUTENEV, Vladimir Vladimirovich	RUSSIA-EO14024
DAVANKOV, Vladislav Andreyevich	RUSSIA-EO14024
DAMDINTSURUNOV, Vyacheslav Anatolievich	RUSSIA-EO14024
DEMIN, Alexander Vyacheslavovich	RUSSIA-EO14024
DMITRIEVA, Oksana Genrikhovna	RUSSIA-EO14024
DRAPEKO, Elena Grigorievna	RUSSIA-EO14024
ZHUKOV, Alexander Dmitrievich	RUSSIA-EO14024
ZHUROVA, Svetlana Sergeevna	RUSSIA-EO14024
ZAVALNY, Pavel Nikolaevich	RUSSIA-EO14024
ZAVARZIN, Victor Mikhailovich	RUSSIA-EO14024
ZATULIN, Konstantin Fedorovich	RUSSIA-EO14024
KAVINOV, Artem Alexandrovich	RUSSIA-EO14024
KAZAKOVA, Olga Mikhailovna	RUSSIA-EO14024
KARA-OOL, Sholban Valerievich	RUSSIA-EO14024
KARMAZINA, Raisa Vasilievna	RUSSIA-EO14024
KIRIYANOV, Artem Yurievich	RUSSIA-EO14024
KISELEV, Mikhail Sergeyevich	RUSSIA-EO14024
KOBYLKIN, Dmitry Nikolaevich	RUSSIA-EO14024
KOVPAK, Lev Igorevich	RUSSIA-EO14024
KOCHIEV, Robert Ivanovich	RUSSIA-EO14024
KRASOV, Andrey Leonidovich	RUSSIA-EO14024
KRASHENINNIKOV, Pavel Vladimirovich	RUSSIA-EO14024
KUZNETSOV, Eduard Anatolievich	RUSSIA-EO14024
KUZNETSOVA, Anna Yurievna	RUSSIA-EO14024
KURBANOV, Rizvan Daniyalovich	RUSSIA-EO14024
LARIONOVA, Tatiana Petrovna	RUSSIA-EO14024
LEONOV, Oleg Yurievich	RUSSIA-EO14024
MAKAROV, Andrey Mikhailovich	RUSSIA-EO14024
MARCHENKO, Evgeny Evgenievich	RUSSIA-EO14024
MATVEICHEV, Oleg Anatolievich	RUSSIA-EO14024
METELEV, Artem Pavlovich	RUSSIA-EO14024
MIKHAILOV, Oleg Alexeyevich	RUSSIA-EO14024
MOROZOV, Oleg Victorovich	RUSSIA-EO14024
MOSKVICHEV, Evgeny Sergeyevich	RUSSIA-EO14024
MUTSOEV, Zelimkhan Alikoevich	RUSSIA-EO14024
NECHAEV, Alexey Gennadievich	RUSSIA-EO14024
NIKOLAEVA, Victoria Victorovna	RUSSIA-EO14024
NOVIKOV, Vladimir Mikhailovich	RUSSIA-EO14024
NOVICHKOV, Nikolay Vladimirovich	RUSSIA-EO14024
NURIEV, Marat Abdulhaevich	RUSSIA-EO14024
ORGEYEVA, Marina Eduardovna	RUSSIA-EO14024
PAVLOV, Vladimir Victorovich	RUSSIA-EO14024
PAHOMOV, Sergey Alexandrovich	RUSSIA-EO14024
PEVTSOV, Dmitry Anatolievich	RUSSIA-EO14024
PETROV, Alexander Petrovich	RUSSIA-EO14024
PINSKY, Victor Vitalievich	RUSSIA-EO14024
PISKAREV, Vasily Ivanovich	RUSSIA-EO14024
PLYAKIN, Vladimir Vladimirovich	RUSSIA-EO14024
POLYAKOV, Alexander Alekseevich	RUSSIA-EO14024
POLYAKOVA, Alla Viktorovna	RUSSIA-EO14024
RAZVOROTNEVA, Svetlana Victorovna	RUSSIA-EO14024
RASHKIN, Valery Fedorovich	RUSSIA-EO14024
REVENKO, Evgeny Vasilievich	RUSSIA-EO14024
RUMYANTSEV, Nikita Gennadyevich	RUSSIA-EO14024
SABLIN, Dmitry Vadimovich	RUSSIA-EO14024
SAVITSKAYA, Svetlana Evgenievna	RUSSIA-EO14024
SKRIVANOV, Dmitry Stanislavovich	RUSSIA-EO14024
SOLODOVNIKOV, Ivan Alexandrovich	RUSSIA-EO14024
SOLOMATINA, Tatiana Vasilievna	RUSSIA-EO14024
STANKEVICH, Yuri Arkadievich	RUSSIA-EO14024
STRELYUKHIN, Alexander Mikhailovich	RUSSIA-EO14024
TARBAEV, Sangadzhi Andreyevich	RUSSIA-EO14024
TERESHKOVA, Valentina Vladimirovna	RUSSIA-EO14024
TIMOFEYEVA, Olga Victorovna	RUSSIA-EO14024
TKACHEV, Alexey Nikolaevich	RUSSIA-EO14024
TKACHYOV, Anton Olegovich	RUSSIA-EO14024
TOLMACHEV, Alexander Romanovich	RUSSIA-EO14024
TOLSTOY, Petr Olegovich	RUSSIA-EO14024
TOPILIN, Maxim Anatolievich	RUSSIA-EO14024
TRETIAK, Vladislav Alexandrovich	RUSSIA-EO14024
UMAKHANOV, Saygidpasha Darbishevich	RUSSIA-EO14024
HAMITOV, Amir Makhsudovich	RUSSIA-EO14024
KHINSHTEIN, Alexander Evseyevich	RUSSIA-EO14024
KHOR, Gleb Yakovlevich	RUSSIA-EO14024
KHUBEZOV, Dmitry Anatolievich	RUSSIA-EO14024
CHEMERIS, Roza Basirovna	RUSSIA-EO14024
CHEPA, Alexey Vasilievich	RUSSIA-EO14024
SHAYHUTDINOV, Rifat Gabdulkhakovich	RUSSIA-EO14024
SHAMANOV, Vladimir Anatolievich	RUSSIA-EO14024
SHILKIN, Grigory Vladimirovich	RUSSIA-EO14024
SHOLOKHOV, Alexander Mikhailovich	RUSSIA-EO14024
YAMPOLSKAYA, Elena Alexandrovna	RUSSIA-EO14024
YAROVAYA, Irina Anatolievna	RUSSIA-EO14024
ABDALLAH, Ahmad Jalal Reda	SDGT
ATTIA, Hussein Kamel	SDGT
HAIDAMOUS, Joseph Ilya	SDGT
UNITED GENERAL HOLDING SAL	SDGT
UNITED GENERAL OFFSHORE SAL	SDGT
UNITED GENERAL SERVICES SARL	SDGT
UNITED GENERAL CONTRACTING COMPANY SARL	SDGT
AL MOUKHTAR PRODUCTS CO. SARL	SDGT
FOCUS COMPANY SARL	SDGT
FOCUS MEDIA COMPANY SAL OFFSHORE	SDGT
UNITED INTERNATIONAL EXHIBITION COMPANY SARL	SDGT
ABDALLAH, Hussein Reda	SDGT
ABDALLAH, Ali Reda	SDGT
ABDALLAH, Hussein Ahmad Jalal	SDGT
CAVARA, Marinko	BALKANS-EO14033
NOVALIC, Fadil	BALKANS-EO14033
NABIZADA, Kamaluddin Gulam	SDGT] [IFSR
TEKE, Murat	SDGT] [IFSR
ETTEHADI, Esam	SDGT] [IFSR
RPP LIMITED LIABILITY COMPANY	SDGT] [IFSR
SCF MANAGEMENT SERVICES CYPRUS LTD	RUSSIA-EO14024
HAMIDI, Mihrab Suhrab	SDGT] [IFSR
GRACEFUL	RUSSIA-EO14024
OLYMPIA	RUSSIA-EO14024
IRONSTONE MARINE INVESTMENTS	RUSSIA-EO14024
JSC ARGUMENT	RUSSIA-EO14024
BUMERZ DENIZCILIK VE TICARET ANONIM SIRKETI	SDGT
O'NEILL ASSETS CORPORATION	RUSSIA-EO14024
RAIN TRADE GIDA IC VE DIS TICARET LIMITED SIRKETI	SDGT] [IFSR
GASILOV, Andrei Valeryevich	RUSSIA-EO14024
OGC-VICTORIA HOLDING LTD	SDGT] [IFSR
ZAMANOIL DMCC	SDGT] [IFSR
MADAME GU	UKRAINE-EO13661] [RUSSIA-EO14024
P4-MGU	UKRAINE-EO13661] [RUSSIA-EO14024
3A-MGU	UKRAINE-EO13661] [RUSSIA-EO14024
ODEH, Ahmed Sharif Abdallah	SDGT
QAFISHEH, Hisham Younis Yahia	SDGT
NON-PROFIT PARTNERSHIP REVIVAL OF MARITIME TRADITIONS	RUSSIA-EO14024
SHELLEST	RUSSIA-EO14024
ALI, Usama	SDGT
LIMITED LIABILITY CORPORATION GELIOS	RUSSIA-EO14024
NEGA	RUSSIA-EO14024
ANDA COMPANY	SDGT
SIDAR COMPANY	SDGT
TREND GYO	SDGT
AL ROWAD REAL ESTATE DEVELOPMENT	SDGT
AGROGATE HOLDING	SDGT
ITQAN REAL ESTATE JSC	SDGT
SABRI, Abdallah Yusuf Faisal	SDGT
MONZAVI, Azim	SDGT] [IRGC] [IFSR
KAPTAN, Mustafa Omer	SDGT] [IFSR
SEVERGROUP LIMITED LIABILITY COMPANY	RUSSIA-EO14024
MORDASHOV, Alexey Aleksandrovich	RUSSIA-EO14024
MORDASHOVA, Marina Aleksandrovna	RUSSIA-EO14024
MORDASHOV, Nikita Alekseyevich	RUSSIA-EO14024
MORDASHOV, Kirill Alekseyevich	RUSSIA-EO14024
PUBLIC JOINT STOCK COMPANY SEVERSTAL	UKRAINE-EO13662] [RUSSIA-EO14024
LIMITED LIABILITY COMPANY ALGORITM	RUSSIA-EO14024
NORD GOLD PLC	RUSSIA-EO14024
GORKOV, Sergey Nikolaevich	RUSSIA-EO14024
NISANOV, God Semenovich	RUSSIA-EO14024
NOVITSKY, Evgeny Grigorievich	RUSSIA-EO14024
ZAKHAROVA, Mariya Vladimirovna	RUSSIA-EO14024
JONG, Yong Nam	NPWMD
FAR EASTERN BANK	DPRK3
AIR KORYO TRADING CORPORATION	NPWMD
RAMENSKOYE DESIGN COMPANY JOINT STOCK COMPANY	RUSSIA-EO14024
JSC ALL RUSSIAN RESEARCH INSTITUTE OF RADIO ENGINEERING	RUSSIA-EO14024
LIMITED LIABILITY COMPANY NAUCHNO-PROIZVODSTVENNOYE OBYEDINENIYE RADIOVOLNA	RUSSIA-EO14024
MOSCOW INSTITUTE OF ELECTROMECHANICS AND AUTOMATICS JSC	RUSSIA-EO14024
JOINT STOCK COMPANY MACHINE-BUILDING ENGINEERING OFFICE FAKEL NAMED AFTER AKADEMIKA P. D. GRUSHINA	RUSSIA-EO14024
JOINT STOCK COMPANY RADIOZAVOD	RUSSIA-EO14024
JSC SCIENTIFIC AND PRODUCTION ASSOCIATION OF ELECTRO MECHANIC	RUSSIA-EO14024
JOINT STOCK COMPANY NORTH WESTERN REGIONAL CENTER OF ALMAZ ANTEY CONCERN OBUKHOVSKY PLANT	RUSSIA-EO14024
DELGADO LOPEZ, Ruy	NICARAGUA
EMPRESA NICARAGUENSE DE MINAS	NICARAGUA
GUERRERO COVARRUBIAS, Alonso	ILLICIT-DRUGS-EO14059
GUERRERO COVARRUBIAS, Javier	ILLICIT-DRUGS-EO14059
SEPULVEDA PORTILLO, Obed Christian	ILLICIT-DRUGS-EO14059
JOINT STOCK COMPANY VAKUUM.RU	RUSSIA-EO14024
BY TRADE OU	RUSSIA-EO14024
KOZLOV, Sergey Mikhaylovich	DPRK2
NON-BANK CREDIT INSTITUTION JOINT STOCK COMPANY NATIONAL SETTLEMENT DEPOSITORY	UKRAINE-EO13662] [RUSSIA-EO14024
KANG, Phyong Guk	DPRK
RI, Sung Il	DPRK
KANG, Kyong Il	DPRK
INTERREGIONAL SOCIAL ORGANIZATION UNION OF DONBAS VOLUNTEERS	RUSSIA-EO14024
JOINT STOCK COMPANY RYAZAN STATE INSTRUMENT MAKING ENTERPRISE	RUSSIA-EO14024
JOINT STOCK COMPANY PRODUCTION ASSOCIATION STRELA	RUSSIA-EO14024
JOINT STOCK COMPANY CORPORATION MOSCOW INSTITUTE OF HEAT TECHNOLOGY	RUSSIA-EO14024
JOINT STOCK COMPANY RAMENSKY INSTRUMENT ENGINEERING PLANT	RUSSIA-EO14024
KRYLOV STATE SCIENTIFIC CENTER FEDERAL STATE UNITARY ENTERPRISE	RUSSIA-EO14024
FEDERAL SERVICE FOR MILITARY-TECHNICAL COOPERATION	UKRAINE-EO13662] [RUSSIA-EO14024
JOINT STOCK COMPANY SHIPBUILDING CORPORATION AK BARS	RUSSIA-EO14024
JOINT STOCK COMPANY RESEARCH AND PRODUCTION ENTERPRISE RADAR MMS	RUSSIA-EO14024
JOINT STOCK COMPANY RESEARCH INSTITUTE POLYUS OF M.F. STELMAKH	RUSSIA-EO14024
JOINT STOCK COMPANY OBNINSK RESEARCH AND PRODUCTION ENTERPRISE TECHNOLOGIYA NAMED AFTER A. G. ROMASHIN	RUSSIA-EO14024
JOINT STOCK COMPANY PERMSKIY ZAVOD MASHINOSTROITEL	RUSSIA-EO14024
LIMITED LIABILITY COMPANY RSB-GROUP	RUSSIA-EO14024
KRINITSYN, Oleg Anatolyevich	RUSSIA-EO14024
LIMITED LIABILITY COMPANY PRIVATE SECURITY ORGANIZATION RSB-GROUP	RUSSIA-EO14024
ZR ENERGY DMCC	LEBANON
ZR GROUP SAL HOLDING	LEBANON
PINCHUK, Andrei Yuryevich	RUSSIA-EO14024
ZR LOGISTICS SAL	LEBANON
KULYGINA, Olga Ivanovna	RUSSIA-EO14024
RAHME, Raymond Zina	LEBANON
RAHME, Teddy Zina	LEBANON
JOINT STOCK COMPANY INFORMATION SECURITY REFORM	RUSSIA-EO14024
KALUGA RESEARCH INSTITUTE OF RADIO ENGINEERING JSC	RUSSIA-EO14024
AVIAAVTOMATIKA NAMED AFTER V. TARASOV JSC	RUSSIA-EO14024
JOINT STOCK COMPANY RESEARCH AND DEVELOPMENT ENTERPRISE ALMAZ	RUSSIA-EO14024
JOINT STOCK COMPANY CENTER OF RESEARCH AND TECHNOLOGY SERVICES DINAMIKA	RUSSIA-EO14024
STATE RESEARCH INSTITUTE OF AVIATION SYSTEMS STATE RESEARCH CENTER OF THE RUSSIAN FEDERATION	RUSSIA-EO14024
KIZLYAR ELECTROMECHANICAL PLANT JSC	RUSSIA-EO14024
JOINT STOCK COMPANY PRODUCTION ASSOCIATION URAL OPTICAL AND MECHANICAL PLANT NAMED AFTER E.S. YALAMOV	RUSSIA-EO14024
CLOSED JOINT-STOCK COMPANY SCIENTIFIC PRODUCTION ENTERPRISE TOPAZ	RUSSIA-EO14024
JOINT STOCK COMPANY SPECIAL DESIGN BUREAU TURBINA	RUSSIA-EO14024
PUBLIC JOINT STOCK COMPANY RESEARCH & PRODUCTION CORPORATION ISTOK NAMED AFTER AI SHOKIN	RUSSIA-EO14024
JOINT STOCK COMPANY STATE SCIENTIFIC RESEARCH INSTITUTE KRISTALL	RUSSIA-EO14024
OPEN JOINT STOCK COMPANY MOSCOW MACHINERY BUILDING PLANT AVANGARD	RUSSIA-EO14024
MARIYSKIY MACHINE-BUILDING PLANT OPEN JOINT STOCK COMPANY	RUSSIA-EO14024
OPEN JOINT STOCK COMPANY START SCIENTIFIC AND PRODUCTION ENTERPRISE NAMED AFTER A. YASKIN	RUSSIA-EO14024
OPEN JOINT STOCK COMPANY KHABAROVSK RADIO ENGINEERING PLANT	RUSSIA-EO14024
JOINT STOCK COMPANY VYATSKOYE MASHINOSTROITELNOYE PREDPRIYATIYE AVITEK	RUSSIA-EO14024
JOINT STOCK COMPANY ALL-RUSSIAN RESEARCH INSTITUTE SIGNAL	RUSSIA-EO14024
ANOSOV, Viktor Yuryevich	RUSSIA-EO14024
JOINT STOCK COMPANY RADIOPRIBOR	RUSSIA-EO14024
PUBLIC JOINT STOCK COMPANY VYMPEL INTERSTATE CORPORATION	RUSSIA-EO14024
CHUMAKOV, Aleksey Nikolaevich	RUSSIA-EO14024
PUGACHYOV, Oleg Ivanovich	RUSSIA-EO14024
SOSONNYY, Aleksey Petrovich	RUSSIA-EO14024
DZINIKASHVILI, Dmitriy Vladimirovich	RUSSIA-EO14024
KOLEDA, Mariya Vasilyevna	RUSSIA-EO14024
KUZNETSOVA, Anastasiya Viktorovna	RUSSIA-EO14024
LASHKARYOVA, Nadezhda Vitalyevna	RUSSIA-EO14024
DANILTSEV, Yuriy Viktorovich	RUSSIA-EO14024
ENALDIEV, Tamerlan Borisovich	RUSSIA-EO14024
LENSHIN, Roman Yuryevich	RUSSIA-EO14024
SHEVCHENKO, Yuriy Valeryevich	RUSSIA-EO14024
KHAVCHENKO, Dmitriy Vasilyevich	RUSSIA-EO14024
STATE FLIGHT TESTING CENTER NAMED AFTER V.P. CHKALOV	RUSSIA-EO14024
KAMAZ PUBLICLY TRADED COMPANY	UKRAINE-EO13662] [RUSSIA-EO14024
LEASING COMPANY KAMAZ INCORPORATED	RUSSIA-EO14024
NEFAZ PUBLICLY TRADED COMPANY	RUSSIA-EO14024
PUBLIC JOINT STOCK COMPANY TUTAEV MOTOR PLANT	RUSSIA-EO14024
AKTSIONERNOE OBSHCHESTVO TORGOVO-FINANSOVAYA KOMPANIYA KAMAZ	RUSSIA-EO14024
NON-STATE PENSION FUND FIRST INDUSTRIAL ALLIANCE	RUSSIA-EO14024
BEGISHEVO AIRPORT JOINT STOCK COMPANY	RUSSIA-EO14024
CHELNYVODOKANAL OOO	RUSSIA-EO14024
MIKAM HOLDINGS LIMITED	RUSSIA-EO14024
JOINT STOCK COMPANY KRASNODARSKIY AVTOCENTR KAMAZ	RUSSIA-EO14024
KOGOGIN, Sergei Anatolyevich	RUSSIA-EO14024
ZALOG OOO	RUSSIA-EO14024
LIMITED LIABILITY COMPANY PFMK	RUSSIA-EO14024
LIMITED LIABILITY COMPANY ALFA-INVEST	RUSSIA-EO14024
JOINT STOCK COMPANY CONCERN AVTOMATIKA	RUSSIA-EO14024
JOINT STOCK COMPANY SCIENTIFIC RESEARCH INSTITUTE GIRICOND	RUSSIA-EO14024
JOINT STOCK COMPANY SCIENTIFIC RESEARCH INSTITUTE OF ELECTRICAL CARBON PRODUCTS	RUSSIA-EO14024
JOINT STOCK COMPANY SCIENTIFIC RESEARCH INSTITUTE PLATAN WITH PLANT	RUSSIA-EO14024
JOINT STOCK COMPANY SPECIAL RELAY SYSTEM DESIGN AND ENGINEERING BUREAU	RUSSIA-EO14024
JOINT STOCK COMPANY TRADING HOUSE ROSEL	RUSSIA-EO14024
JOINT STOCK COMPANY PLASMA	RUSSIA-EO14024
JOINT STOCK COMPANY CENTRAL RESEARCH INSTITUTE CYCLONE	RUSSIA-EO14024
JOINT STOCK COMPANY SCIENTIFIC PRODUCTION ENTERPRISE KONTAKT	RUSSIA-EO14024
JOINT STOCK COMPANY RUSSIAN RESEARCH INSTITUTE ELECTRONSTANDART	RUSSIA-EO14024
JOINT STOCK COMPANY METEOR PLANT	RUSSIA-EO14024
JOINT STOCK COMPANY UNITED ENGINE CORPORATION	UKRAINE-EO13662] [RUSSIA-EO14024
PEREVERZEVA, Tatiana Viktorovna	RUSSIA-EO14065
ANANCHENKO, Aleksandr Evgenyevich	RUSSIA-EO14065
ANTONOV, Vladimir Nikolaevich	RUSSIA-EO14065
EZHIKOV, Vladimir Vladimirovich	RUSSIA-EO14065
ESTATE MANAGMENT COMPANY LIMITED	RUSSIA-EO14024
JOINT STOCK COMPANY RT-TEKHPRIEMKA	RUSSIA-EO14024
KHOTSENKO, Vitaliy Pavlovich	RUSSIA-EO14024
RT-CAPITAL LIMITED LIABILITY COMPANY	RUSSIA-EO14024
RT-PROJECT TECHNOLOGY OPEN JOINT STOCK COMPANY	RUSSIA-EO14024
RT-BUSINESS DEVELOPMENT	RUSSIA-EO14024
KHARICHEV, Aleksandr Dmitrievich	RUSSIA-EO14024
AKTSIONERNOE OBSHCHESTVO NAUCHNO ISSLEDOVATELSKII INSTITUT PROMYSHLENNOGO TELEVIDENIYA RASTR	RUSSIA-EO14024
AKTSIONERNOE OBSHCHESTVO NAUCHNO ISSLEDOVATELSKII INSTITUT SREDSTV VYCHISLITELNOI TEKHNIKI	RUSSIA-EO14024
AKTSIONERNOE OBSHCHESTVO NAUCHNO PROIZVODSTVENNOE PREDPRIYATIE SVYAZ	RUSSIA-EO14024
AKTSIONERNOE OBSHCHESTVO RYAZANSKII ZAVOD METALLOKERAMICHESKIKH PRIBOROV	RUSSIA-EO14024
AKTSIONERNOE OBSHCHESTVO SPETSIALNOE KONSTRUKTORSKOE BYURO VYCHISLITELNOI TEKHNIKI	RUSSIA-EO14024
AKTSIONERNOE OBSHCHESTVO SPETSIALNOE PROEKTNO KONSTRUKTORSKOE BYURO SREDSTV UPRAVLENIYA	RUSSIA-EO14024
SCIENTIFIC AND RESEARCH INSTITUTE FERRIT DOMEN	RUSSIA-EO14024
JOINT STOCK COMPANY SCIENTIFIC AND RESEARCH INSTITUTE OF ELECTRONIC ENGINEERING MATERIALS	RUSSIA-EO14024
AO NPP TSIKLON TEST	RUSSIA-EO14024
AKTSIONERNOE OBSHCHESTVO ELEKTRON OPTRONIK	RUSSIA-EO14024
GOVTVIN, Yuriy Nikolaevich	RUSSIA-EO14065
TODOROVA, Anna Yurievna	RUSSIA-EO14065
NATIONAL PAYMENT CARD SYSTEM JOINT STOCK COMPANY	UKRAINE-EO13662] [RUSSIA-EO14024
THE FEDERATION COUNCIL OF THE FEDERAL ASSEMBLY OF THE RUSSIAN FEDERATION	RUSSIA-EO14024
BRILKA, Sergey Fateevich	RUSSIA-EO14024
KANOKOV, Arsen Bashirovich	RUSSIA-EO14024
KAVDZHARADZE, Maksim Gennadyevich	RUSSIA-EO14024
KOVITIDI, Olga Fedorovna	RUSSIA-EO14024
KRESS, Viktor Melkhiorovich	RUSSIA-EO14024
LUKIN, Sergey Nikolaevich	RUSSIA-EO14024
NEKRASOV, Aleksandr Nikolaevich	RUSSIA-EO14024
NARUSOVA, Lyudmila Borisovna	RUSSIA-EO14024
PONOMAREV, Valeriy Andreevich	RUSSIA-EO14024
ROSSEL, Eduard Ergartovich	RUSSIA-EO14024
TURCHAK, Andrey Anatolyevich	RUSSIA-EO14024
UMAHANOV, Ilyas Magomed-Salamovich	RUSSIA-EO14024
VASILENKO, Dmitriy Yuryevich	RUSSIA-EO14024
ZHUKOV, Aleksandr Arkadyevich	RUSSIA-EO14024
76TH GUARDS AIRBORNE ASSAULT CHERNIGOV RED BANNER ORDER OF SUVOROV DIVISION	RUSSIA-EO14024
234TH GUARDS AIRBORNE ASSAULT REGIMENT	RUSSIA-EO14024
64TH GUARDS DETACHED MOTOR RIFLE BRIGADE	RUSSIA-EO14024
KOKOREV, Alexander Aleksandrovich	RUSSIA-EO14024
KOKOREVA, Natalia Vasilyevna	RUSSIA-EO14024
AFANASYEV, Dmitriy Valeryevich	RUSSIA-EO14024
EMC SUD LIMITED	RUSSIA-EO14024
POPOV, Aleksandr Nikolaevich	RUSSIA-EO14024
KIRYANOV, Victor Nikolayevich	RUSSIA-EO14024
ANDRIANOV, Nikolay Valentinovich	RUSSIA-EO14024
ARTYAKOV, Dmitriy Vladimirovich	RUSSIA-EO14024
ARTYAKOVA, Tatiana Vladimirovna	RUSSIA-EO14024
KIRYANOVA, Tatiana Borisovna	RUSSIA-EO14024
LITVIN, Vladimir Zalmanovich	RUSSIA-EO14024
PRIVATE COMPANY PROMCOMPLEKTLOGISTIC	RUSSIA-EO14024
KANDELAKI, Tina	RUSSIA-EO14024
KOPTEV, Yury Nikolayevich	RUSSIA-EO14024
BORISOVA, Natalya Vladimirovna	RUSSIA-EO14024
SIERRA, Elena Oduliovna	RUSSIA-EO14024
OSIN, Pavel Mikhaylovich	RUSSIA-EO14024
BROVKO, Vasily Yuryevich	RUSSIA-EO14024
SMIRNOVA, Natalya Ivanova	RUSSIA-EO14024
KONDRAKHINA, Melaniya Andreyevna	RUSSIA-EO14024
KONDRAKHIN, Leontiy Andreyevich	RUSSIA-EO14024
SERDYUKOV, Sergey Anatolevich	RUSSIA-EO14024
VASILEVA, Evgeniya Nikolaevna	RUSSIA-EO14024
JOINT STOCK COMPANY STATE TRANSPORTATION LEASING COMPANY	UKRAINE-EO13662] [RUSSIA-EO14024
GTLK EUROPE DESIGNATED ACTIVITY COMPANY	RUSSIA-EO14024
GTLK EUROPE CAPITAL DESIGNATED ACTIVITY COMPANY	RUSSIA-EO14024
GTLK MIDDLE EAST FREE ZONE COMPANY	RUSSIA-EO14024
GTLK ASIA LIMITED	RUSSIA-EO14024
DANYLCHENKO, Halyna Viktorivna	RUSSIA-EO14024
ARTYAKOV, Vladimir Vladimirovich	RUSSIA-EO14024
TSYB, Sergey Anatolyevich	RUSSIA-EO14024
VOLOBUEV, Nikolai Anatolevich	RUSSIA-EO14024
NAZAROV, Aleksander Yuryevich	RUSSIA-EO14024
LELIKOV, Dmitry Yuryevich	RUSSIA-EO14024
ZAVIYALOV, Igor Nikolaevich	RUSSIA-EO14024
VYBORNYKH, Maksim Vladimirovich	RUSSIA-EO14024
EVTUSHENKO, Oleg Nikolaevich	RUSSIA-EO14024
SERDYUKOV, Anatoly Eduardovich	RUSSIA-EO14024
NAJEE TECHNOLOGY HOOSHMAND FATER LLC	IRGC] [IFSR] [CYBER2
KWEK, Kee Seng	DPRK4
LLC VALTEX-ST	RUSSIA-EO14024
TEO BOON CHING WILDLIFE TRAFFICKING TRANSNATIONAL CRIMINAL ORGANIZATION	TCO
CHING, Teo Boon	TCO
SUNRISE GREENLAND SDN. BHD.	TCO
JAM PETROCHEMICAL COMPANY	IRAN-EO13846
PETROGAT FZE	IRAN-EO13846
SANCHULI, Mahdieh	IRAN-EO13846
EMERALD FZE	IRAN-EO13846
RAJABIESLAMI, Morteza	IRAN-EO13846
PERSIAN GULF STAR OIL COMPANY	IRAN-EO13846
TRUONG PHAT LOC SHIPPING TRADING JOINT STOCK COMPANY	IRAN-EO13846
EAST OCEAN RASHIN SHIPPING CO	IRAN-EO13846
EDGAR COMMERCIAL SOLUTIONS FZE	IRAN-EO13846
LUSTRO INDUSTRY LIMITED	IRAN-EO13846
OLIGEI INTERNATIONAL TRADING CO., LIMITED	IRAN-EO13846
ZAGROS TARABARAN-E ARYA	IRAN-EO13846
ALI ALMUTAWA PETROLEUM AND PETROCHEMICAL TRADING L.L.C.	IRAN-EO13846
PETROKICK LLC	IRAN-EO13846
SUMMER 5	IRAN-EO13846
BS BRAVO	IRAN-EO13846
EVERWIN SHIPMANAGEMENT PTE. LTD.	IRAN-EO13846
AFKAR SYSTEM YAZD COMPANY	IRGC] [IFSR] [CYBER2
AHMADI, Mansour	IRGC] [IFSR] [CYBER2
AGHA-AHMADI, Ali	IRGC] [IFSR] [CYBER2
MORALES CIFUENTES, Juan Jose	ILLICIT-DRUGS-EO14059
RASHNIKOV, Viktor Filippovich	RUSSIA-EO14024
PUBLICHNOE AKTSIONERNOE OBSCHESTVO MAGNITOGORSKIY METALLURGICHESKIY KOMBINAT	RUSSIA-EO14024
INVESTITSIONNAYA KOMPANIYA MMK-FINANS	RUSSIA-EO14024
SERVICE IMMOBILIERE ANTIBES SAS	RUSSIA-EO14024
SERVICE IMMOBILIERE ET GESTION SAS	RUSSIA-EO14024
VH ANTIBES SAS	RUSSIA-EO14024
VILLA LEXA ESTATES SAS	RUSSIA-EO14024
KATZ, Laurin	RUSSIA-EO14024
ALIEV, Murat Magomedovich	RUSSIA-EO14024
LIMITED LIABILITY COMPANY BONUM CAPITAL	RUSSIA-EO14024
BONUM CAPITAL INVESTORS CORP	RUSSIA-EO14024
BONUM CAPITAL CYPRUS LTD	RUSSIA-EO14024
LIMITED LIABILITY COMPANY BONUM INVESTMENTS	RUSSIA-EO14024
LIMITED LIABILITY COMPANY BONUM MANAGEMENT	RUSSIA-EO14024
LIMITED LIABILITY COMPANY RB-ESTEIT	RUSSIA-EO14024
LIMITED LIABILITY COMPANY AVIAKOMPANIYA DALNEVOSTOCHNAYA KSM	RUSSIA-EO14024
GUDILIN, Yuriy Igorevich	RUSSIA-EO14024
GRAK, Olga Yurievna	RUSSIA-EO14024
GONIN, Leonid Mikhailovich	RUSSIA-EO14024
NOVASTREAM LIMITED	RUSSIA-EO14024
JOINT STOCK COMPANY PROMISING INDUSTRIAL AND INFRASTRUCTURE TECHNOLOGIES	RUSSIA-EO14024
FEDERAL STATE BUDGETARY SCIENTIFIC INSTITUTION RESEARCH AND PRODUCTION COMPLEX TECHNOLOGY CENTER	RUSSIA-EO14024
LLC SCIENTIFIC PRODUCTION ENTERPRISE DIGITAL SOLUTIONS	RUSSIA-EO14024
SCIENTIFIC AND PRODUCTION ASSOCIATION OF MEASURING EQUIPMENT JSC	RUSSIA-EO14024
JOINT STOCK COMPANY DESIGN TECHNOLOGY CENTER ELEKTRONIKA	RUSSIA-EO14024
JOINT STOCK COMPANY VOLOGODSKY OPTIKO MEKHANICHESKY FACTORY	RUSSIA-EO14024
JOINT STOCK COMPANY RESEARCH INSTITUTE OF ELECTRONIC AND MECHANICAL DEVICES	RUSSIA-EO14024
JSC SCIENTIFIC RESEARCH INSTITUTE SUBMICRON	RUSSIA-EO14024
URUSOV, Anton Sergeevich	RUSSIA-EO14024
JOINT STOCK COMPANY PENZENSKY NAUCHNO ISSLEDOVATELSKY ELEKTROTEKHNICHESKY HIGHER EDUCATION INSTITUTION	RUSSIA-EO14024
JSC ZELENOGRAD NANOTECHNOLOGY CENTER	RUSSIA-EO14024
JSC SVETLANA POLUPROVODNIKI	RUSSIA-EO14024
MITISHINSKIY SCIENTIFIC RESEARCH INSTITUTE OF RADIO MEASURING INSTRUMENTS	RUSSIA-EO14024
JOINT STOCK COMPANY DESIGN CENTER SOYUZ	RUSSIA-EO14024
ACADEMICIAN A.L. MINTS RADIOTECHNICAL INSTITUTE JOINT STOCK COMPANY	RUSSIA-EO14024
JOINT STOCK COMPANY INSTITUTE OF ELECTRONIC CONTROL COMPUTERS NAMED AFTER I.S. BRUK	RUSSIA-EO14024
POPOVA, Natalya Valeryevna	RUSSIA-EO14024
OJSC SCIENTIFIC RESEARCH INSTITUTE OF PRECISION MECHANICAL ENGINEERING	RUSSIA-EO14024
AKTSIONERNOE OBSHCHESTVO GRUPPA KREMNII EL	UKRAINE-EO13662] [RUSSIA-EO14024
JOINT STOCK COMPANY INSTITUTE FOR SCIENTIFIC RESEARCH MICROELECTRONIC EQUIPMENT PROGRESS	RUSSIA-EO14024
JOINT STOCK COMPANY VORONEZHSKY FACTORY POLUPROVODNIKOVYKH PRIBOROV-SBORKA	RUSSIA-EO14024
OPEN JOINT STOCK COMPANY SCIENTIFIC AND PRODUCTION ENTERPRISE PULSAR	RUSSIA-EO14024
FEDERAL STATE INSTITUTION FEDERAL SCIENTIFIC CENTER SCIENTIFIC RESEARCH INSTITUTE FOR SYSTEM ANALYSIS OF THE RUSSIAN ACADEMY OF SCIENCES	RUSSIA-EO14024
SKOLKOVO FOUNDATION	UKRAINE-EO13662] [RUSSIA-EO14024
GURYEV, Andrey Grigoryevich	RUSSIA-EO14024
GURYEV, Andrey Andreevich	RUSSIA-EO14024
DZHI AI INVEST OOO	RUSSIA-EO14024
CHLODWIG ENTERPRISES AG	RUSSIA-EO14024
ADORABELLA AG	RUSSIA-EO14024
SKOLKOVO INSTITUTE OF SCIENCE AND TECHNOLOGY	RUSSIA-EO14024
TECHNOPARK SKOLKOVO LIMITED LIABILITY COMPANY	RUSSIA-EO14024
PUMPYANSKIY, Dmitriy Aleksandrovich	RUSSIA-EO14024
MELNICHENKO, Andrey Igorevich	RUSSIA-EO14024
PONOMARENKO, Alexander Anatolevich	RUSSIA-EO14024
KHOLDINGOVAYA KOMPANIYA INTERROS OOO	RUSSIA-EO14024
POTANIN, Vladimir Olegovich	RUSSIA-EO14024
POTANINA, Ekaterina Viktorovna	RUSSIA-EO14024
POTANINA, Anastasia Vladimirovna	RUSSIA-EO14024
NIRVANA	RUSSIA-EO14024
GADZHIEV, Nariman Gadzhievich	RUSSIA-EO14024
KERIMOV, Said Suleymanovich	RUSSIA-EO14024
KERIMOVA, Firuza Nazimovna	RUSSIA-EO14024
KERIMOVA, Amina Suleymanovna	RUSSIA-EO14024
KERIMOVA, Gulnara Suleymanovna	RUSSIA-EO14024
SALVATION COMMITTEE FOR PEACE AND ORDER	RUSSIA-EO14024
STREMOUSOV, Kyrylo Serhiyovych	RUSSIA-EO14024
SALDO, Volodymyr Vasilyovich	RUSSIA-EO14024
YELISEYEV, Sergey Vladimirovich	RUSSIA-EO14024
IVASHCHENKO, Kostyantyn Volodymyrovych	RUSSIA-EO14024
CALDERON RIJO, Jose	ILLICIT-DRUGS-EO14059
FEDERAL STATE INSTITUTION OF HIGHER VOCATIONAL EDUCATION MOSCOW INSTITUTE OF PHYSICS AND TECHNOLOGY	UKRAINE-EO13662] [RUSSIA-EO14024
MMK METALURJI SANAYI TICARET VE LIMAN ISLETMECILIGI ANONIM SIRKETI	RUSSIA-EO14024
AGHA AHMADI, Mohammad	IRGC] [IFSR] [CYBER2
BLUE CACTUS HEAVY EQUIPMENT AND MACHINERY SPARE PARTS TRADING L.L.C.	IRAN-EO13846
FARWELL CANYON HK LIMITED	IRAN-EO13846
SHEKUFEI INTERNATIONAL TRADING CO., LIMITED	IRAN-EO13846
PZNFR TRADING LIMITED	IRAN-EO13846
ZHONGGU STORAGE AND TRANSPORTATION CO., LTD.	IRAN-EO13846
PIONEER SHIPMANAGEMENT PTE. LTD.	IRAN-EO13846
WS SHIPPING CO. LTD.	IRAN-EO13846
GOLDEN WARRIOR SHIPPING CO. LIMITED	IRAN-EO13846
MAHDAVI, Mo'in	IRGC] [IFSR] [CYBER2
RASHIDI-BARJINI, Aliakbar	IRGC] [IFSR] [CYBER2
GLORY HARVEST	IRAN-EO13846
KHATIBI AGHADA, Ahmad	IRGC] [IFSR] [CYBER2
NIKAEEN RAVARI, Amir Hossein	IRGC] [IFSR] [CYBER2
HAJI HOSSEINI, Mostafa	IRGC] [IFSR] [CYBER2
HAJI HOSSEINI, Mojtaba	IRGC] [IFSR] [CYBER2
SHAKERI ASHTIJEH, Mohammad	IRGC] [IFSR] [CYBER2
RIVERA ZAZUETA, Jose Angel	ILLICIT-DRUGS-EO14059
SANTISO AGUILA, Nelton	ILLICIT-DRUGS-EO14059
YANG LOPEZ, Jason Antonio	ILLICIT-DRUGS-EO14059
TWEHWAY, Bill	GLOMAG
CEPHUS, Sayma Syrenius	GLOMAG
MCGILL, Nathaniel	GLOMAG
ALSTONE INVESTMENT AG	RUSSIA-EO14024
CONSTELLATION ADVISORS LTD	RUSSIA-EO14024
ZOLOTOV, Roman Viktorovich	RUSSIA-EO14024
ZOLOTOVA, Zhanna Viktorovna	RUSSIA-EO14024
CHECHIKHIN, Yuriy Valeryevich	RUSSIA-EO14024
OBSHCHESTVO S OGRANICHENNOI OTVETSTVENNOSTYU MARKUS	RUSSIA-EO14024
MISHUSTINA, Vladlena Yuryevna	RUSSIA-EO14024
MISHUSTIN, Aleksey Mikhaylovich	RUSSIA-EO14024
MISHUSTIN, Aleksandr Mikhaylovich	RUSSIA-EO14024
MATVIYENKO, Sergey Vladimirovich	RUSSIA-EO14024
BEGLOVA, Natalya Vladimirovna	RUSSIA-EO14024
BELOVA, Yuliya Aleksandrovna	RUSSIA-EO14024
BEGLOVA, Olga Aleksandrovna	RUSSIA-EO14024
HARIS NIZAR, Mohamad Irshad Mohamad	SDGT
TURKMEN, Musab	SDGT
SINNO ELECTRONICS CO., LIMITED	RUSSIA-EO14024
NOVAK, Aleksandr Valentinovich	RUSSIA-EO14024
MEDVEDEVA, Svetlana Vladimirovna	RUSSIA-EO14024
MEDVEDEV, Ilya Dmitrievich	RUSSIA-EO14024
SHOIGU, Irina Aleksandrovna	RUSSIA-EO14024
SHOIGU, Yuliya Sergeyevna	RUSSIA-EO14024
SHOIGU, Kseniya Sergeyevna	RUSSIA-EO14024
KHOKHLOV, Andrei Vladimirovich	RUSSIA-EO14024
TACO LLC	RUSSIA-EO14024
IVANOV, Vladimir Aleksandrovich	RUSSIA-EO14024
BYZOV, Sergey Vyacheslavovich	RUSSIA-EO14024
GALIN, Dmitrii Vladimirovich	RUSSIA-EO14024
IBRAGIMOV, Turpal-Ali Vakhayevich	RUSSIA-EO14024
TASK FORCE RUSICH	RUSSIA-EO14024
MILCHAKOV, Alexey Yurevich	RUSSIA-EO14024
PETROVSKIY, Yan Igorevich	RUSSIA-EO14024
BARZA STYLE & MODE CO., LIMITED	IRAN-EO13846
BULGAKOV, Sergei Viktorovich	UKRAINE-EO13685
GRAMASHOV, Dmitry Sergeevich	UKRAINE-EO13660] [UKRAINE-EO13685
ERMAKOVA, Mariya Gennadevna	UKRAINE-EO13685
KRYLLO, Pavel Velerevich	UKRAINE-EO13685
AKHMADOVA, Aminat	RUSSIA-EO14024
OPEN JOINT STOCK COMPANY SVETLOGORSKKHIMVOLOKNO	BELARUS-EO14038
15 KHORDAD FOUNDATION	SDGT] [IFSR
SCIENTIFIC-TECHNICAL CENTER FOR ELECTRONIC WARFARE	RUSSIA-EO14024
SARKISYAN, Aleksandr Pavlovich	RUSSIA-EO14024
OAO RADIOAVIONIKA	RUSSIA-EO14024
ZAO NTTS MODUL	RUSSIA-EO14024
KADYROVA, Tabarik Ramzanovna	RUSSIA-EO14024
MILUR ELECTRONICS LLC	RUSSIA-EO14024
SHARP EDGE ENGINEERING INC.	RUSSIA-EO14024
MILUR SA	RUSSIA-EO14024
PAVLYUK, Mikhail Ilyich	RUSSIA-EO14024
PASCHE, Jacques	RUSSIA-EO14024
ROGOV, Volodymyr Valeriyovych	RUSSIA-EO14024
BANDURA, Volodymyr Volodymyrovich	RUSSIA-EO14024
SAULENKO, Oleksandr Fedorovych	RUSSIA-EO14024
ASTANIN, Eddie Vladimirovich	RUSSIA-EO14024
ZHIDKOV, Viktor Olegovich	RUSSIA-EO14024
SKOROBOGATOVA, Olga Nikolaevna	RUSSIA-EO14024
KOMLEV, Vladimir Valerievich	RUSSIA-EO14024
ROTEK ELPOM, LLC	RUSSIA-EO14024
LVOVA-BELOVA, Maria Alexeyevna	RUSSIA-EO14024
ORESHKIN, Maxim Stanislavovich	RUSSIA-EO14024
PAKHNYTS, Valery Mykhailovych	RUSSIA-EO14024
IMPORTADORA JIREH	ILLICIT-DRUGS-EO14059
SUCCESS AVIATION SERVICES FZC	RUSSIA-EO14024
I JET GLOBAL DMCC	RUSSIA-EO14024
SAFIRAN AIRPORT SERVICES	RUSSIA-EO14024
FELIX NUNEZ, Rafael Guadalupe	ILLICIT-DRUGS-EO14059
KHATIB, Esmail	IFSR] [IRAN-HR] [CYBER2
BAHARESTAN KISH COMPANY	NPWMD] [IFSR
HEIDARI, Rahmatollah	NPWMD] [IFSR
PARAVAR PARS COMPANY	NPWMD] [IFSR
DESIGN AND MANUFACTURING OF AERO-ENGINE COMPANY	NPWMD] [IFSR
AMANOLLAHI, Manouchehr	IRAN-HR
REZAEI, Qasem	IRAN-HR
GHOREISHI, Seyed Hojatollah	NPWMD] [IFSR] [IRAN-CON-ARMS-EO
VIRGO MARINE	IRAN-EO13846
JSC ACADEMICIAN M.F. RESHETNEV INFORMATION SATELLITE SYSTEMS	UKRAINE-EO13662] [RUSSIA-EO14024
JOINT STOCK COMPANY ROSSIYSKIYE KOSMICHESKIYE SISTEMY	UKRAINE-EO13662] [RUSSIA-EO14024
LIMITED LIABILITY COMPANY YADRO FAB DUBNA	RUSSIA-EO14024
LIMITED LIABILITY COMPANY GROUP OF COMPANIES AKVARIUS	RUSSIA-EO14024
JOINT STOCK COMPANY RESEARCH AND PRODUCTION ASSOCIATION NAMED AFTER S. A. LAVOCHKINA	UKRAINE-EO13662] [RUSSIA-EO14024
FEDERAL STATE FINANCED INSTITUTION OF SCIENCE PHYSICAL HIGHER EDUCATION INSTITUTION NAMED AFTER P. N. LEBEDEVA OF THE RUSSIAN FEDERATION ACADEMY SCIENCES	RUSSIA-EO14024
FEDERAL RESEARCH CENTER INSTITUTE OF APPLIED PHYSICS OF THE RUSSIAN ACADEMY OF SCIENCES	RUSSIA-EO14024
FEDERAL STATE FINANCED INSTITUTION OF SCIENCE HIGHER EDUCATION INSTITUTION SPECTROSCOPY OF THE RUSSIAN FEDERATION ACADEMY OF SCIENCES	RUSSIA-EO14024
L.D. LANDAU INSTITUTE FOR THEORETICAL PHYSICS OF RUSSIAN ACADEMY OF SCIENCES	RUSSIA-EO14024
FEDERAL STATE FINANCED INSTITUTION OF SCIENCE PHYSICS AND TECHNOLOGY INSTITUTE NAMED AFTER A. F. IOFFE OF THE RUSSIAN FEDERATION ACADEMY OF SCIENCES	RUSSIA-EO14024
FEDERAL STATE FINANCED INSTITUTION OF SCIENCE PHYSICS AND TECHNOLOGY INSTITUTE NAMED AFTER K. A. VALIEVA OF THE RUSSIAN FEDERATION ACADEMY OF SCIENCES	RUSSIA-EO14024
JOINT STOCK COMPANY RESEARCH AND DEVELOPMENT ENTERPRISE RADIOSVYAZ	RUSSIA-EO14024
JOINT STOCK COMPANY ANGSTREM	UKRAINE-EO13662] [RUSSIA-EO14024
SPECIALIZED ENGINEERING AND DESIGN BUREAU OF ELECTRONIC SYSTEMS JOINT STOCK COMPANY	RUSSIA-EO14024
JOINT STOCK COMPANY PRODUCTION ASSOCIATION SEVER	RUSSIA-EO14024
JOINT STOCK COMPANY RESEARCH AND DEVELOPMENT ENTERPRISE SAPFIR	RUSSIA-EO14024
ARZATE GARCIA, Alfonso	ILLICIT-DRUGS-EO14059
ARZATE GARCIA, Rene	ILLICIT-DRUGS-EO14059
LIMITED LIABILITY COMPANY KROKUS NANOELEKTRONIKA	RUSSIA-EO14024
JOINT STOCK COMPANY ELEMENT	RUSSIA-EO14024
KAJMAKOVIC, Diana	BALKANS-EO14033
JOINT STOCK COMPANY INSTITUTE FOR SCIENTIFIC RESEARCH ELEKTRONNOY TEKHNIKI	RUSSIA-EO14024
BAIKAL ELECTRONICS JSC	RUSSIA-EO14024
ELVEES RESEARCH AND DEVELOPMENT CENTER JSC	RUSSIA-EO14024
JSC MOSCOW CENTER OF SPARC TECHNOLOGIES	RUSSIA-EO14024
MULTICLET CORPORATION	RUSSIA-EO14024
JSC ADDITIVE TECHNOLOGIES CENTER	RUSSIA-EO14024
JOINT STOCK COMPANY RESEARCH CENTER ELINS	RUSSIA-EO14024
JSC SCIENTIFIC AND TECHNICAL CENTER ZASLON	RUSSIA-EO14024
JOINT STOCK COMPANY INSTITUTE FOR SCIENTIFIC RESEARCH VYCHISLITELNYKH KOMPLEKSOV NAMED AFTER M. A. KARTSEVA	RUSSIA-EO14024
RZHANOV INSTITUTE OF SEMICONDUCTOR PHYSICS SIBERIAN BRANCH OF RUSSIAN ACADEMY OF SCIENCES	RUSSIA-EO14024
JOINT VENTURE QUANTUM TECHNOLOGIES	RUSSIA-EO14024
INTERNATIONAL CENTER FOR QUANTUM OPTICS AND QUANTUM TECHNOLOGIES LIMITED LIABILITY COMPANY	RUSSIA-EO14024
BALYTSKYI, Yevhen Vitaliiovych	RUSSIA-EO14024
OCHOA VILLAGRAN, Erick Manuel	ILLICIT-DRUGS-EO14059
SELIVANOV, Oleksiy Sergeevich	RUSSIA-EO14024
SIGUTA, Andriy Leonidovich	RUSSIA-EO14024
TITSKIY, Anton Robertovich	RUSSIA-EO14024
TROFIMOV, Andriy Yuriovych	RUSSIA-EO14024
RODIKOV, Mikhail Leonidovich	RUSSIA-EO14024
BESPALOV, Vladimir Aleksandrovich	RUSSIA-EO14024
KOLTSOV, Anton Viktorovich	RUSSIA-EO14024
FILIPCHUK, Pavlo Ihorovych	RUSSIA-EO14024
SAMOILENKO, Mykyta Ivanovich	RUSSIA-EO14024
EMELIANENKO, Viktor Andriyovych	RUSSIA-EO14024
TUMILINA, Tetyana Yuriivna	RUSSIA-EO14024
SHELESTENKO, Hennadiy Oleksandrovych	RUSSIA-EO14024
KOBETS, Oleksandr Yuriyovych	RUSSIA-EO14024
SEMENCHEV, Ihor Ihorovych	RUSSIA-EO14024
KUZ'MYCH, Tetyana Oleksandrivna	RUSSIA-EO14024
CHEREVKO, Serhiy Mykolayovych	RUSSIA-EO14024
MYINT, Aung Moe	BURMA-EO14014
DYNASTY INTERNATIONAL COMPANY LIMITED	BURMA-EO14014
THITSAR, Myo	BURMA-EO14014
HEIDARI, Kiyumars	IRAN-HR
ABNOUSH, Salar	IRAN-HR
IRAN'S MORALITY POLICE	IRAN-HR
MIRZAEI, Haj Ahmad	IRAN-HR
ROSTAMI CHESHMEH GACHI, Mohammad	IRAN-HR
SALAD, Mohamed Hussein	SDGT
SOBYANINA, Olga Sergeevna	RUSSIA-EO14024
ERSHOVA, Anna Sergeevna	RUSSIA-EO14024
RAPOPORT, Boris Yakovlevich	RUSSIA-EO14024
AKOYA GAS	IRAN-EO13846
IRAN CHEMICAL INDUSTRIES INVESTMENT COMPANY PUBLIC JOINT STOCK	IRAN-EO13846
MIDDLE EAST KIMIYA PARS CO.	IRAN-EO13846
ML HOLDING GROUP LIMITED	IRAN-EO13846
TIBALAJI PETROCHEM PRIVATE LIMITED	IRAN-EO13846
SIERRA VISTA TRADING LIMITED	IRAN-EO13846
SOPHYCHEM HK LIMITED	IRAN-EO13846
CLARA SHIPPING LLC	IRAN-EO13846
JEERI, Abdullahi	SDGT
ADALE, Khalif	SDGT
AFGOOYE, Hassan	SDGT
GAGAALE, Abdikarim Hussein	SDGT
NUREY, Abdirahman	SDGT
BADAAS, Mohamed Ali	SDGT
PUBLIC JOINT STOCK COMPANY BANK URALSIB	UKRAINE-EO13662] [RUSSIA-EO14024
MATAAN, Ahmed Hasan Ali Sulaiman	SDGT
ARCHAGA CARIAS, Yulan Adonay	TCO
CAMPBELL LICONA, David Elias	TCO
NEW EASTERN SHIPPING CO LTD	DPRK4
CHEN, Shih Huan	DPRK4
ANFASAR TRADING S PTE. LTD.	DPRK4
SWANSEAS PORT SERVICES PTE. LTD.	DPRK4
SAMAD, Abdi	SDGT
BELOUSOV, Andrey Removich	RUSSIA-EO14024
BELOZYOROV, Oleg Valentinovich	RUSSIA-EO14024
CHERNYSHENKO, Dmitriy Nikolaevich	RUSSIA-EO14024
FRANK, Sergey Ottovich	RUSSIA-EO14024
SAZANOV, Aleksey Valerevich	RUSSIA-EO14024
LA NUEVA FAMILIA MICHOACANA	FTO] [SDGT] [ILLICIT-DRUGS-EO14059
HURTADO OLASCOAGA, Johnny	SDGT] [ILLICIT-DRUGS-EO14059
HURTADO OLASCOAGA, Jose Alfredo	SDGT] [ILLICIT-DRUGS-EO14059
SDM-BANK PUBLIC JOINT STOCK COMPANY	UKRAINE-EO13662] [RUSSIA-EO14024
GAO, Qi	GLOMAG] [UHRPA
MAJID, Vahid Mohammad Naser	IRAN-TRA
ZAREPOUR, Eisa	IRAN-TRA
NEJAT, Hossein	IRGC] [IFSR] [IRAN-HR
SAJEDINIA, Hossein	IRAN-HR
RAHIMI, Hossein	IRAN-HR
JAVANI, Yadollah	IRGC] [IFSR] [IRAN-HR
GENERAL DIRECTORATE OF MINES	NICARAGUA
PLAHOTNIUC, Vladimir	GLOMAG
SERVICIOS ADMINISTRATIVOS FORDTWOO, S.A. DE C.V.	ILLICIT-DRUGS-EO14059
CORPORATIVO TITLE I, S.A. DE C.V.	ILLICIT-DRUGS-EO14059
CORPORATIVO TS BUSINESS INC, S.A. DE C.V.	ILLICIT-DRUGS-EO14059
INTEGRACION BADEVA, S.A. DE C.V.	ILLICIT-DRUGS-EO14059
JM PROVIDERS OFFICE, S.A. DE C.V.	ILLICIT-DRUGS-EO14059
PROMOTORA VALLARTA ONE, S.A. DE C.V.	ILLICIT-DRUGS-EO14059
TS BUSINESS CORPORATIVO, S.A. DE C.V.	ILLICIT-DRUGS-EO14059
RECSERVI, S.A. DE C.V.	ILLICIT-DRUGS-EO14059
JON, Il Ho	DPRK2
YU, Jin	DPRK2
KIM, Su Gil	DPRK2
KOREA PAEKHO TRADING CORPORATION	DPRK2
CHILSONG TRADING CORPORATION	DPRK2
KOSOV, Nikolay Nikolayevich	RUSSIA-EO14024
POTAPOV, Georgy Nugzarovich	RUSSIA-EO14024
MIRE, Mohamed	SDGT
JIIS, Yasir	SDGT
NUROW, Yusuf Ahmed Hajji	SDGT
'ATO, Mustaf	SDGT
ADEN, Mohamoud Abdi	SDGT
OREKHOV, Yury Yuryevich	RUSSIA-EO14024
NDA NORD-DEUTSCHE INDUSTRIEANLAGENBAU GMBH	RUSSIA-EO14024
OPUS ENERGY TRADING LLC	RUSSIA-EO14024
K2016212771 SOUTH AFRICA PTY LTD	SDGT
ASHIQ JEWELLERS CC	SDGT
SULTAN'S CONSTRUCTION CC	SDGT
SHAAHISTA SHOES CC	SDGT
BAKR, Osama Abdelmongy Abdalla	SDGT
AKBAR, Nufael	SDGT
AKBAR, Yunus Mohamad	SDGT
AKBAR, Mohamad	SDGT
AKBAR, Umar	SDGT
HJ BANNISTER CONSTRUCTION CC	SDGT
MA GOLD TRADERS PTY LTD	SDGT
BAILEY HOLDINGS PTY LTD	SDGT
FLEXOSEAL WATERPROOFING SOLUTIONS PTY LTD	SDGT
ORGANIC DISTRICT B.V.	ILLICIT-DRUGS-EO14059
PEIJNENBURG, Alex Adrianus Martinus	ILLICIT-DRUGS-EO14059
DE KONING, Martinus Pterus Henrikus	ILLICIT-DRUGS-EO14059
KING TRADE B.V.	ILLICIT-DRUGS-EO14059
BEST SPORT COMPANY	ILLICIT-DRUGS-EO14059
GREEN DISTRICT B.V.	ILLICIT-DRUGS-EO14059
A.A.M. PEIJNENBURG HOLDING B.V.	ILLICIT-DRUGS-EO14059
BEST SPORT COMPANY B.V	ILLICIT-DRUGS-EO14059
GRIMM, Matthew Simon	ILLICIT-DRUGS-EO14059
NATURAL GIFTS B.V.	ILLICIT-DRUGS-EO14059
ERJM LIMITED	ILLICIT-DRUGS-EO14059
SHOR, Ilan Mironovich	RUSSIA-EO14024
SHOR, Sara Lvovna	RUSSIA-EO14024
SHOR PARTY	RUSSIA-EO14024
LAMBERT, Joseph	ILLICIT-DRUGS-EO14059
KHIABANI, Hossein Modarres	IRAN-HR
SHAFAHI, Ahmad	IRGC] [IFSR] [IRAN-HR
SEWA SECURITY SERVICES	CAR] [RUSSIA-EO14024
MOSTAFAVI, Seyed Mojtaba	HRIT-IR
RAVIN ACADEMY	HRIT-IR
KARIMI, Farzin	HRIT-IR
OMAR, Abdirahman Mohamed	SDGT
SHAHED AVIATION INDUSTRIES RESEARCH CENTER	NPWMD] [IRGC] [IFSR
CELESTIN, Rony	ILLICIT-DRUGS-EO14059
FOURCAND, Herve	ILLICIT-DRUGS-EO14059
ADEN, Mahad Isse	SDGT
YUSUF, Isse Mohamoud	SDGT
MOHAMED, Liibaan Yousuf	SDGT
ISSE MOHAMUD, Abdirahman Fahiye	SDGT
QAHIYE, Mohamed Ahmed	SDGT
OMAR, Ahmed Haji Ali Haji	SDGT
SAMANE GOSTAR SAHAB PARDAZ PRIVATE LIMITED COMPANY	IRAN-TRA
KAZEMI, Mohammad	IRGC] [IFSR] [IRAN-HR] [HOSTAGES-EO14078
NILFORUSHAN, Abbas	IRGC] [IFSR] [IRAN-HR
ARTEMOV, Viktor Sergiyovich	SDGT
ZAHEDI, Rouzbeh	SDGT
RI, Sok	DPRK3
YAN, Zhiyong	DPRK3
NAFRIEH, Edman	SDGT
EL ZEIN, Mohamed	SDGT
FARZADI, Hedayat	IRAN-HR
AVA PETROLEUM SERVICES S.A.	SDGT
PETRO NAVIERO PTE. LTD.	SDGT
CENTRUM MARITIME PTE. LTD.	SDGT
ENERGOTRADE PLUS DMCC	SDGT
INTREPID NAVIGATORS S.A.	SDGT
RISING TIDE SHIPPING CORP.	SDGT
MONUMONT SHIP MANAGEMENT LIMITED	SDGT
AL-GHAIB, Seyyed Heshmatollah Hayat	IRAN-HR
PASANDIDEH, Heidar	IRAN-HR
FATHI, Murad	IRAN-HR
HARBOUR SHIP MANAGEMENT LIMITED	SDGT
EXPANSE SHIP MANAGEMENT LIMITED	SDGT
BLUE BERRI SHIPPING INC.	SDGT
PIRI, Morteza	IRAN-HR
GILDA TAR KARVAN INTERNATIONAL COMPANY	SDGT
B LUMINOSA	SDGT
ZEPHYR I	SDGT
BOCEANICA	SDGT
RAIN DROP	SDGT
SKY AVIATOR COMPANY LIMITED	BURMA-EO14014
OO, Kyaw Min	BURMA-EO14014
ADISA	SDGT
SAINT LIGHT	SDGT
KHOSRAVI, Mohammad Hossein	IRAN-HR
FAZZONE, Gregorio	SDGT
AL HAKEEL AL ASWAD OIL TRADING LLC	SDGT
PONTUS NAVIGATION CORP.	SDGT
TRITON NAVIGATION CORP.	SDGT
TECHNOLOGY BRIGHT INTERNATIONAL LIMITED	SDGT
AZUL VISTA SHIPPING CORPORATION	SDGT
VISTA CLARA SHIPPING CORPORATION	SDGT
BUSHEHR PRISON	CAATSA - IRAN
OSTAD, Mohammad Reza	CAATSA - IRAN
MIRHEYDARY, Mohammad Reza	CAATSA - IRAN
OFFICER'S UNION FOR INTERNATIONAL SECURITY	CAR] [RUSSIA-EO14024
KRATOL AVIATION	CAR
IVANOV, Aleksandr Aleksandrovich	CAR
ZAKHAROV, Valery Nikolayevich	CAR
DJUMA, Abbas	RUSSIA-EO14024
SRABIONOV, Tigran Khristoforovich	RUSSIA-EO14024
UTELIZ RESOURCES CO., LIMITED	IRAN-EO13846
ASIAN ZONE TRADING L.L.C	IRAN-EO13846
GALAXY PETROCHEMICAL FZE	IRAN-EO13846
NEWTON TRADING FZE	IRAN-EO13846
SUM FIVE PETROCHEMICALS TRADING L.L.C	IRAN-EO13846
LATORTUE, Youri	ILLICIT-DRUGS-EO14059
VOLFOVICH, Alexander	RUSSIA-EO14024
MONCH GENERAL TRADING L.L.C.	IRAN-EO13846
ACCESS TECHNOLOGY TRADING L.L.C	IRAN-EO13846
HIGHLINE LOGISTIC HK LIMITED	IRAN-EO13846
HONG KONG AEONIAN COMPLEX CO., LIMITED	IRAN-EO13846
ZHEJIANG WONDER IMP. AND EXP. CO., LTD.	IRAN-EO13846
TORGAN CO., LIMITED	IRAN-EO13846
EAST ASIA TRADING IMPORT AND EXPORT TRADE CO., LTD.	IRAN-EO13846
MPUNGA, Sandra	GLOMAG
FOSSIL AGRO	GLOMAG
FOSSIL CONTRACTING	GLOMAG
CHIMUKA, Obey	GLOMAG
KUDRYAKOV, Dmitry	GLOMAG
NOROOZI, Ahmad	IRAN-EO13846
JEBELLI, Peyman	IRAN-EO13846
BARMAHANI, Mohsen	IRAN-EO13846
POURANVARI, Yoosef	IRAN-EO13846
REZVANI, Ali	IRAN-EO13846
ZABIHPOUR, Ameneh Sadat	IRAN-EO13846
CISNEROS HERNANDEZ, Jesus	ILLICIT-DRUGS-EO14059
MANSOUR, Adel Mohamad	SDGT
AL-KHOBARA FOR ACCOUNTING, AUDITING, AND STUDIES	SDGT
THE AUDITORS FOR ACCOUNTING AND AUDITING	SDGT
NESER, Naser Hassan	SDGT
QUIBOLOY, Apollo Carreon	GLOMAG
OSANLOO, Mohammad Taghi	IRGC] [IFSR] [IRAN-HR
MORADI, Alireza	IRAN-HR
ASGARI, Hassan	IRGC] [IFSR] [IRAN-HR
SEREDA, Marina Konstantinovna	RUSSIA-EO14024
MEHMOOD, Osama	SDGT
GHOURI, Atif Yahya	SDGT
MARUF, Muhammad	SDGT
DEROJI, Mufti Hazrat	SDGT
ANDREEV, Pavel Viktorovich	RUSSIA-EO14024
BORISOV, Igor Borisovich	RUSSIA-EO14024
KOLYUSHIN, Yevgeny Ivanovich	RUSSIA-EO14024
KURDIUMOV, Aleksandr Borisovich	RUSSIA-EO14024
LEVICHEV, Nikolay Vladimirovich	RUSSIA-EO14024
LOPATIN, Anton Igorevich	RUSSIA-EO14024
MAZUREVSKII, Konstantin Sergeevich	RUSSIA-EO14024
MARKINA, Liudmila Leonidovna	RUSSIA-EO14024
KHAIMOURZINA, Elmira Abdulbarievna	RUSSIA-EO14024
SHEVCHENKO, Yevgeny Aleksandrovich	RUSSIA-EO14024
SHUTOV, Andrey Yurievich	RUSSIA-EO14024
EBZEEV, Boris Safarovich	RUSSIA-EO14024
NESTEROV, Oleg Yuryevich	RUSSIA-EO14024
KIM, Yevgeniy Radionovich	RUSSIA-EO14024
CONDE, Alpha	GLOMAG
MONGUSH, Ochur-Suge Terimovich	RUSSIA-EO14024
ZAITSEVA, Lyudmila Nikolaevna	RUSSIA-EO14024
KHALIL, Hassan	SDGT
MINISTRY OF STATE SECURITY BORDER GUARD GENERAL BUREAU	DPRK2
KEITA, Karim	GLOMAG
KONIJANE STRATEGIC MARKETING	GLOMAG
WU, Yingjie	GLOMAG
ZHANG, Hongbo	GLOMAG
CASTRO RAMIREZ, Conan Tonathiu	GLOMAG
CASTRO, Oscar Rolando	GLOMAG
VARGAS MORALES, Jorge Estuardo	GLOMAG
CHANG NAVARRO, Luis Alfonso	GLOMAG
RODRIGUEZ REYES, Allan Estuardo	GLOMAG
KOUCHAKZAEI, Ebrahim	IRAN-HR
KARAM AZIZI, ALLAH	GLOMAG
JAVIDAN, Ali Akbar	GLOMAG
LLC RESEARCH & PRODUCTION ENTERPRISE PRIMA	RUSSIA-EO14024
FEDERAL STATE UNITARY ENTERPRISE SCIENTIFIC AND PRODUCTION ENTERPRISE GAMMA	RUSSIA-EO14024
OKB SPEKTR OOO	RUSSIA-EO14024
OPEN JOINT STOCK COMPANY ILYENKO ELARA RESEARCH AND PRODUCTION COMPLEX	RUSSIA-EO14024
UGLOV, Andrey Aleksandrovich	RUSSIA-EO14024
JSC AVIACON ZITOTRANS	RUSSIA-EO14024
RA-76842	RUSSIA-EO14024
RA-76502	RUSSIA-EO14024
RA-76846	RUSSIA-EO14024
RA-78765	RUSSIA-EO14024
PRIVATE MILITARY COMPANY REDUT	RUSSIA-EO14024
JOINT STOCK COMPANY NATIONAL AVIATION SERVICE COMPANY	RUSSIA-EO14024
NOVIKOV, Yan Valentinovich	RUSSIA-EO14024
LUSHNIKOV, Alan Valeryevich	RUSSIA-EO14024
LIMITED LIABILITY COMPANY TKKH-INVEST	RUSSIA-EO14024
RUSSIAN AEROSPACE FORCES	IRAN-CON-ARMS-EO] [RUSSIA-EO14024
924TH STATE CENTER FOR UAV AVIATION	IRAN-CON-ARMS-EO] [RUSSIA-EO14024
COMMAND OF THE MILITARY TRANSPORT AVIATION	IRAN-CON-ARMS-EO] [RUSSIA-EO14024
KORDEX JOINT STOCK COMPANY	RUSSIA-EO14024
RYABINOVAYA OOO	RUSSIA-EO14024
LIMITED LIABILITY COMPANY VTB INFRASTRUCTURE INVESTMENTS	RUSSIA-EO14024
JOINT STOCK COMPANY VTB DEVELOPMENT	RUSSIA-EO14024
OBSHCHESTVO S OGRANICHENNOI OTVETSTVENNOSTYU VTB SYRYEVYE TOVARY KHOLDING	RUSSIA-EO14024
KINOATIS LLC	DPRK3
MEGACOM LIMITED LIABILITY COMPANY	RUSSIA-EO14024
KIM, Myong Chol	DPRK3
LIMITED LIABILITY COMPANY VTB COMMERCIAL FINANCE	RUSSIA-EO14024
EVERLASTING EMPIRE LIMITED	DPRK3
OBSHCHESTVO S OGRANICHENNOI OTVETSTVENNOSTYU PROEKT	RUSSIA-EO14024
TIAN FANG HONG KONG HOLDINGS LIMITED	DPRK3
YANCHENG THREE LINE ONE POINT ANIMATION CO., LTD.	DPRK3
VB-SERVICE COMPANY LIMITED	RUSSIA-EO14024
QUANZHOU YIYANGJIN IMPORT AND EXPORT TRADE CO., LTD.	DPRK3
FUJIAN NANAN IMPORT AND EXPORT CORPORATION	DPRK3
OBSHCHESTVO S OGRANICHENNOI OTVETSTVENNOSTYU DOLGOVOI TSENTR	RUSSIA-EO14024
JOINT STOCK COMPANY CITYBIKE	RUSSIA-EO14024
ITC CONSULTANTS CYPRUS LIMITED	RUSSIA-EO14024
NAAJI, Ali Ahmed	SOMALIA
JAMAME BROTHERS COMPANY	SOMALIA
EMBASSY DEVELOPMENT LIMITED	RUSSIA-EO14024
ABDI, Abdulwahab Noor	SOMALIA
AL NEZAM AL ASASY GENERAL TRADING L.L.C	SOMALIA
FEI, Yiren	ILLICIT-DRUGS-EO14059
AO URAL CIVIL AVIATION FACTORY	RUSSIA-EO14024
JOINT STOCK COMPANY RESEARCH AND PRODUCTION CONCERN BARL	RUSSIA-EO14024
NIKOLAYEV, Aysen Sergeyevich	RUSSIA-EO14024
KUVSHINNIKOV, Oleg Aleksandrovich	RUSSIA-EO14024
NIKOLAYEV, Oleg Alekseyevich	RUSSIA-EO14024
NIKITIN, Andrey Sergeyevich	RUSSIA-EO14024
VOROBYEV, Andrey Yuryevich	RUSSIA-EO14024
VOROBYEV, Maxim Yuryevich	RUSSIA-EO14024
TRAVNIKOV, Andrey Aleksandrovich	RUSSIA-EO14024
AMEREUS GROUP PTE LTD	RUSSIA-EO14024
OSTROVSKIY, Alexey Vladimirovich	RUSSIA-EO14024
STAROVOYT, Roman Vladimirovich	RUSSIA-EO14024
BOCHAROV, Andrey Ivanovich	RUSSIA-EO14024
MOOR, Aleksandr Viktorovich	RUSSIA-EO14024
TEKSLER, Aleksey Leonidovich	RUSSIA-EO14024
TOMENKO, Viktor Petrovich	RUSSIA-EO14024
KHABIROV, Radiy Faritovich	RUSSIA-EO14024
UYBA, Vladimir Viktorovich	RUSSIA-EO14024
ALEKSEENKO, Andrey Anatolevich	RUSSIA-EO14024
GARKUSHA, Gennadiy Oleksandrovych	RUSSIA-EO14024
BOBRYSHEV, Volodymyr Mykhailovych	RUSSIA-EO14024
GLADKOV, Vyacheslav Vladimirovich	RUSSIA-EO14024
GOLUBEV, Vasiliy Yuryevich	RUSSIA-EO14024
AVDEYEV, Aleksandr Aleksandrovich	RUSSIA-EO14024
MINISTRY OF EMERGENCY SITUATIONS OF THE DONETSK PEOPLE'S REPUBLIC	RUSSIA-EO14024
LIPANDIN, Volodymyr Vitalyovych	RUSSIA-EO14024
DROZDENKO, Aleksandr Yuryevich	RUSSIA-EO14024
ALIKHANOV, Anton Andreyevich	RUSSIA-EO14024
KUYVASHEV, Evgeniy Vladimirovich	RUSSIA-EO14024
ARTAMONOV, Igor Georgiyevich	RUSSIA-EO14024
USS, Alexander Viktorovich	RUSSIA-EO14024
BOGOMAZ, Aleksandr Vasilyevich	RUSSIA-EO14024
PASLER, Denis Vladimirovich	RUSSIA-EO14024
GUSEV, Alexander Viktorovich	RUSSIA-EO14024
USS, Artem Alexandrovich	RUSSIA-EO14024
VLADIMIROV, Vladimir Vladimirovich	RUSSIA-EO14024
EGOROV, Maksim Borisovich	RUSSIA-EO14024
ARTYUKHOV, Dmitriy Andreevich	RUSSIA-EO14024
AZAROV, Dmitriy Igorevich	RUSSIA-EO14024
JOINT STOCK COMPANY CONCERN CENTRAL INSTITUTE FOR SCIENTIFIC RESEARCH ELEKTROPRIBOR	RUSSIA-EO14024
HOSSEINI, Seyed Sadegh	IRGC] [IRAN-HR
MOEIN, Moslem	IRAN-HR
MAROUFI, Hossein	IRGC] [IRAN-HR
HASSANZADEH, Hassan	IRGC] [IRAN-HR
MONTAZERI, Mohammad Jafar	IRAN-HR
IMEN SANAT ZAMAN FARA COMPANY	IRAN-HR
CONCERN MORINFORMSYSTEM AGAT JOINT STOCK COMPANY	RUSSIA-EO14024
JOINT STOCK COMPANY BATTERY COMPANY RIGEL	RUSSIA-EO14024
TECHNOPOLE COMPANY	RUSSIA-EO14024
JOINT STOCK COMPANY CONCERN AVRORA SCIENTIFIC AND PRODUCTION ASSOCIATION	RUSSIA-EO14024
JOINT STOCK COMPANY CENTRAL RESEARCH INSTITUTE OF MARINE ENGINEERING	RUSSIA-EO14024
MARINE BRIDGE AND NAVIGATION SYSTEMS LTD	RUSSIA-EO14024
JOINT STOCK COMPANY OBUKHOVSKOYE	RUSSIA-EO14024
FEDERAL STATE UNITARY ENTERPRISE CENTRAL RESEARCH INSTITUTE OF STRUCTURAL MATERIALS PROMETEY NAMED BY I.V. GORYNIN OF NATIONAL RESEARCH CENTER KURCHATOV INSTITUTE	RUSSIA-EO14024
P.P. SHIRSHOV INSTITUTE OF OCEANOLOGY OF THE RUSSIAN ACADEMY OF SCIENCES	RUSSIA-EO14024
HWANG, Kil Su	DPRK4
ZAMUDIO LERMA, Ludim	ILLICIT-DRUGS-EO14059
ZAMUDIO IBARRA, Ludim	ILLICIT-DRUGS-EO14059
ZAMUDIO LERMA, Luis Alfonso	ILLICIT-DRUGS-EO14059
FLORES MADRID, Luis Gerardo	ILLICIT-DRUGS-EO14059
ARREDONDO BELTRAN, Jose Santana	ILLICIT-DRUGS-EO14059
ACEROS Y REFACCIONES DEL HUMAYA, S.A. DE C.V.	ILLICIT-DRUGS-EO14059
FARMACIA LUDIM	ILLICIT-DRUGS-EO14059
GRUPO ZAIT, S.A. DE C.V.	ILLICIT-DRUGS-EO14059
INMOBILIARIA DEL RIO HUMAYA, S.A. DE C.V.	ILLICIT-DRUGS-EO14059
OPERADORA DEL HUMAYA, S.A. DE C.V.	ILLICIT-DRUGS-EO14059
OPERADORA PARQUE ALAMEDAS, S. DE R.L. DE C.V.	ILLICIT-DRUGS-EO14059
AL-KHATUNI, Abd Al Hamid Salim Ibrahim Ismail Brukan	SDGT
WADI ALRRAFIDAYN FOR FOODSTUFFS	SDGT
SHAM EXPRESS	SDGT
AL-KHATUNI, Umar Abdul Hamid Salim Brukan	SDGT
AL-KHATUNI, Muhammad Abdul Hamid Salim Brukan	SDGT
AL-JUBURI, Lu'ay Jasim Hammadi	SDGT
DAMAVANDIAN, Ghassem	NPWMD] [IFSR] [IRAN-CON-ARMS-EO
KHAKI, Reza	NPWMD] [IFSR
SHARIFI-TEHRANI, Hamidreza	NPWMD] [IFSR
NIYAZI-ANGILI, Majid Reza	NPWMD] [IFSR
ARLANIZADEH, Vali	NPWMD] [IFSR
SIAVASH, Nader Khoon	NPWMD] [IFSR
MINING ENTERPRISE NO 1	BURMA-EO14014
ZIMENKOV, Igor Vladimirovich	RUSSIA-EO14024
MACHADO TORRES, Ernesto	ILLICIT-DRUGS-EO14059
JOINT STOCK COMPANY TERRA TECH	RUSSIA-EO14024
CHANGSHA TIANYI SPACE SCIENCE AND TECHNOLOGY RESEARCH INSTITUTE CO. LTD	RUSSIA-EO14024
SPACETY LUXEMBOURG S.A.	RUSSIA-EO14024
AUNG, Htun	BURMA-EO14014
GBD LIMITED	RUSSIA-EO14024
MATEAS LIMITED	RUSSIA-EO14024
SWE, Hla	BURMA-EO14014
KLIOSA LIMITED	RUSSIA-EO14024
U-STONE LIMITED EOOD	RUSSIA-EO14024
PIFLAKS, Maks Borisovich	RUSSIA-EO14024
ZIMENKOV, Jonatan	RUSSIA-EO14024
GMI GLOBAL MANUFACTURING & INTEGRATION LTD	RUSSIA-EO14024
VFC SOLUTIONS LTD	RUSSIA-EO14024
PALNYCHENKO, Igor	RUSSIA-EO14024
PITARON LIMITED	RUSSIA-EO14024
TERRA-AZ LIMITED	RUSSIA-EO14024
VOLFOVICH, Stanislav	RUSSIA-EO14024
VOLFOVICH, Ariel	RUSSIA-EO14024
D.E.S. DEFENSE ENGINEERING SOLUTIONS LTD	RUSSIA-EO14024
ASIA TRADING & CONSTRUCTION PTE LTD	RUSSIA-EO14024
NG, Serena Bee Lin	RUSSIA-EO14024
TEXEL F.C.G. TECHNOLOGY 2100 LTD	RUSSIA-EO14024
BLATS, Marks	RUSSIA-EO14024
ELEKTROOPTIKA SIA	RUSSIA-EO14024
MIN, Aung	BURMA-EO14014
MOUKALLED, Hassan Ahmed	SDGT
MOUKALLED, Rayyan Hassan	SDGT
MOUKALLED, Rani Hassan	SDGT
CTEX EXCHANGE	SDGT
LEBANESE COMPANY FOR INFORMATION AND STUDIES SARL	SDGT
LEBANESE COMPANY FOR PUBLISHING, MEDIA, AND RESEARCH	SDGT
MANTUROV, Denis Valentinovich	RUSSIA-EO14024
LIMITED LIABILITY COMPANY KALEIDOSKOP	RUSSIA-EO14024
ADONEV, Sergei Nikolaevich	RUSSIA-EO14024
BEZRUKIKH, Dmitriy Nikolaevich	RUSSIA-EO14024
ANATTA	RUSSIA-EO14024
LIMITED LIABILITY COMPANY CHARTER GREEN LIGHT MOSCOW	RUSSIA-EO14024
S5-SAD	RUSSIA-EO14024
ADONYEV, Filipp Sergeevich	RUSSIA-EO14024
AKTSIONERNOYE OBSHCHESTVO DALNEVOSTOCHNYY TSENTR SUDOSTROYENIYA I SUDOREMONTA	RUSSIA-EO14024
ADONYEV, Luka Sergeevich	RUSSIA-EO14024
AKTSIONERNOYE OBSHCHESTVO TSENTR SUDOREMONTA DALZAVOD	RUSSIA-EO14024
GOSTEV, Arkadiy Aleksandrovich	RUSSIA-EO14024
BUROV, Andrey Vladimirovich	RUSSIA-EO14024
AKTSIONERNOYE OBSHCHESTVO SEVERO-VOSTOCHNYY REMONTNYY TSENTR	RUSSIA-EO14024
MALYAREVICH, Aleksei Alekseevich	RUSSIA-EO14024
PRIME SECURITY AND DEVELOPMENT	RUSSIA-EO14024
MK INTERROS INVEST	RUSSIA-EO14024
BATEKHIN, Sergey Leonidovich	RUSSIA-EO14024
AFRICA POLITOLOGY	RUSSIA-EO14024
WHITELEAVE HOLDINGS LIMITED	RUSSIA-EO14024
SALTCLIFF TRADING LIMITED	RUSSIA-EO14024
INTERNATIONAL LIMITED LIABILITY COMPANY INTERROS CAPITAL	RUSSIA-EO14024
AKTSIONERNOYE OBSHCHESTVO DALNEVOSTOCHNYY ZAVOD ZVEZDA	RUSSIA-EO14024
AKTSIONERNOYE OBSHCHESTVO 179 SUDOREMONTNYY ZAVOD	RUSSIA-EO14024
AKTSIONERNOYE OBSHCHESTVO 30 SUDOREMONTNYY ZAVOD	RUSSIA-EO14024
OBSHCHESTVO S ORGANICHENNOY OTVETSTVENNOSTYU DALNEVOSTOCHNYY PROEKTNYY INSTITUT VOSTOKPROEKTVERF	RUSSIA-EO14024
AKTSIONERNOYE OBSHCHESTVO VLADIVOSTOKSKOYE PREDPRIYATIE ELEKTRORADIOAVTIMATIKA	RUSSIA-EO14024
AKTSIONERNOYE OBSHCHESTVO TSENTRALNOYE KONSTRUKTORSKOYE BYURO LAZURIT	RUSSIA-EO14024
OO, Myo Myint	BURMA-EO14014
TANAVAR, Hossein	IRGC] [IRAN-HR
FADA, Mojtaba	IRGC] [IRAN-HR
RASHEDI, Naser	IRAN-HR
ASIABANI, Kourosh	IRGC] [IRAN-HR] [CAATSA - IRAN
AZIMI, Mohammad Nazar	IRGC] [IRAN-HR] [CAATSA - IRAN
NOROUZI, Aliasghar	IRGC] [IRAN-HR
KARIMI, Ahmad	IRGC] [IRAN-HR
ALA'ODDINI, Yahya	IRGC] [IRAN-HR
TABATABAI, Seyyed Aminollah Emami	IRGC] [IRAN-HR
BABAMORADI, Jamal	IRGC] [IRAN-HR
VELAZQUEZ MORENO, Hugo Adalberto	GLOMAG
UNION ELECTION COMMISSION	BURMA-EO14014
MINING ENTERPRISE NO 2	BURMA-EO14014
TAY ZA, Htoo Htwe	BURMA-EO14014
ILISHKIN, Ulan Vladimirovich	RUSSIA-EO14024
NAZAROVA, Alina Olegovna	RUSSIA-EO14024
SEDLETSKI, Valery	CYBER2
MALAS MANAS	TCO
IRIS MAKRAN	IRAN
IRIS DENA	IRAN
PUBLIC JOINT STOCK COMPANY MTS BANK	UKRAINE-EO13662] [RUSSIA-EO14024
GACANIN, Edin	ILLICIT-DRUGS-EO14059
SHAMSABADI, Hossein	NPWMD] [IFSR
NAZERI, Abualfazl	NPWMD] [IFSR
VALAGOHAR, Abulghasem	NPWMD] [IFSR
ASADI, Mohsen	NPWMD] [IFSR
MOUSA, Mohammad Sadegh Heidari	NPWMD] [IRGC] [IFSR
MOHAMMADI, Mohammad Reza	NPWMD] [IFSR
SALEHNEJAD, Abulfazl	NPWMD] [IFSR
AMIR KABIR PETROCHEMICAL COMPANY	IRAN-EO13846
SIMORGH PETROCHEMICAL COMPANY	IRAN-EO13846
ASIA FUEL PTE. LTD.	IRAN-EO13846
SENSE SHIPPING AND TRADING SDN. BHD.	IRAN-EO13846
UNICIOUS ENERGY PTE. LTD.	IRAN-EO13846
LALEH PETROCHEMICAL COMPANY	IRAN-EO13846
MARUN TADBIR TINA COMPANY	IRAN-EO13846
MARUN SEPEHR OFOGH COMPANY	IRAN-EO13846
MARUN SUPPLEMENTAL INDUSTRIES COMPANY	IRAN-EO13846
OGAZON SEDANO, Mario Esteban	ILLICIT-DRUGS-EO14059
URBANIZACION, INMOBILIARIA Y CONSTRUCCION DE OBRAS, S.A. DE C.V.	ILLICIT-DRUGS-EO14059
VAKHROMEYEV, Ivan Vasilyevich	CYBER2
KOVALEV, Vitaly Nikolayevich	CYBER2
CONFIDERI PTE LTD	RUSSIA-EO14024
SAVELOV, Marat Maratovich	RUSSIA-EO14024
VEND ORE GMBH	RUSSIA-EO14024
IC VELES CAPITAL LLC	RUSSIA-EO14024
VELES AKTIV OOO	RUSSIA-EO14024
VELES MANAGEMENT LTD	RUSSIA-EO14024
LIMITED LIABILITY COMPANY VELES TRUST	RUSSIA-EO14024
GNEDOVSKII, Aleksei Dmitrievich	RUSSIA-EO14024
MALINOV, Nikolay Simeonov	GLOMAG
LIMITED LIABILITY COMPANY AFORRA MANAGEMENT	RUSSIA-EO14024
UDODOV, Aleksandr Yevgenyevich	RUSSIA-EO14024
LIMITED LIABILITY COMPANY AFORRA DEVELOPMENT	RUSSIA-EO14024
KURBANOV, Nurmurad	BELARUS-EO14038
STELLA LEONE LIMITED	BELARUS-EO14038
INTER TRADE 2021 EOOD	GLOMAG
MS KONSULT 2016 EOOD	GLOMAG
HERNANDEZ SALAS TRANSNATIONAL CRIMINAL ORGANIZATION	TCO
RUSSOPHILES NATIONAL MOVEMENT	GLOMAG
HOTELERA LOPEZ MATEOS S.A. DE C.V.	TCO
RUSSOPHILES FOR THE REVIVAL OF THE FATHERLAND POLITICAL PARTY	GLOMAG
PUBLIC JOINT STOCK COMPANY STOCK COMMERCIAL BANK METALLURGICAL INVESTMENT BANK	RUSSIA-EO14024
GORANOV, Vladislav Ivanov	GLOMAG
BANK ZENIT PUBLIC JOINT STOCK COMPANY	UKRAINE-EO13662] [RUSSIA-EO14024
OOO ZENIT FINANCE	RUSSIA-EO14024
TRILEMMA CONSULTING LTD EOOD	GLOMAG
OOO ZENIT LEASING	RUSSIA-EO14024
OOO ZENIT FACTORING MSP	RUSSIA-EO14024
OVCHAROV, Rumen Stoyanov	GLOMAG
LIMITED LIABILITY COMPANY AFORRA ENGINEERING	RUSSIA-EO14024
NIKOLOV, Aleksandar Hristov	GLOMAG
LIMITED LIABILITY COMPANY GARANTIYA	RUSSIA-EO14024
GENOV, Ivan Kirov	GLOMAG
LIMITED LIABILITY COMPANY MUSHROOM RAINBOW	RUSSIA-EO14024
LIMITED LIABILITY COMPANY NIKOLIYA	RUSSIA-EO14024
LIMITED LIABILITY COMPANY AFORRA PROPERTY	RUSSIA-EO14024
LIMITED LIABILITY COMPANY AKTIV R	RUSSIA-EO14024
LIMITED LIABILITY COMPANY ARENDOFF	RUSSIA-EO14024
LIMITED LIABILITY COMPANY ATLAS REAL ESTATE	RUSSIA-EO14024
LIMITED LIABILITY COMPANY AYAKS	RUSSIA-EO14024
LIMITED LIABILITY COMPANY NEW CITY	RUSSIA-EO14024
LIMITED LIABILITY COMPANY OPTIMA INVEST	RUSSIA-EO14024
LIMITED LIABILITY COMPANY RUSSUL	RUSSIA-EO14024
LIMITED LIABILITY COMPANY STORK	RUSSIA-EO14024
LEADING CAPITAL INVESTMENT LTD	RUSSIA-EO14024
AVRORA CAPITAL SRO	RUSSIA-EO14024
CALIBER WEALTH MANAGEMENT LTD	RUSSIA-EO14024
RODRIGUEZ AGUIRRE, Mary Cruz	ILLICIT-DRUGS-EO14059
NACER AGENCIA PANAMERICANA DE DIVISAS Y CENTRO CAMBIARIO, S.A. DE C.V.	ILLICIT-DRUGS-EO14059
UMATEX JOINT-STOCK COMPANY	RUSSIA-EO14024
UVICOM LTD	RUSSIA-EO14024
UMATEX GROUP EUROPE S.R.O.	RUSSIA-EO14024
ZAVOD ULGERODNYKH I KOMPOZITSIONNYKH MATERIALOV	RUSSIA-EO14024
ARGON OOO	RUSSIA-EO14024
JOINT STOCK COMPANY PREPREG ADVANCED COMPOSITE MATERIALS	RUSSIA-EO14024
LIMITED LIABILITY COMPANY ALABUGA-FIBRE	RUSSIA-EO14024
LIMITED LIABILITY COMPANY PREPREG-DUBNA	RUSSIA-EO14024
JOINT STOCK COMPANY RESEARCH INSTITUTE OF GRAPHITE-BASED MATERIALS NIIGRAFIT	RUSSIA-EO14024
JOINT STOCK COMPANY THE URALS SCIENTIFIC RESEARCH INSTITUTE OF COMPOSITE MATERIALS	RUSSIA-EO14024
PERM SCIENTIFIC RESEARCH TECHNOLOGICAL INSTITUTE	RUSSIA-EO14024
MTSENSKPROKAT	RUSSIA-EO14024
POPOV, Yegor Sergeyevich	RUSSIA-EO14024
STAR SAPPHIRE GROUP OF COMPANIES	BURMA-EO14014
JOINT STOCK COMMERCIAL BANK PRIMORYE	UKRAINE-EO13662] [RUSSIA-EO14024
INDEPENDENT INSURANCE GROUP LTD	RUSSIA-EO14024
GLOBAL MARINE SHIP MANAGEMENT CO., LTD.	IRAN-EO13846
BUSHEHR PETROCHEMICAL COMPANY	IRAN-EO13846
SHANGHAI XUANRUN SHIPPING COMPANY LIMITED	IRAN-EO13846
SHIRAZ PETROCHEMICAL COMPANY	IRAN-EO13846
GOLDEN LOTUS OIL GAS AND REAL ESTATE JOINT STOCK COMPANY	IRAN-EO13846
DOLPHIN	IRAN-EO13846
LAUREN	IRAN-EO13846
GOLDEN BRIDGE	IRAN-EO13846
GOLDEN PHOENIX	IRAN-EO13846
JAMAICA	IRAN-EO13846
GOLDEN LIGHT 09	IRAN-EO13846
GAS CATHAR	IRAN-EO13846
YONG XIANG 29	IRAN-EO13846
FOREVER RICH	IRAN-EO13846
YONG XIN	IRAN-EO13846
LIANG SHENG	IRAN-EO13846
JOINT STOCK COMPANY COMMERCIAL BANK LANTA BANK	RUSSIA-EO14024
FULL STAR	IRAN-EO13846
AMIAS	IRAN-EO13846
LENSKAYA, Elena Anatolievna	GLOMAG
FORWARD SYSTEMS, R&DC	RUSSIA-EO14024
METALLURG-TULAMASH OOO	RUSSIA-EO14024
ZADACHIN, Andrei Andreevich	GLOMAG
MIKHEEV, Danila Yurievich	GLOMAG
LIMITED LIABILITY COMPANY MAXTECH	RUSSIA-EO14024
LIMITED LIABILITY COMPANY PROMTEKHEKSPERT	RUSSIA-EO14024
PSV TECHNOLOGIES LLC	RUSSIA-EO14024
ESHSTRUT, Anastasiya Olegovna	RUSSIA-EO14024
SAFONOV, Maksim Valeryevich	RUSSIA-EO14024
PETROV, Sergei Valentinovich	RUSSIA-EO14024
GLOBAL VISINESS PTE. LTD.	IRAN-EO13846
GOLDENIX CO., LIMITED	IRAN-EO13846
NINGBO MORE INTEREST I/E CO., LTD.	IRAN-EO13846
HK SIHAI YINGTONG INDUSTRY CO., LIMITED	IRAN-EO13846
HONGKONG CANWAY CO., LIMITED	IRAN-EO13846
JIN XIN NUO TRADING LIMITED	IRAN-EO13846
BANK SAINT-PETERSBURG PUBLIC JOINT STOCK COMPANY	UKRAINE-EO13662] [RUSSIA-EO14024
NOVOSIBIRSK SOCIAL COMMERCIAL BANK LEVOBEREZHNY PUBLIC JOINT STOCK COMPANY	RUSSIA-EO14024
DUTTA, Surya Visesh	RUSSIA-EO14024
SUBRAMANIAM, Sharda	RUSSIA-EO14024
MAVASAL IMPEX PRIVATE LIMITED	RUSSIA-EO14024
INNOEDGE CLOUDSERVE PRIVATE LIMITED	RUSSIA-EO14024
TPZ-RONDOL OOO	RUSSIA-EO14024
JOINT STOCK COMPANY CENTRAL SCIENTIFIC RESEARCH INSTITUTE BUREVESTNIK	RUSSIA-EO14024
MELIKAL FOR MEDICAL & MEDICINE TRADING CO., LIMITED	IRAN-EO13846
NAAB KIMYA DIS TICARET LIMITED SIRKETI	IRAN-EO13846
HERSTEL TRADING LIMITED	IRAN-EO13846
HORRYZIN INTERNATIONAL TRADE CO., LIMITED	IRAN-EO13846
ALBAHR ALAAHMAR OFFSHORE REFINED OIL PRODUCT TRADING L.L.C	IRAN-EO13846
PAK, Hwa Song	DPRK4
CONGO ACONDE SARL	DPRK4
MORETTI, Walter	RUSSIA-EO14024
MUELLER, Markus Gerhard	RUSSIA-EO14024
KOLLER, Bruno	RUSSIA-EO14024
SWISSTEC 3D AKUS AG	RUSSIA-EO14024
COSMAN, Ronald Eric	RUSSIA-EO14024
TAERIO INTERNATIONAL LTD EOOD	RUSSIA-EO14024
INTERPOLYTRADE LIMITED COMPANY	RUSSIA-EO14024
TAMYNA AG	RUSSIA-EO14024
SCHOMMER, Lutwin	RUSSIA-EO14024
MORETTI, Svetlana Alekseyevna	RUSSIA-EO14024
ALBAHR ALAAHMAR ENERGY FZE	IRAN-EO13846
TAERIO LIMITED	RUSSIA-EO14024
TAMYNA FZE	RUSSIA-EO14024
TAMIMED	RUSSIA-EO14024
STRATTON INVESTMENT GROUP LTD	RUSSIA-EO14024
LONGFORD TRADING L.L.C	IRAN-EO13846
NASHVILLE HK LIMITED	IRAN-EO13846
MAIN COMPUTATION CENTER OF THE GENERAL STAFF OF THE ARMED FORCES OF THE RUSSIAN FEDERATION	RUSSIA-EO14024
VOSTOCHNAYA VERF JOINT STOCK COMPANY	RUSSIA-EO14024
NORD TRADING L.L.C	IRAN-EO13846
SALITA TRADE LIMITED	IRAN-EO13846
SHAMS ALRABEEA CHEMICALS TRADING L.L.C	IRAN-EO13846
AL KASHAF PETROLEUM AND PETROCHEMICAL TRADING L.L.C	IRAN-EO13846
UNITE RESOURCES CO., LIMITED	IRAN-EO13846
QI GROUP LIMITED	IRAN-EO13846
UNIVEST LIMITED	IRAN-EO13846
MULTI WELL TRADING CO., LIMITED	IRAN-EO13846
BAVI GENERAL TRADING CO L.L.C	IRAN-EO13846
MASLOV, Ivan Aleksandrovich	RUSSIA-EO14024
MARAFI INTERNATIONAL TRADING CO., LIMITED	IRAN-EO13846
SPARROW TRADING FZE	IRAN-EO13846
GREENLAND OIL & GAS TRADING FZE	IRAN-EO13846
LOWELL LIMITED	IRAN-EO13846
DRAGON TRADING LIMITED	IRAN-EO13846
THE JOINT STOCK COMPANY STATE RESEARCH CENTER OF THE RUSSIAN FEDERATION TROITSK INSTITUTE FOR INNOVATION AND FUSION RESEARCH	RUSSIA-EO14024
ENERGOSPECMONTAZH JSC	RUSSIA-EO14024
TREST ROSSPETSENERGOMONTAZH OOO	RUSSIA-EO14024
ALLIANCE ENERGY PVT. LIMITED	IRAN-EO13846
ALSHIVAN LINE TRADING FZE	IRAN-EO13846
HONGKONG WELL INTERNATIONAL TRADING LIMITED	IRAN-EO13846
JOINT STOCK COMPANY MOSCOW ORDER OF THE RED BANNER OF LABOR RESEARCH RADIO ENGINEERING INSTITUTE	RUSSIA-EO14024
BORDO PLASTIC MATERIALS TRADING L.L.C	IRAN-EO13846
DAYAN GLOBAL TRADE DIS TICARET ITHALAT IHRACAT SANAYI VE TICARET LIMITED SIRKETI	IRAN-EO13846
FAIRTRADE NON EDIBLE OIL AND LIQUEFIED NATURAL GAS TRADING L.L.C	IRAN-EO13846
FAMIN FZE	IRAN-EO13846
ORLOV, Vasiliy Aleksandrovich	RUSSIA-EO14024
FORABEN TRADING LIMITED	IRAN-EO13846
MEHR PETROCHEMICAL COMPANY	IRAN-EO13846
TSYBULSKIY, Aleksandr Vitalevich	RUSSIA-EO14024
BABUSHKIN, Igor Yuryevich	RUSSIA-EO14024
KAMBIZ NABIZADEH AND PARTNERS EXCHANGE	IRAN-EO13846
TSYDENOV, Aleksey Sambuyevich	RUSSIA-EO14024
KOPIN, Roman Valentinovich	RUSSIA-EO14024
MELIKOV, Sergey Alimovich	RUSSIA-EO14024
KALIMATOV, Makhmud-Ali Maksharipovich	RUSSIA-EO14024
KOBZEV, Igor Ivanovich	RUSSIA-EO14024
VOSKRESENSKIY, Stanislav Sergeyevich	RUSSIA-EO14024
DESYATOVA, Natalya Leonidovna	RUSSIA-EO14024
SKABEYEVA, Olga Vladimirovna	RUSSIA-EO14024
JOINT STOCK COMPANY VOTKINSKIY ZAVOD	RUSSIA-EO14024
OPEN JOINT STOCK COMPANY CORPORATION NOVOSIBIRSK PLANT ELEKTROSIGNAL	RUSSIA-EO14024
CLOSED JOINT STOCK COMPANY SPECIAL CONSTRUCTION BUREAU	RUSSIA-EO14024
GOLIKOVA, Tatyana Alekseyevna	RUSSIA-EO14024
KHRISTENKO, Viktor Borisovich	RUSSIA-EO14024
LIMITED LIABILITY COMPANY STK	RUSSIA-EO14024
JOINT STOCK COMPANY MARINE ARCTIC GEOLOGICAL EXPEDITION	RUSSIA-EO14024
LIMITED LIABILITY COMPANY GOLFESTEIT	RUSSIA-EO14024
BORISOV, Igor Vladimirovich	RUSSIA-EO14024
LIMITED LIABILITY COMPANY LAIFINVEST	RUSSIA-EO14024
MATYTSIN, Oleg Vasilyevich	RUSSIA-EO14024
LIMITED LIABILITY COMPANY ANTELS	RUSSIA-EO14024
RUSSIAN FEDERAL NUCLEAR CENTER - ZABABAKHIN ALL-RUSSIA RESEARCH INSTITUTE OF TECHNICAL PHYSICS	UKRAINE-EO13662] [RUSSIA-EO14024
KAZAKOVA, VALENTINA LVOVNA	RUSSIA-EO14024
KOKOV, Kazbek Valeryevich	RUSSIA-EO14024
MAGOMEDOV, Magomedsalam Magomedaliyevich	RUSSIA-EO14024
KOTYAKOV, Anton Olegovich	RUSSIA-EO14024
ALL-RUSSIAN SCIENTIFIC RESEARCH INSTITUTE OF EXPERIMENTAL PHYSICS	RUSSIA-EO14024
LLC SPETSAVIA	RUSSIA-EO14024
KHASIKOV, Batu Sergeyevich	RUSSIA-EO14024
FALKOV, Valeriy Nikolayevich	RUSSIA-EO14024
SHAPSHA, Vladislav Valeryevich	RUSSIA-EO14024
FEDERAL STATE UNITARY ENTERPRISE DUKHOV AUTOMATICS RESEARCH INSTITUTE	UKRAINE-EO13662] [RUSSIA-EO14024
JOINT STOCK COMPANY LENMORNIIPROEKT	RUSSIA-EO14024
SHULGINOV, Nikolay Grigorevich	RUSSIA-EO14024
MAIN DIRECTORATE OF DEEP SEA RESEARCH	UKRAINE-EO13662] [RUSSIA-EO14024
LYUBIMOVA, Olga Borisovna	RUSSIA-EO14024
KOZLOV, Aleksandr Aleksandrovich	RUSSIA-EO14024
JOINT STOCK COMPANY OPERATING ORGANIZATION OF ZAPORIZHZHYA NPP	RUSSIA-EO14024
ZHOGA, Artem Vladimirovich	RUSSIA-EO14024
ROMANENKO, Oleg Evgenievich	RUSSIA-EO14024
CHEKUNKOV, Aleksey Olegovich	RUSSIA-EO14024
SOLODOV, Vladimir Viktorovich	RUSSIA-EO14024
SPARTA BATTALION	RUSSIA-EO14024
SHADAYEV, Maksut Igorevich	RUSSIA-EO14024
TEMREZOV, Rashid Borispievich	RUSSIA-EO14024
SOKOLOV, Aleksandr Valentinovich	RUSSIA-EO14024
PARFENCHIKOV, Artur Olegovich	RUSSIA-EO14024
KURENKOV, Aleksandr Vyacheslavovich	RUSSIA-EO14024
POLA HARITA	RUSSIA-EO14024
ZAYTSEV, Yuriy Viktorovich	RUSSIA-EO14024
TSIVILEV, Sergey Evgenyevich	RUSSIA-EO14024
DEGTYAREV, Mikhail Vladimirovich	RUSSIA-EO14024
KONOVALOV, Valentin Olegovich	RUSSIA-EO14024
FEDERAL STATE UNITARY ENTERPRISE FEDERAL CENTER OF DUAL TECHNOLOGIES SOYUZ	RUSSIA-EO14024
MALKOV, Pavel Viktorovich	RUSSIA-EO14024
MILEKHIN, Yuriy Mikhailovich	RUSSIA-EO14024
BUSARGIN, Roman Viktorovich	RUSSIA-EO14024
KLYCHKOV, Andrey Evgenyevich	RUSSIA-EO14024
MAZUR, Vladimir Vladimirovich	RUSSIA-EO14024
MAKHONIN, Dmitriy Nikolayevich	RUSSIA-EO14024
EVRAEV, Mikhail Yakovlevich	RUSSIA-EO14024
JOINT STOCK COMPANY ARGUS HOLDING	RUSSIA-EO14024
SUROVIKINA, Anna Borisovna	RUSSIA-EO14024
JOINT STOCK COMPANY ARGUS SFK	RUSSIA-EO14024
LIMITED LIABILITY COMPANY ISKUSSTVO KRASOTY	RUSSIA-EO14024
LIMITED LIABILITY COMPANY RUDNIY	RUSSIA-EO14024
BRECHALOV, Aleksandr Vladimirovich	RUSSIA-EO14024
RUSSKIKH, Aleksey Yurevich	RUSSIA-EO14024
KHOVALYG, Vladislav Tovarishchtayovich	RUSSIA-EO14024
KOZHEMYAKO, Oleg Nikolayevich	RUSSIA-EO14024
LIMITED LIABILITY COMPANY ASTRAKOM	RUSSIA-EO14024
CLOSED JOINT STOCK COMPANY NORSI TRANS	RUSSIA-EO14024
VEDERNIKOV, Mikhail Yuryevich	RUSSIA-EO14024
CLOSED JOINT STOCK COMPANY RSK TECHNOLOGIES	RUSSIA-EO14024
LIMARENKO, Valeriy Igorevich	RUSSIA-EO14024
OVCHINNIKOV, Sergei Anatolyevich	RUSSIA-EO14024
MOSKOVSKY, Alexander Aleksandrovich	RUSSIA-EO14024
OSIPOV, Aleksandr Mikhaylovich	RUSSIA-EO14024
KHOROKHORDIN, Oleg Leonidovich	RUSSIA-EO14024
LLC TITAN-AVANGARD	RUSSIA-EO14024
RUDENYA, Igor Mikhaylovich	RUSSIA-EO14024
KUMPILOV, Murat Karalbiyevich	RUSSIA-EO14024
SHMELEV, Alexey Borisovich	RUSSIA-EO14024
BOTLIKH RADIO PLANT LIMITED LIABILITY COMPANY	RUSSIA-EO14024
POLA RAIZ OOO	RUSSIA-EO14024
KOMAROVA, Natalya Vladimirovna	RUSSIA-EO14024
SITNIKOV, Sergey Konstantinovich	RUSSIA-EO14024
LIMITED LIABILITY COMPANY RSK LABS	RUSSIA-EO14024
STATE UNITARY ENTERPRISE STATE GRAIN OPERATOR	RUSSIA-EO14024
BUSEL, Nikita Petrovich	RUSSIA-EO14024
POLA DUDINKA	RUSSIA-EO14024
POLA SEVASTIANA	RUSSIA-EO14024
POLA MAKARIA	RUSSIA-EO14024
POLA FILOFEIA	RUSSIA-EO14024
POLA SOFIA	RUSSIA-EO14024
POLA FEODOSIA	RUSSIA-EO14024
POLA FIVA	RUSSIA-EO14024
POLA ANATOLIA	RUSSIA-EO14024
POLA ANFISA	RUSSIA-EO14024
POLA GALI	RUSSIA-EO14024
PUBLIC JOINT STOCK COMPANY ZAVOD TULA	RUSSIA-EO14024
OOO TAIMYRNEFTEGAZ-PORT	RUSSIA-EO14024
KAZANSKII OPTIKO-MEKHANICHESKII ZAVOD AO	RUSSIA-EO14024
JOINT STOCK COMPANY ENIKS	RUSSIA-EO14024
POLA MIROPIA	RUSSIA-EO14024
ASTROL-1	RUSSIA-EO14024
KONDRATYEV, Veniamin Ivanovich	RUSSIA-EO14024
SHUMKOV, Vadim Mikhailovich	RUSSIA-EO14024
NOSOV, Sergey Konstantinovich	RUSSIA-EO14024
MELNICHENKO, Oleg Vladimirovich	RUSSIA-EO14024
ZDUNOV, Artem Alekseyevich	RUSSIA-EO14024
CHIBIS, Andrey Vladimirovich	RUSSIA-EO14024
BEZDUDNIY, Yuriy Vasilevich	RUSSIA-EO14024
NIKITIN, Gleb Sergeyevich	RUSSIA-EO14024
BURKOV, Aleksandr Leonidovich	RUSSIA-EO14024
LIMITED LIABILITY COMPANY CITADEL	RUSSIA-EO14024
CHEREPENNIKOV, Anton Andreyevich	RUSSIA-EO14024
LIMITED LIABILITY COMPANY HOLDING INTELLIGENT COMPUTER SYSTEMS	RUSSIA-EO14024
LIMITED LIABILITY COMPANY OSNOVA LAB	RUSSIA-EO14024
LIMITED LIABILITY COMPANY MALVIN SYSTEMS	RUSSIA-EO14024
LIMITED LIABILITY COMPANY MFI SOFT	RUSSIA-EO14024
LIMITED LIABILITY COMPANY TEKHARGOS	RUSSIA-EO14024
LIMITED LIABILITY COMPANY SIGNATEK	RUSSIA-EO14024
LIMITED LIABILITY COMPANY BASTION	RUSSIA-EO14024
LIMITED LIABILITY COMPANY ADM SYSTEMS	RUSSIA-EO14024
LIMITED LIABILITY COMPANY GARDA TECHNOLOGIES	RUSSIA-EO14024
LIMITED LIABILITY COMPANY SCIENTIFIC AND PRODUCTION COMPANY TEKHINKOM	RUSSIA-EO14024
HANGZHOU FUYANG KOTO MACHINERY CO., LTD	NPWMD] [IFSR
KNS GROUP OOO	RUSSIA-EO14024
JSC SCIENTIFIC AND PRODUCTION COMPANY KRYPTONIT	RUSSIA-EO14024
GUILIN ALPHA RUBBER & PLASTICS TECHNOLOGY CO., LTD	NPWMD] [IFSR
S&C TRADE PTY CO., LTD	NPWMD] [IFSR
YUAN, Yun Xia	NPWMD] [IFSR
POLA PELAGIA	RUSSIA-EO14024
ALEKSANDR SOKOLOV	RUSSIA-EO14024
POLA ANASTASIA	RUSSIA-EO14024
SHENZHEN CASPRO TECHNOLOGY CO., LTD	NPWMD] [IFSR
POLA MARIA	RUSSIA-EO14024
POLA YAROSLAVA	RUSSIA-EO14024
RAVEN INTERNATIONAL TRADE LIMITED	NPWMD] [IFSR
POLA VARVARA	RUSSIA-EO14024
POLA AGATA	RUSSIA-EO14024
POLA ALEXIA	RUSSIA-EO14024
POLA MARINA	RUSSIA-EO14024
AVERYANOV, Yuriy Timofeyevich	RUSSIA-EO14024
RAZINKIN, Anatoliy Vyacheslavovich	RUSSIA-EO14024
GLOTREASURE COMPANY LIMITED	IRAN-EO13846
SUKHODOLOV, Aleksei Borisovich	RUSSIA-EO14024
PARDO ESPINO, Eduardo	ILLICIT-DRUGS-EO14059
BESTHINGS, S.A. DE C.V.	ILLICIT-DRUGS-EO14059
PRODUZIONI PECA, S. DE R.L. DE C.V.	ILLICIT-DRUGS-EO14059
RH LITMAN, S. DE R.L. DE C.V.	ILLICIT-DRUGS-EO14059
SERVICIOS ADMINISTRATIVOS DANTWOO, S.A. DE C.V.	ILLICIT-DRUGS-EO14059
SOCIEDAD SPA PENINSULA, S. DE R.L. DE C.V.	ILLICIT-DRUGS-EO14059
TARDENCILLA RODRIGUEZ, Nadia Camila	NICARAGUA
RODRIGUEZ MEJIA, Ernesto Leonel	NICARAGUA
SVIRIDENKO, Oleg Mikhailovich	RUSSIA-EO14024
KOZLOV, Ilya Pavlovich	RUSSIA-EO14024
MISHCHENKO, Diana Igorevna	RUSSIA-EO14024
LATT, Tun Min	BURMA-EO14014
SOE, Win Min	BURMA-EO14014
STAR SAPPHIRE GROUP PTE. LTD.	BURMA-EO14014
STAR SAPPHIRE TRADING COMPANY LIMITED	BURMA-EO14014
AMIRI, Mahdi	IRAN-EO13846
NAJI PAS COMPANY	IRAN-HR
ASGHARIAN, Reza	IRAN-HR
ROTHSCHUH ANDINO, Octavio Ernesto	NICARAGUA
NAJI PARS AMIN INSTITUTE	IRAN-HR
ABDOLLAHINEJAD, Bahram	IRAN-HR
ENTEBAGH GOSTAR SEPEHR COMPANY	IRAN-HR
RAMEZANIAN SANI, Gholamreza	IRAN-HR
SHAHSAVARI, Habib	IRGC] [IRAN-HR
CHAHARMAHALI, Ali	IRAN-HR
BAKHSHI, Dariush	IRAN-HR
MOUSAVI, Sayyed Abdolrahim	IRAN-HR
ROMAN FLORES, Luis Eduardo	TCO
SALAZAR BALLESTEROS, Joel Alexandro	TCO
HULM AL SAHRA ELECTRIC DEVICES TRADING	RUSSIA-EO14024
SUZHOU XIAOLI PHARMATECH CO., LTD	ILLICIT-DRUGS-EO14059
WANG, Hongfei	ILLICIT-DRUGS-EO14059
YAO, Huatao	ILLICIT-DRUGS-EO14059
WUHAN SHUOKANG BIOLOGICAL TECHNOLOGY CO., LTD	ILLICIT-DRUGS-EO14059
WU, Yaqin	ILLICIT-DRUGS-EO14059
GUO, Chunyan	ILLICIT-DRUGS-EO14059
ASIA SUN GROUP	BURMA-EO14014
MEHMEDAGIC, Osman	BALKANS-EO14033
OPEN JOINT STOCK COMPANY MINSK AUTOMOBILE PLANT	BELARUS-EO14038
OPEN JOINT STOCK COMPANY BELARUSIAN AUTOMOBILE PLANT	BELARUS-EO14038
OPEN JOINT STOCK COMPANY BYELORUSSIAN STEEL WORKS MANAGEMENT COMPANY OF HOLDING BYELORUSSIAN METALLURGICAL COMPANY	BELARUS-EO14038
MATVEEV, Mikhail Pavlovich	CYBER2
NIKIFOROVICH, Sergei Olegovich	BELARUS-EO14038
GUO, Ruiguang	ILLICIT-DRUGS-EO14059
GUO, Yunnian	ILLICIT-DRUGS-EO14059
YOULI TECHNOLOGY DEVELOPMENT CO., LTD.	ILLICIT-DRUGS-EO14059
YASON GENERAL MACHINERY CO., LTD.	ILLICIT-DRUGS-EO14059
YASON ELECTRONICS TECHNOLOGY CO., LIMITED	ILLICIT-DRUGS-EO14059
TDPMOLDS	ILLICIT-DRUGS-EO14059
YANTAI YIXUN INTERNATIONAL TRADE CO., LTD.	ILLICIT-DRUGS-EO14059
YANTAI MEI XUN TRADE CO., LTD.	ILLICIT-DRUGS-EO14059
ZHAO, Dongdong	ILLICIT-DRUGS-EO14059
PAN, Hao	ILLICIT-DRUGS-EO14059
EW-001PA	BELARUS-EO14038
KORCHIK, Dmitry Aleksandrovich	BELARUS-EO14038
IVANKOVICH, Valery Valerievich	BELARUS-EO14038
SEQUOIA TREUHAND TRUST REG	RUSSIA-EO14024
OEHRI, Roland	RUSSIA-EO14024
AEROMOTUS UNMANNED AERIAL VEHICLES TRADING LLC	RUSSIA-EO14024
GIGER, Markus Jakob	RUSSIA-EO14024
OSTROWSKY, Alexander	RUSSIA-EO14024
DEFENSE TECHNOLOGY AND SCIENCE RESEARCH CENTER	NPWMD] [IFSR
PAIDAR, Amanallah	NPWMD] [IFSR
FARAZAN INDUSTRIAL ENGINEERING, INC.	NPWMD] [IFSR
BUKEY, Murat	NPWMD] [IFSR
KAZIKAEV, Valery Dzhekovich	RUSSIA-EO14024
OZONE HAVACILIK VE SAVUNMA SANAYI TICARET ANONIM SIRKETI	NPWMD] [IFSR
KTH GROUP SPOL SRO	RUSSIA-EO14024
STRESHINSKIY, Vladimir Yakovlevich	RUSSIA-EO14024
PLATIFINO LIMITED	RUSSIA-EO14024
MAHMOUDI, Asghar	NPWMD] [IFSR
SELIN TECHNIC CO	NPWMD] [IFSR
THE SISTER TRUST	RUSSIA-EO14024
ISMAILOVA, Gulbakhor Burkhanovna	RUSSIA-EO14024
POMEROL CAPITAL SA	RUSSIA-EO14024
ALMENOR HOLDINGS LIMITED	RUSSIA-EO14024
KLARET AVIATION LIMITED	RUSSIA-EO14024
NAVIS MARINE LIMITED	RUSSIA-EO14024
WINDFEL PROPERTIES LIMITED	RUSSIA-EO14024
SAVOLER DEVELOPMENT LIMITED	RUSSIA-EO14024
MIRAMONTE INVESTMENTS LIMITED	RUSSIA-EO14024
SOMMEN SECRETARIAL SERVICES LIMITED	RUSSIA-EO14024
HERNANDEZ SANCHEZ, Federico	TCO
VINER, Natan Adadievich	RUSSIA-EO14024
GKR UK OOO	RUSSIA-EO14024
GKR OOO	RUSSIA-EO14024
GKR NEDVIZHIMOST OOO	RUSSIA-EO14024
RODINA STROI GRUPP OOO	RUSSIA-EO14024
GRUPPA RODINA OOO	RUSSIA-EO14024
INVESTITSIONNAYA GRUPPA PARTNERY OOO	RUSSIA-EO14024
ASIA SUN TRADING CO. LTD.	BURMA-EO14014
CARGO LINK PETROLEUM LOGISTICS CO. LTD.	BURMA-EO14014
GENESIS MARKET	CYBER2
GONZALEZ VILLEGAS, Ian Jassiel	ILLICIT-DRUGS-EO14059
GOMEZ ARIAS, Luis Lorenzo	ILLICIT-DRUGS-EO14059
ATLANTIC DIAMOND GROUP, S.A. DE C.V.	ILLICIT-DRUGS-EO14059
LELO DE LARREA VENTIMILLA, Horacio Edmundo	ILLICIT-DRUGS-EO14059
PADILLA ZARATE, Clemente	ILLICIT-DRUGS-EO14059
RIVAS SANCHEZ, Pedro	ILLICIT-DRUGS-EO14059
ASESORES Y PROMOTORES ACG, S.A. DE C.V.	ILLICIT-DRUGS-EO14059
BUSSINES CORPORATIVO T SERVICE INC, S.A. DE C.V.	ILLICIT-DRUGS-EO14059
CONSTRUCTORES B2, S.A. DE C.V.	ILLICIT-DRUGS-EO14059
CORPORATIVO BUSSINES MX INSIDER, S.A. DE C.V.	ILLICIT-DRUGS-EO14059
CORPORATIVO SOPORTE LEGAL RECOVERY, S.A. DE C.V.	ILLICIT-DRUGS-EO14059
NT INSURANCE CORPORATIVO, S.A. DE C.V.	ILLICIT-DRUGS-EO14059
RESGUARDO DE VALORES Y SERVICIOS INTEGRALES RSVI, S.A. DE C.V.	ILLICIT-DRUGS-EO14059
T SERVICE BUSSINES INC, S.A. DE C.V.	ILLICIT-DRUGS-EO14059
AL-ASSAD, Wassim	PAARSSR-EO13894
ABU ZUREIK, Imad	PAARSSR-EO13894
AL-ASSAD, Samer Kamal	PAARSSR-EO13894
DAQQOU, Hassan Muhammad	SDGT
QADDOUR, Khalid	PAARSSR-EO13894
HASSAN DAQQOU TRADING	SDGT
AL-ISRAA ESTABLISHMENT FOR IMPORT AND EXPORT	SDGT
ZAITAR, Noah	SDGT
WU, Yonghao	ILLICIT-DRUGS-EO14059
RUBIO ZEA, Ana Gabriela	ILLICIT-DRUGS-EO14059
MKRTYCHEV, Ashot	DPRK
SKOCH, Vladimir Nikitovich	RUSSIA-EO14024
AL-URAYDI, Sami Mahmud Mohammed	SDGT
NASIRKHODJAEV, Shokhrukh Olimdjonovich	RUSSIA-EO14024
NARZIEVA, Nasiba Erkinovna	RUSSIA-EO14024
NARZIEVA, Saodat Burxanovna	RUSSIA-EO14024
EFENDIEV, Nazim Tofik Ogly	RUSSIA-EO14024
KOCHAROV, Vakhtang Ernstovich	RUSSIA-EO14024
KOCHAROVA, Gulnoz Zunnurovna	RUSSIA-EO14024
STRESHINSKAYA, Natalia Alexeevna	RUSSIA-EO14024
KING-PAI TECHNOLOGY HK CO., LIMITED	RUSSIA-EO14024
P.L. KAPITZA INSTITUTE FOR PHYSICAL PROBLEMS, RUSSIAN ACADEMY OF SCIENCES	RUSSIA-EO14024
SUMILAB, S.A. DE C.V.	SDGT] [ILLICIT-DRUGS-EO14059
GUZMAN LOPEZ, Joaquin	ILLICIT-DRUGS-EO14059
PEREZ URIBE, Raymundo	ILLICIT-DRUGS-EO14059
PAEZ LOPEZ, Saul	ILLICIT-DRUGS-EO14059
INTERNATIONAL INVESTMENT BANK	UKRAINE-EO13662] [RUSSIA-EO14024
JOINT STOCK COMPANY IIB CAPITAL	RUSSIA-EO14024
OBSHCHESTVO S OGRANICHENNOI OTVETSTVENNOSTYU KHOLDINGOVAYA KOMPANIYA YUESEM	UKRAINE-EO13662] [RUSSIA-EO14024
LEBEDINSKIY GORNO OBOGATITELNIY KOMBINAT JOINT STOCK COMPANY	RUSSIA-EO14024
STORM TECHNOLOGIES LIMITED LIABILITY COMPANY	RUSSIA-EO14024
USM CITY LIMITED LIABILITY COMPANY	RUSSIA-EO14024
SKOCH, Varvara Andreevna	RUSSIA-EO14024
DEXIAS INTERNATIONAL PRODUCTS AND TRADE LIMITED COMPANY	RUSSIA-EO14024
LOGAID	RUSSIA-EO14024
PETERSBURG INTELLIGENT TRANSPORT LOGISTICS	RUSSIA-EO14024
LLC TESTKOMPLEKT	RUSSIA-EO14024
LLC T-KOMPONENT SP	RUSSIA-EO14024
LLC VEST-OST	RUSSIA-EO14024
BRAND SERVER OPTIONS	RUSSIA-EO14024
AKTSIONERNOE OBSHCHESTVO TESTPRIBOR	RUSSIA-EO14024
AKTSIONERNOE OBSHCHESTVO PROTON-ELEKTROTEKS	RUSSIA-EO14024
AKTSIONERNOE OBSHCHESTVO TORGOVYI DOM PROTON-ELEKTROTEKS	RUSSIA-EO14024
PHOENIX ELECTRONICS	RUSSIA-EO14024
AKTSIONERNOE OBSHCHESTVO PROTON	RUSSIA-EO14024
SIMMETRON ELEKTRONNYE KOMPONENTY	RUSSIA-EO14024
TORGOVYI DOM SIMMETRON ELEKTRONNYE KOMPONENTY	RUSSIA-EO14024
OOO TITAN-MICRO	RUSSIA-EO14024
PUBLICHNOE AKTSIONERNOE OBSCHESTVO ELECTROVIPRYAMITEL	RUSSIA-EO14024
NEOTEKHNIKA OOO	RUSSIA-EO14024
LLC MINATEKH	RUSSIA-EO14024
LLC EVROMIKROTEKH	RUSSIA-EO14024
LLC ELSITON KOMPONENT	RUSSIA-EO14024
ELITAN TRADE OOO	RUSSIA-EO14024
LIMITED LIABILITY COMPANY BSP GLOBAL	RUSSIA-EO14024
LIMITED LIABILITY COMPANY KVAZAR	RUSSIA-EO14024
LIMITED LIABILITY COMPANY SPETSVOLTAZH	RUSSIA-EO14024
ELMEC TRADE OU	RUSSIA-EO14024
AK SYSTEMS	RUSSIA-EO14024
LLC SPETSELSERVIS	RUSSIA-EO14024
NPF-RADIOTEKHKOMPLEKT AO	RUSSIA-EO14024
KOMPONENTA AO	RUSSIA-EO14024
LLC ONELEK	RUSSIA-EO14024
LIMITED LIABILITY COMPANY FOREPOST TRADING	RUSSIA-EO14024
JOINT STOCK COMPANY COMPEL	RUSSIA-EO14024
MATRIKS ELEKTRONIKA	RUSSIA-EO14024
LLC TELLUR ELEKTRONIKS	RUSSIA-EO14024
SIBELKOM-LOGISTIK OOO	RUSSIA-EO14024
NAUCHNO-PROIZVODSTVENNOE PREDPRIYATIE GURAMI ELEKTRONIKS	RUSSIA-EO14024
TARGET ELECTRONICS	RUSSIA-EO14024
INELSO OOO	RUSSIA-EO14024
AVESTO OOO	RUSSIA-EO14024
PROISTOK OOO	RUSSIA-EO14024
MIKROSAN OOO	RUSSIA-EO14024
RSV-EKSPERT OOO	RUSSIA-EO14024
EFIMOV, Anton Anatolyevich	RUSSIA-EO14024
ELFARO OU	RUSSIA-EO14024
MIDAS RESSOURCES SARLU	RUSSIA-EO14024
FIROV, Alim Khazkhismelovich	RUSSIA-EO14024
DEXIAS LIMITED LIABILITY COMPANY	RUSSIA-EO14024
FEDOROVSKOE OOO	RUSSIA-EO14024
DIAMVILLE SAU	RUSSIA-EO14024
YUESEM MARKIROVKA OOO	RUSSIA-EO14024
LIMITED LIABILITY COMPANY DM	RUSSIA-EO14024
INDUSTRIAL RESOURCES GENERAL TRADING	RUSSIA-EO14024
UDOKAN COPPER LLC	RUSSIA-EO14024
USM CEMENT LLC	RUSSIA-EO14024
MEXPACKING SOLUTIONS	ILLICIT-DRUGS-EO14059
MARTINEZ TREVIZO, Mario Ernesto	ILLICIT-DRUGS-EO14059
RODRIGUEZ ALMEIDA, Cinthia Adriana	ILLICIT-DRUGS-EO14059
MACIAS TREVIZO, Ernesto Alonso	ILLICIT-DRUGS-EO14059
USM GOLD LIMITED LIABILITY COMPANY	RUSSIA-EO14024
LIMITED LIABILITY COMPANY USM TELECOM	RUSSIA-EO14024
DIGITAL INVEST LIMITED LIABILITY COMPANY	RUSSIA-EO14024
AZU INTERNATIONAL BILGI TEKNOLOJILERI VE DIS TICARET LIMITED SIRKETI	RUSSIA-EO14024
INTERNATIONAL DIGITAL TECHNOLOGY CENTRE LIMITED LIABILITY COMPANY	RUSSIA-EO14024
AF TELECOM HOLDING LIMITED LIABILITY COMPANY	RUSSIA-EO14024
ONEFACTOR LIMITED LIABILITY COMPANY	RUSSIA-EO14024
NEXIGN JOINT STOCK COMPANY	RUSSIA-EO14024
BODEAU, Gary	GLOMAG
USM URBAN MINING LIMITED LIABILITY COMPANY	RUSSIA-EO14024
VASSILIADES, Christodoulos Georgiou	RUSSIA-EO14024
CHRISTODOULOS G. VASSILIADES & CO. LLC	RUSSIA-EO14024
VASSILIADES & CO UK LIMITED	RUSSIA-EO14024
VASSILIADES & CO. MALTA LIMITED	RUSSIA-EO14024
IONICS NOMINEES LIMITED	RUSSIA-EO14024
LEDRA NOMINEES LIMITED	RUSSIA-EO14024
LEDRA TRUSTEES LIMITED	RUSSIA-EO14024
LEDRA TRUSTEE SERVICES LIMITED	RUSSIA-EO14024
VASSILIADES, Anna Maria	RUSSIA-EO14024
VASSILIADES, Giorgos	RUSSIA-EO14024
JSC NAUCHNO ISSLEDOVATELSKY I KONSTRUKTORSKY INSTITUT MONTAZHNOY TECHNOLOGY ATOMSTROY	RUSSIA-EO14024
RUSATOM OVERSEAS JOINT STOCK COMPANY	RUSSIA-EO14024
KOVROV MECHANICAL PLANT PJSC	RUSSIA-EO14024
FEDERAL SCIENTIFIC AND PRODUCTION CENTER MV PROTSENKO START PRODUCTION ASSOCIATION JSC	RUSSIA-EO14024
PATRIOT PRIVATE MILITARY COMPANY	RUSSIA-EO14024
KHUSNULLIN, Marat Shakirzyanovich	RUSSIA-EO14024
PAKERMANOV, Evgeny Markovich	RUSSIA-EO14024
CHINA HEAD AEROSPACE TECHNOLOGY COMPANY	RUSSIA-EO14024
U-TERRA LLC	RUSSIA-EO14024
ZINCUM LLC	RUSSIA-EO14024
METALLOINVEST TRADING AG	RUSSIA-EO14024
HAMRIYAH STEEL FREE ZONE COMPANY	RUSSIA-EO14024
AKKERMANN CEMENT CA LIMITED LIABILITY COMPANY	RUSSIA-EO14024
CITY DEVELOPMENT LIMITED LIABILITY COMPANY	RUSSIA-EO14024
AKHANGARANCEMENT JOINT STOCK COMPANY	RUSSIA-EO14024
LIMITED LIABILITY COMPANY FORUM	RUSSIA-EO14024
LIMITED LIABILITY COMPANY LAND TECHNOLOGIES	RUSSIA-EO14024
LIMITED LIABILITY COMPANY NOVOGORSK REAL ESTATE	RUSSIA-EO14024
MEGAFON PAO	RUSSIA-EO14024
JOINT STOCK COMPANY VLADIMIR PRODUCTION AMALGAMATION TOCHMASH	RUSSIA-EO14024
HOLDINGOVAYA KOMPANIYA METALLOINVEST AO	RUSSIA-EO14024
MANAGEMENT COMPANY METALLOINVEST LLC	RUSSIA-EO14024
MIKHAILOVSKIY GORNO OBOGATITELNIY KOMBINAT JOINT STOCK COMPANY	RUSSIA-EO14024
USM METALLOINVEST LIMITED LIABILITY COMPANY	RUSSIA-EO14024
BALTIYSK	RUSSIA-EO14024
AVRORA ALTAIR	RUSSIA-EO14024
AKKERMAN CEMENT OOO	RUSSIA-EO14024
AVRORA REGUL	RUSSIA-EO14024
OSKOL ELECTROMETALLURGICAL PLANT AO	RUSSIA-EO14024
AHMAD, Firas Nazem	SDGT
AHMAD, Hind Nazem	SDGT
BAKER, Rami Yaacoub	SDGT
DITRIKH, Yevgeniy Ivanovich	RUSSIA-EO14024
BAKER, Rima Yaacoub	SDGT
HIJAZI, Mohamad Hussein	SDGT
ISMAIL, Mohamad Hassan	SDGT
ARTVIN MARITIME AND TRADE LIMITED COMPANY	RUSSIA-EO14024
SALDA MANAGEMENT MARITIME AND TRADE LIMITED COMPANY	RUSSIA-EO14024
AVRORA SIRIUS	RUSSIA-EO14024
NAVIS 6	RUSSIA-EO14024
PETROTRANS 5902	RUSSIA-EO14024
VLADIMIR LATYSHEV	RUSSIA-EO14024
LIMITED LIABILITY COMPANY NOVELCO	RUSSIA-EO14024
VICTOR ANDRYUKHIN	RUSSIA-EO14024
ALL RUSSIAN CHILDREN AND YOUTH MILITARY PATRIOTIC PUBLIC MOVEMENT YOUTH ARMY	RUSSIA-EO14024
LEONID PESTRIKOV	RUSSIA-EO14024
GRIGORIEV, Grigoriy Igorevich	RUSSIA-EO14024
NIKOLAI LEONOV	RUSSIA-EO14024
ALPHA HELIOS	RUSSIA-EO14024
STATE BUDGETARY EDUCATIONAL INSTITUTION OF ADDITIONAL EDUCATION OF THE REPUBLIC OF CRIMEA CRIMEA PATRIOT CENTER	RUSSIA-EO14024
ALPHA HERMES	RUSSIA-EO14024
MOSSALEM, Ali	SDGT
BASHKIROV, Aleksei Vladimirovich	RUSSIA-EO14024
NAGARAJAN, Sundar	SDGT
ALEXANDR DEEV	RUSSIA-EO14024
LIMITED LIABILITY COMPANY NOVELCO GLOBAL FORWARDING	RUSSIA-EO14024
WCP MANAGEMENT COMPANY LTD	RUSSIA-EO14024
NIKOLAY ANISHCHENKOV	RUSSIA-EO14024
LIMITED LIABILITY COMPANY NDN	RUSSIA-EO14024
LIMITED LIABILITY COMPANY TRANSLINEINVEST	RUSSIA-EO14024
OSSEIRAN, Ali	SDGT
SMART TRADING TRANSPORTATION INDUSTRY AND TRADE LIMITED COMPANY	RUSSIA-EO14024
HEADEY INVESTMENTS LIMITED	RUSSIA-EO14024
ALARA	RUSSIA-EO14024
WALDAU INVESTMENTS LIMITED	RUSSIA-EO14024
IPSALA	RUSSIA-EO14024
ALAYNE INVESTMENTS LIMITED	RUSSIA-EO14024
FRANCISCO, Maricel Factura	SDGT
IRONHILL HOLDINGS LIMITED	RUSSIA-EO14024
ULA	RUSSIA-EO14024
MASTERSKILL INVESTMENTS LIMITED	RUSSIA-EO14024
SAAD, Fadi Abbas	SDGT
G AND S DIAMOND FZE	SDGT
IDIAMS DMCC	SDGT
WEHBE, Mohamad	SDGT
OXFOCENTO PROPRIETARY LTD	SDGT
DIOTRIX PROPRIETARY LTD	SDGT
GAVIA TRADINGS PTY LTD	SDGT
HIGHRISE PROPERTY INVESTMENTS PTY LTD	SDGT
THULA UZWE TRADING	SDGT
ASSOCIATES OF PARTNERS SAL OFF-SHORE	SDGT
DEBBIYE 383 SAL	SDGT
ISMAIL GENERAL TRADING	SDGT
JOUD GENERAL TRADING	SDGT
TIA TRADING 2013 LTD OOD	SDGT
UNITED INVESTMENT GROUP SAL	SDGT
SADER, Fadi	SDGT
FADICO H.K. LIMITED	SDGT
FADICO S A CC	SDGT
HOUSE OF ART LIMITED	SDGT
KHOSHGHADAM, Mehdi	NPWMD] [IFSR
EL RIZ, Daoud	SDGT
MUSSE, Bashir Khalif	SOMALIA
NASSER, Rim	SDGT
COLLECTING BEE SRL	SDGT
DIDA	SDGT
76 BENMORE GARDEN TRUST	SDGT
MEGA GEMS PTY LTD	SDGT
SITTI GENERAL TRADING LLC	SOMALIA
KISMAYO GENERAL TRADING LLC	SOMALIA
RED SEA TRANSIT & TRANSPORT SERVICE	SOMALIA
ROYAL SHIPPING AGENCY	SOMALIA
BUSHRA BACHIR SHIPPING AND LOGISTICS SERVICES L.L.C.	SOMALIA
BARREH, Mariam	SOMALIA
AMVAJ NILGOUN BUSHEHR CO.	NPWMD] [IFSR
ARTTRONIX INTERNATIONAL HK LIMITED	NPWMD] [IFSR
ORIENTAL DYNASTY LIMITED	SDGT
WHITE STAR DMCC	SDGT
ARTUAL GALLERY	SDGT
BEST DIAMOND HOUSE DMCC	SDGT
JOTRIN ELECTRONICS LIMITED	NPWMD] [IFSR
BEXLEY WAY GENERAL TRADING L.L.C.	SDGT
VOHOM TECHNOLOGY HK CO., LIMITED	NPWMD] [IFSR
PARK VENTURES SAL	SDGT
NACHAR, Ali	SDGT
NACHAR, Hussein Moussa	SDGT
AMANA DIAM DMCC	SDGT
HELICS GEMB	SDGT
MURAD, Bassem	SDGT
MURAD EN SONS DIAMONDS	SDGT
MSD CAPITAL PTY LTD	SDGT
MSD DMCC	SDGT
MSD SPRL DIAMOND TRADING	SDGT
GHADDAR, Ibrahim Fadel	SDGT
YINKE HK ELECTRONICS COMPANY LIMITED	NPWMD] [IFSR
KHAWAJA, Mohamad	SDGT
UT IT NOVAYA INDUSTRIYA OOO	RUSSIA-EO14024
LUQUIN RODRIGUEZ, Brayan Moises	ILLICIT-DRUGS-EO14059
MAGNISERVIA, S.A. DE C.V.	ILLICIT-DRUGS-EO14059
AKA INTEGRAL SERVICES, S. DE R.L. DE C.V.	ILLICIT-DRUGS-EO14059
ENVIGH, S. DE R.L. DE C.V.	ILLICIT-DRUGS-EO14059
SUNCAN MEXICO, S. DE R.L. DE C.V.	ILLICIT-DRUGS-EO14059
TRADOS COMERCIO, S. DE R.L. DE C.V.	ILLICIT-DRUGS-EO14059
PASNA INTERNATIONAL GROUP SND. BHD	NPWMD] [IFSR
SARI, Kubilay	SDGT
WU, Huihui	DPRK3
CHENG, Hung Man	DPRK3
SIM, Hyon Sop	NPWMD
ADINEHVAND, Salman	IRAN-HR
ABSALAN, Parviz	IRGC] [IRAN-HR
GOSHTASBI, Amanollah	IRGC] [IRAN-HR
AGHAMIRI, Seyyed Mohammad Amin	IRAN-TRA] [IRAN-EO13846
SEYEDOSHOHADA, Ahmad Khadem	IRGC] [IRAN-HR
TABAREZ MARTINEZ, Franco	ILLICIT-DRUGS-EO14059
SAYYARI, Mohammad Mehdi	IRGC] [IFSR] [HOSTAGES-EO14078
MOHAGHEGHI, Mohammad Hassan	IRGC] [IFSR] [HOSTAGES-EO14078
BAZGHANDI, Rouhollah	IRGC] [IFSR] [HOSTAGES-EO14078
ISLAMIC REVOLUTIONARY GUARD CORPS INTELLIGENCE ORGANIZATION	HOSTAGES-EO14078
TATBURNEFT LIMITED LIABILITY COMPANY	RUSSIA-EO14024
PUBLIC JOINT STOCK COMPANY TYAZHPRESSMASH CONSULTING	RUSSIA-EO14024
ANSARI, Mohammad Reza	SDGT
FEDERAL STATE BUDGETARY EDUCATIONAL INSTITUTION OF HIGHER EDUCATION GROZNY STATE OIL TECHNICAL UNIVERSITY NAMED AFTER ACADEMICIAN M.D. MILLIONSHCHIKOV	RUSSIA-EO14024
FOREIGN INTELLIGENCE SERVICE OF THE RUSSIAN FEDERATION	UKRAINE-EO13662] [RUSSIA-EO14024
FEDERAL STATE BUDGETARY EDUCATIONAL INSTITUTION OF HIGHER EDUCATION SERGO ORDZHONIKIDZE RUSSIAN STATE UNIVERSITY FOR GEOLOGICAL PROSPECTING	RUSSIA-EO14024
VYGON CONSULTING	RUSSIA-EO14024
FEDERAL STATE BUDGET EDUCATIONAL INSTITUTION OF HIGHER EDUCATION SAINT PETERSBURG MINING UNIVERSITY	RUSSIA-EO14024
LITVINENKO, Vladimir Stefanovich	RUSSIA-EO14024
STATE BUDGETARY EDUCATIONAL INSTITUTION OF HIGHER EDUCATION ALMETYEVSK STATE OIL INSTITUTE	RUSSIA-EO14024
THE FEDERAL STATE UNITARY ENTERPRISE V.A. KARGIN SCIENTIFIC RESEARCH INSTITUTE OF CHEMISTRY AND TECHNOLOGY OF POLYMERS WITH A PILOT PRODUCTION PLANT	RUSSIA-EO14024
KOSTIOUK, Evgueni	RUSSIA-EO14024
INTER-TRANS SPOLKA Z OGRANICZONA ODPOWIEDZIALNOSCIA	RUSSIA-EO14024
SWINIARSKI, Jacek Romuald	RUSSIA-EO14024
JSC NGT	RUSSIA-EO14024
BELMAGISTRALAVTOTRANS SPEDITIONS GMBH	RUSSIA-EO14024
KONEISTO INTERNATIONAL OY	RUSSIA-EO14024
SAKULIN, Alexander	RUSSIA-EO14024
MASHOIL LIMITED LIABILITY COMPANY	RUSSIA-EO14024
SCHMUCKI, Anselm Oskar	RUSSIA-EO14024
URALMASH OIL AND GAS EQUIPMENT HOLDING LIMITED LIABILITY COMPANY	RUSSIA-EO14024
POURSAFI, Shahram	SDGT
EAST STAR INVESTMENTS LIMITED	RUSSIA-EO14024
SCHLOSS HOLDING OU	RUSSIA-EO14024
BAZGHANDI, Rouhollah	SDGT
SERAJ, Reza	SDGT
REY HAVACILIK ITHALAT IHRACAT SANAYI VE TICARET ANONIM SIRKETI	SDGT
RB HOLDING LIMITED	RUSSIA-EO14024
RB CONSULTING LIMITED	RUSSIA-EO14024
ROBARIN LTD	RUSSIA-EO14024
SALING DEVELOPMENT LP	RUSSIA-EO14024
OIL ENERDZHI LIMITED LIABILITY COMPANY	RUSSIA-EO14024
TROENDLE, Dirk	RUSSIA-EO14024
SHENZHEN YASON GENERAL MACHINERY CO., LTD. NANCHANG BRANCH	ILLICIT-DRUGS-EO14059
MYANMA FOREIGN TRADE BANK	BURMA-EO14014
AMINI, Hossein Hafez	SDGT
WELMART GROUP LP	RUSSIA-EO14024
KRAVERTON LP	RUSSIA-EO14024
LIMITED LIABILITY COMPANY NOVENKO RUSSLEND	RUSSIA-EO14024
WELMART GROUP LIMITED	RUSSIA-EO14024
WEALTHING HOLDING PTE LTD	RUSSIA-EO14024
KRAVERTON CONSTRUCTION AND DEVELOPMENT LIMITED	RUSSIA-EO14024
CRYPTOVENIENCE OU	RUSSIA-EO14024
CRYPTANET OU	RUSSIA-EO14024
OSTEC ENTERPRISE LTD	RUSSIA-EO14024
OSTEC-ST LTD	RUSSIA-EO14024
OSTEC-INTEGRA LTD	RUSSIA-EO14024
OSTEC-TEST LTD	RUSSIA-EO14024
OSTEC-EC LTD	RUSSIA-EO14024
OSTEC-ELECTRO LTD	RUSSIA-EO14024
OSTEC-ETC LTD	RUSSIA-EO14024
OSTEC-SMT LTD	RUSSIA-EO14024
RIIT LTD	RUSSIA-EO14024
GARSHIN, Vadim Veniaminovich	RUSSIA-EO14024
RAZORENOV, Aleksandr Gennadievich	RUSSIA-EO14024
OSTEC-ARTTOOL LTD	RUSSIA-EO14024
GEFESD LTD	RUSSIA-EO14024
LIMITED LIABILITY COMPANY BUSINESSPROMESTATE	RUSSIA-EO14024
ZHEJIANG QINGJI IND. CO., LTD	NPWMD] [IFSR
LI, Zeming	NPWMD] [IFSR
SHEN, Weisheng	NPWMD] [IFSR
LINGOE PROCESS ENGINEERING LIMITED	NPWMD] [IFSR
BLUE CALM MARINE SERVICES COMPANY	NPWMD] [IFSR
MEDINA GONZALEZ, Oscar Noe	ILLICIT-DRUGS-EO14059
HONG KONG KE.DO INTERNATIONAL TRADE CO., LIMITED	NPWMD] [IFSR
QINGDAO ZHONGRONGTONG TRADE DEVELOPMENT CO., LTD.	NPWMD] [IFSR
WEI, Zunyi	NPWMD] [IFSR
GONG, Jiao	NPWMD] [IFSR
QIN, Xutong	NPWMD] [IFSR
BEIJING SHINY NIGHTS TECHNOLOGY DEVELOPMENT CO., LTD	NPWMD] [IFSR
HAGHIGHAT, Ghasem	NPWMD] [IFSR
DAMGHANI, Davoud	NPWMD] [IFSR
HUSSEIN, Ali Ahmed	SDGT
BELL FERNANDEZ, Gilbert Hernan de Los Angeles	ILLICIT-DRUGS-EO14059
VAN INGEN, Edwin Onno	RUSSIA-EO14024
RONIN MANAGEMENT B.V.	RUSSIA-EO14024
PRO RATA SOLUTIONS B.V.	RUSSIA-EO14024
DELTA TECHNICAL AND SCIENTIFIC INSTRUMENTS B.V.	RUSSIA-EO14024
LIMITED LIABILITY COMPANY TBS	RUSSIA-EO14024
VINOGRADOVA, Natalya Yuryevna	RUSSIA-EO14024
BUECHEL, Pascal Dominik	RUSSIA-EO14024
TIMOSHIN, Andrey Vladimirovich	RUSSIA-EO14024
TRADE INITIATIVE ESTABLISHMENT	RUSSIA-EO14024
IGT INTERGESTIONS TRUST REG.	RUSSIA-EO14024
LESTAFYE, Anton Yuryevich	RUSSIA-EO14024
NYAMVUMBA, Andrew	DRCONGO
FEDERAL STATE BUDGETARY EDUCATIONAL INSTITUTION OF HIGHER VOCATIONAL EDUCATION GUBKIN RUSSIAN STATE UNIVERSITY OF OIL AND GAS	RUSSIA-EO14024
GAZPROMNEFT NOYABRSK OIL AND GAS GEOPHYSICS LIMITED LIABILITY COMPANY	RUSSIA-EO14024
SIBERIAN SCIENTIFIC RESEARCH INSTITUTE OF GEOLOGY GEOPHYSICS AND MINERAL RAW MATERIAL JOINT STOCK COMPANY	RUSSIA-EO14024
ALL RUSSIA PETROLEUM RESEARCH EXPLORATION INSTITUTE JOINT STOCK COMPANY	RUSSIA-EO14024
ALL RUSSIAN SCIENTIFIC RESEARCH INSTITUTE OF GEOPHYSICAL PROSPECTING JOINT STOCK COMPANY	RUSSIA-EO14024
KABADHE, Ahmed	SDGT
AYUTO, Siyaat	SDGT
DHEERE, Mumin	SDGT
HIREY, Mohamed Abdullah	SDGT
BURHAN, Macalin	SDGT
CALI, Maxamed	SDGT
XUUROOW, Hasaan Abshir	SDGT
ROOBOW, Cabdi	SDGT
JOINT STOCK COMPANY EXPERIMENTAL DESIGN BUREAU NAMED AFTER A.S. YAKOVLEV	RUSSIA-EO14024
PUBLIC JOINT STOCK COMPANY SCIENTIFIC AND PRODUCTION ASSOCIATION ALMAZ NAMED AFTER ACADEMICIAN A.A. RASPLETIN	RUSSIA-EO14024
LEADING PRODUCTION AND TECHNICAL ENTERPRISE GRANIT	RUSSIA-EO14024
KAZAN SYNTHETIC RUBBER PLANT JSC	RUSSIA-EO14024
SC TULA RUBBER TECHNICAL ARTICLES PLANT	RUSSIA-EO14024
LLC GROUP 99	RUSSIA-EO14024
FEDERAL STATE UNITARY ENTERPRISE S.V. LEBEDEV INSTITUTE OF SYNTHETIC RUBBER	RUSSIA-EO14024
IBRAHIM, Aadan Yusuf Saciid	SDGT
AADAN, Hassan Yariisow	SDGT
AADAN, Siciid Abdullahi	SDGT
MALAYLE, Shiek Aadan Abuukar	SDGT
JISS, Aadan	SDGT
GUHAAD, Cumar	SDGT
SIIDOW, Maxamed	SDGT
HURIYA PRIVATE FZE LLE	RUSSIA-EO14024
YARE, Cali	SDGT
HANAFIN, John Desmond	RUSSIA-EO14024
HURIYA PRIVATE CYPRUS LTD	RUSSIA-EO14024
GABAANE, Maxamed Dauud	SDGT
MOHAMED, Mohamed Omar	SDGT
DAOUD, Suleiman Cabdi	SDGT
AQUILA CAPITAL GROUP	RUSSIA-EO14024
SERGEEVA, Yulia Aleksandrovna	RUSSIA-EO14024
VELICHKO, Sergey Yevgenyevich	RUSSIA-EO14024
JOINT STOCK COMPANY POLIMETALL	UKRAINE-EO13662] [RUSSIA-EO14024
PUBLIC JOINT STOCK COMPANY POLYUS	RUSSIA-EO14024
JOINT STOCK COMPANY POLYUS KRASNOYARSK	RUSSIA-EO14024
JOINT STOCK COMPANY POLYUS ALDAN	RUSSIA-EO14024
LIMITED LIABILITY COMPANY POLYUS SERVICE	RUSSIA-EO14024
LIMITED LIABILITY COMPANY MANAGEMENT COMPANY POLYUS	RUSSIA-EO14024
TAGRAS BIZNESSERVIS LIMITED LIABILITY COMPANY	RUSSIA-EO14024
FORT KONSALTING LIMITED LIABILITY COMPANY	RUSSIA-EO14024
JOINT STOCK COMPANY SCIENTIFIC PRODUCTION ASSOCIATION ANDROIDNAYA TEKHNIKA	RUSSIA-EO14024
LIMITED LIABILITY COMPANY TEKHNOPARK ROBOTOTEKHNIKA	RUSSIA-EO14024
LIMITED LIABILITY COMPANY RYBINSKAYA VERF	RUSSIA-EO14024
SPETSIAL ELECTRONIK OOO	RUSSIA-EO14024
OBSHCHESTVO S OGRANICHENNOI OTVENNOSTYU DOM KOMPONENTOV I OBORUDOVANIYA ELEKTRONSCHIK	RUSSIA-EO14024
KRAVTSOV, Sergey Sergeevich	RUSSIA-EO14024
FEDERAL STATE UNITARY ENTERPRISE ATOMFLOT	RUSSIA-EO14024
FEDERAL STATE GOVERNMENTAL INSTITUTION 223 FLIGHT UNIT STATE AIRLINES OF THE MINISTRY OF DEFENSE OF THE RUSSIAN FEDERATION	RUSSIA-EO14024
JOINT STOCK COMPANY THE 224TH FLIGHT UNIT STATE AIRLINES	RUSSIA-EO14024
OBSHCHESTVO S OGRANICHENNOI OTVETSTVENNOSTIU GREND SI	RUSSIA-EO14024
NASIM BAHR KISH	RUSSIA-EO14024
JOINT STOCK COMPANY LOMO	RUSSIA-EO14024
LIMITED LIABILITY COMPANY CONDOR TRADING	RUSSIA-EO14024
CLOSED JOINT STOCK COMPANY LOMO LAZER	RUSSIA-EO14024
MANAGEMENT COMPANY NEVA JOINT STOCK COMPANY	RUSSIA-EO14024
LIMITED LIABILITY COMPANY SBYTOVAYA ENERGETICHESKAYA KOMPANIYA	RUSSIA-EO14024
LIMITED LIABILITY COMPANY SCIENTIFIC-PRODUCTION FIRM RADIO-ELECTRONIC TECHNOLOGIES	RUSSIA-EO14024
METROVAGONMASH JOINT STOCK COMPANY	RUSSIA-EO14024
OBSHCHESTVO S OGRANICHENNOI OTVETSTVENNOSTIU MEZHDUNARODNYE TRANSPORTNYE USLUGI	RUSSIA-EO14024
ARCTIC ENERGY GROUP LIMITED LIABILITY COMPANY	RUSSIA-EO14024
SEVERNAYA ZVEZDA LIMITED LIABILITY COMPANY	RUSSIA-EO14024
STRELA LIMITED LIABILITY COMPANY	RUSSIA-EO14024
ARCTIC BULKER LIMITED LIABILITY COMPANY	RUSSIA-EO14024
AKVAMARIN LIMITED LIABILITY COMPANY	RUSSIA-EO14024
LIMITED LIABILITY COMPANY SMT-ILOGIC	RUSSIA-EO14024
NEW ARCTIC SHIPPING LIMITED LIABILITY COMPANY	RUSSIA-EO14024
RA-76592	RUSSIA-EO14024
DIREKTSIYA MORSKOI PORT INDIGA LIMITED LIABILITY COMPANY	RUSSIA-EO14024
RA-76638	RUSSIA-EO14024
LIMITED LIABILITY COMPANY DEVICE CONSULTING	RUSSIA-EO14024
RA-76669	RUSSIA-EO14024
RA-76686	RUSSIA-EO14024
PREOBRAZOVATEL MASH LIMITED LIABILITY COMPANY	RUSSIA-EO14024
UNIVERSALNY MORSKOI PORT INDIGA LIMITED LIABILITY COMPANY	RUSSIA-EO14024
LLC FORTA	RUSSIA-EO14024
RA-76713	RUSSIA-EO14024
RA-76719	RUSSIA-EO14024
RA-76738	RUSSIA-EO14024
RA-78750	RUSSIA-EO14024
BEIJING LUCHENG WEIYE TECHNOLOGY DEVELOPMENT COMPANY LIMITED	RUSSIA-EO14024
RA-85559	RUSSIA-EO14024
RA-85563	RUSSIA-EO14024
RA-85571	RUSSIA-EO14024
RA-78762	RUSSIA-EO14024
RA-85586	RUSSIA-EO14024
RA-85594	RUSSIA-EO14024
RA-82038	RUSSIA-EO14024
RA-78776	RUSSIA-EO14024
RA-85605	RUSSIA-EO14024
RA-78789	RUSSIA-EO14024
RA-85686	RUSSIA-EO14024
RA-86495	RUSSIA-EO14024
RA-86496	RUSSIA-EO14024
RA-78794	RUSSIA-EO14024
RA-86539	RUSSIA-EO14024
RA-82039	RUSSIA-EO14024
RA-82040	RUSSIA-EO14024
RF-82041	RUSSIA-EO14024
RA-86555	RUSSIA-EO14024
RA-86561	RUSSIA-EO14024
RA-78796	RUSSIA-EO14024
RF-78764	RUSSIA-EO14024
RA-78816	RUSSIA-EO14024
RA-86572	RUSSIA-EO14024
RF-78797	RUSSIA-EO14024
RA-78817	RUSSIA-EO14024
RA-86906	RUSSIA-EO14024
RA-78846	RUSSIA-EO14024
THE ENERGY RESEARCH INSTITUTE OF THE RUSSIAN ACADEMY OF SCIENCES	RUSSIA-EO14024
RA-75478	RUSSIA-EO14024
INSTITUTE OF PETROLEUM CHEMISTRY SIBERIAN BRANCH OF THE RUSSIAN ACADEMY OF SCIENCES	RUSSIA-EO14024
RA-78818	RUSSIA-EO14024
RA-82010	RUSSIA-EO14024
RA-78831	RUSSIA-EO14024
RF-78815	RUSSIA-EO14024
RA-75496	RUSSIA-EO14024
RA-78835	RUSSIA-EO14024
RA-75499	RUSSIA-EO14024
RF-78834	RUSSIA-EO14024
RA-82012	RUSSIA-EO14024
RA-75676	RUSSIA-EO14024
RA-78842	RUSSIA-EO14024
RF-78838	RUSSIA-EO14024
RA-95951	RUSSIA-EO14024
RA-82013	RUSSIA-EO14024
RA-78844	RUSSIA-EO14024
RF-82032	RUSSIA-EO14024
RA-82014	RUSSIA-EO14024
RA-78845	RUSSIA-EO14024
RA-82021	RUSSIA-EO14024
BEIJING XINGHUA HENGCHENG TECHNOLOGY DEVELOPMENT COMPANY LIMITED	RUSSIA-EO14024
RUSATOM ADDITIVE TECHNOLOGIES	RUSSIA-EO14024
RA-82023	RUSSIA-EO14024
BRYCHEVA, Larisa Igorevna	RUSSIA-EO14024
RA-82028	RUSSIA-EO14024
RA-85041	RUSSIA-EO14024
RA-65690	RUSSIA-EO14024
RA-85042	RUSSIA-EO14024
RA-65986	RUSSIA-EO14024
RA-82030	RUSSIA-EO14024
RA-65989	RUSSIA-EO14024
RA-65996	RUSSIA-EO14024
RA-82036	RUSSIA-EO14024
RA-72963	RUSSIA-EO14024
RA-85155	RUSSIA-EO14024
RA-78830	RUSSIA-EO14024
RA-85360	RUSSIA-EO14024
RA-78840	RUSSIA-EO14024
RA-85426	RUSSIA-EO14024
RA-78847	RUSSIA-EO14024
RA-85446	RUSSIA-EO14024
RA-78850	RUSSIA-EO14024
RA-85534	RUSSIA-EO14024
RA-85554	RUSSIA-EO14024
RA-85555	RUSSIA-EO14024
HANLEY LIMITED	RUSSIA-EO14024
FAZLEEVA, Leyla Rinatovna	RUSSIA-EO14024
LIMITED LIABILITY COMPANY VOSKHOD MANAGEMENT COMPANY	RUSSIA-EO14024
CLOSED JOINT STOCK COMPANY TEKHKRIM	RUSSIA-EO14024
SARKISOV, Ruslan Eduardovich	RUSSIA-EO14024
LIMITED LIABILITY COMPANY VOSKHOD DIGITAL	RUSSIA-EO14024
SADYKOV, Rinat Nailyevich	RUSSIA-EO14024
MISHONOVA, Kseniya Vladimirovna	RUSSIA-EO14024
A.E. NUDELMAN PRECISION ENGINEERING DESIGN BUREAU JOINT STOCK COMPANY	RUSSIA-EO14024
ABRAMCHENKO, Viktoriya Valeriyevna	RUSSIA-EO14024
LEVITIN, Igor Yevgenyevich	RUSSIA-EO14024
SHALKOV, Dmitriy Vladislavovich	RUSSIA-EO14024
TORGOVYI DOM PROMELECTRONIKA OOO	RUSSIA-EO14024
LIMITED LIABILITY COMPANY ALTERNATIVA	RUSSIA-EO14024
VOSTOKOV, Aleksei Aleksandrovich	RUSSIA-EO14024
POLIN, Vladimir Anatolevich	RUSSIA-EO14024
GRACHEV, Pavel Sergeyevich	RUSSIA-EO14024
LIMITED LIABILITY COMPANY GLOBALVOENTREYDING LTD	RUSSIA-EO14024
KESAEV, Igor Albertovich	RUSSIA-EO14024
LIMITED LIABILITY COMPANY MERKURIY SERVISEZ	RUSSIA-EO14024
LIMITED LIABILITY COMPANY FEMILI OFIS	RUSSIA-EO14024
LIMITED LIABILITY COMPANY FO-MENEDZHMENT	RUSSIA-EO14024
LIMITED LIABILITY COMPANY IKSORA	RUSSIA-EO14024
LIMITED LIABILITY COMPANY IK-MENEDZHMENT	RUSSIA-EO14024
LIMITED LIABILITY COMPANY TRAST KONG	RUSSIA-EO14024
LIMITED LIABILITY COMPANY SANATORIY IM. M.V.FRUNZE	RUSSIA-EO14024
ZHIDKOV, Andrey Aleksandrovich	RUSSIA-EO14024
OPEN JOINT STOCK COMPANY SAMUSSKIY SUDOSTROITELNO SUDOREMONTNIY ZAVOD	RUSSIA-EO14024
LIMITED LIABILITY COMPANY RN BASHNIPINEFT	RUSSIA-EO14024
JOINT STOCK COMPANY INKOMNEFT	RUSSIA-EO14024
FEDERAL STATE UNITARY ENTERPRISE HYDROGRAPHIC COMPANY	RUSSIA-EO14024
IVAN KIREEV	RUSSIA-EO14024
ALEKSEY MARYSHEV	RUSSIA-EO14024
GRIGORIY MIKHEYEV	RUSSIA-EO14024
YURI BABAEV	RUSSIA-EO14024
JOINT STOCK COMPANY 53 ARSENAL	RUSSIA-EO14024
JOINT STOCK COMPANY 60 ARSENAL	RUSSIA-EO14024
JOINT STOCK COMPANY 103 ARSENAL	RUSSIA-EO14024
JOINT STOCK COMPANY 116 ARSENAL	RUSSIA-EO14024
JOINT STOCK COMPANY 163 ARMORED REPAIR PLANT	RUSSIA-EO14024
JOINT STOCK COMPANY 195 REPAIR PLANT OF ROCKET AND ARTILLERY WEAPONS	RUSSIA-EO14024
PUBLIC JOINT STOCK COMPANY SAMARANEFTEGEOFIZIKA	RUSSIA-EO14024
JOINT STOCK COMPANY ZELENODOLSKY PROJECT AND DESIGN BUREAU	RUSSIA-EO14024
LIMITED LIABILITY COMPANY AKROL	RUSSIA-EO14024
EKB NEVA LIMITED LIABILITY COMPANY	RUSSIA-EO14024
ASIA PACIFIC LINKS LIMITED	RUSSIA-EO14024
NOVO BLOCKCHAIN CONSULTORIA LDA	RUSSIA-EO14024
TROFIMOV, Anton Sergeyevich	RUSSIA-EO14024
IPS PACIFIC COMPANY LIMITED	RUSSIA-EO14024
SHENZHEN YANTU IMPORT EXPORT CO LTD	RUSSIA-EO14024
10219452 CANADA INCORPORATED	RUSSIA-EO14024
LIMITED LIABILITY COMPANY SSK PORT	RUSSIA-EO14024
POZHIDAEV, Igor Vladimirovich	RUSSIA-EO14024
LIMITED LIABILITY COMPANY GEOS	RUSSIA-EO14024
LIMITED LIABILITY COMPANY ROSTSHIPSERVICE	RUSSIA-EO14024
URALS PLANT OF TRANSPORTATION MACHINERY JOINT STOCK COMPANY	RUSSIA-EO14024
KONOVALOV, Aleksandr Vladimirovich	RUSSIA-EO14024
PAWELL SHIPPING CO LLP	RUSSIA-EO14024
PAWELL	RUSSIA-EO14024
OCEAN ELECTRONICS LIMITED LIABILITY COMPANY	RUSSIA-EO14024
NEVA ELECTRONICS JOINT STOCK COMPANY	RUSSIA-EO14024
MORHUN, Oleh Valeriovych	RUSSIA-EO14024
MOROZOVA, Darya Vasilevna	RUSSIA-EO14024
SUK, Vitaly Alexandrovich	RUSSIA-EO14024
FEDORENKO, Eleonora Mikhailovna	RUSSIA-EO14024
ILMIYEV, Vadim Viktorovich	RUSSIA-EO14024
YAMALPROMGEOFIZIKA JOINT STOCK COMPANY	RUSSIA-EO14024
MOSKALKOVA, Tatyana Nikolaevna	RUSSIA-EO14024
AKIFYEV, Pavel Viktorovich	RUSSIA-EO14024
TRUST LOGISTIC	RUSSIA-EO14024
OOO TRAST LODZHISTIKS GRUPP	RUSSIA-EO14024
LLC SYMPHONY	RUSSIA-EO14024
VERKHOVTSEVA, Svetlana Yuryevna	RUSSIA-EO14024
VERSVET SRO	RUSSIA-EO14024
PYONGYANG UNIVERSITY OF AUTOMATION	DPRK2
TECHNICAL RECONNAISSANCE BUREAU	DPRK2
110TH RESEARCH CENTER	DPRK2
EL BALLOUTI, Othman	ILLICIT-DRUGS-EO14059
GARCIA CORRALES, Leobardo	ILLICIT-DRUGS-EO14059
KIM, Sang Man	DPRK4
GARCIA CORRALES, Martin	ILLICIT-DRUGS-EO14059
CHINYONG INFORMATION TECHNOLOGY COOPERATION COMPANY	DPRK2
MALYSHEV, Sergey Gennadevich	RUSSIA-EO14024
MINISTRY OF DEFENSE OF BURMA	BURMA-EO14014
AL-FADEL EXCHANGE AND MONEY TRANSFER COMPANY	PAARSSR-EO13894
BALWI, Fadel Ma'ruf	PAARSSR-EO13894
BALWI, Mut'i Ma'ruf	PAARSSR-EO13894
BALWI, Muhammad Ma'ruf	PAARSSR-EO13894
AL-ADHAM EXCHANGE COMPANY	PAARSSR-EO13894
WANG, Yunhe	CYBER2
LIU, Jingping	CYBER2
ZHENG, Yanni	CYBER2
SPICY CODE COMPANY LIMITED	CYBER2
TULIP BIZ PATTAYA GROUP COMPANY LIMITED	CYBER2
LILY SUITES COMPANY LIMITED	CYBER2
AL JUNAID MULTI ACTIVITIES CO LTD	SUDAN-EO14098
TRADIVE GENERAL TRADING L.L.C	SUDAN-EO14098
PEREZ SALAS, Nestor Isidro	ILLICIT-DRUGS-EO14059
NANDO, James	SOUTH SUDAN
FUTUYO, Alfred	SOUTH SUDAN
NAVYAN ABR ARVAN PRIVATE LIMITED COMPANY	IRAN-EO13846
PIRHOSSEINLOO, Pouya	IRAN-EO13846
FATEMI, Farhad	IRAN-EO13846
ARVANCLOUD GLOBAL TECHNOLOGIES L.L.C.	IRAN-EO13846
DEFENSE INDUSTRIES SYSTEM	SUDAN-EO14098
SUDAN MASTER TECHNOLOGY	SUDAN-EO14098
SAPOZHNIKOV, Konstantin Prokopyevich	RUSSIA-EO14024
MAKOLOV, Yury Yuryevich	RUSSIA-EO14024
KHLOPONIN, Gleb Maksimovich	RUSSIA-EO14024
GROMOVIKOV, Vasiliy Viktorovich	RUSSIA-EO14024
LOSEV, Aleksey Vyacheslavovich	RUSSIA-EO14024
BOYKO, Svetlana Andreyevna	RUSSIA-EO14024
TRAVNIKOVA, Anna	RUSSIA-EO14024
PERKO JULLEUCHTER	RUSSIA-EO14024
KAZAN SHIPPING INCORPORATED	RUSSIA-EO14024
MYANMA INVESTMENT AND COMMERICAL BANK	BURMA-EO14014
FIGUEROA BENITEZ, Jorge Humberto	ILLICIT-DRUGS-EO14059
CHOE, Chol Min	NPWMD
CHOE, Un Jong	DPRK4
AL-RUFAY'I, Abdallah Makki Muslih	SDGT
AL-MAINUKI, Abu Bakr ibn Muhammad ibn 'Ali	SDGT
VULIN, Aleksandar	BALKANS-EO14033
YUSUF, Abdiweli Mohamed	SDGT
LEON ALVARADO, Samuel	ILLICIT-DRUGS-EO14059
LIMON VAZQUEZ, Carlos Mario	ILLICIT-DRUGS-EO14059
NUNEZ AGUIRRE, Liborio	ILLICIT-DRUGS-EO14059
IVANOV, Andrey Nikolayevich	RUSSIA-EO14024
AL-MATUTI, Arkan Ahmad 'Abbas	SDGT
AL-RASHIDI, Nawaf Ahmad Alwan	SDGT
ZAMUDIO LERMA, Angel Guillermo	ILLICIT-DRUGS-EO14059
ZAMUDIO LERMA, Daniel	ILLICIT-DRUGS-EO14059
ZAMUDIO LERMA, Jorge Alberto	ILLICIT-DRUGS-EO14059
DE LEON BECERRA, Eliseo	ILLICIT-DRUGS-EO14059
REI COMPANIA INTERNACIONAL, S.A. DE C.V.	ILLICIT-DRUGS-EO14059
LIMON ELENES, Jeuri	ILLICIT-DRUGS-EO14059
LOPEZ PEREZ, Noel	ILLICIT-DRUGS-EO14059
PAEZ LOPEZ, Ricardo	ILLICIT-DRUGS-EO14059
VALDEZ FERNANDEZ, Dora Vanessa	ILLICIT-DRUGS-EO14059
LLC IQ COMPONENTS	RUSSIA-EO14024
STAUT COMPANY LIMITED	RUSSIA-EO14024
SATURN EK OOO	RUSSIA-EO14024
LLC ALTRABETA	RUSSIA-EO14024
GONCALVES DO CARMO, Diego Macedo	ILLICIT-DRUGS-EO14059
EL BALLOUTI, Younes	ILLICIT-DRUGS-EO14059
BEN AZZA, Youssef	ILLICIT-DRUGS-EO14059
BASIS TRADE PROSOFT LLC	RUSSIA-EO14024
IVANOVA, Tatyana Grigoryevna	RUSSIA-EO14024
REGION-PROF LLC	RUSSIA-EO14024
OOO RADIOTEKHSNAB	RUSSIA-EO14024
LIMITED LIABILITY COMPANY SIAISI	RUSSIA-EO14024
TECHNOLOGIES SYSTEMS AND COMPLEXES LIMITED	RUSSIA-EO14024
LLC RM DESIGN AND DEVELOPMENT	RUSSIA-EO14024
DONG, Wenbo	NPWMD
NOORI, Hamid Reza	NPWMD] [IFSR
SHENZHEN JIASIBO TECHNOLOGY CO., LTD.	NPWMD] [IFSR
SU, Chunpeng	NPWMD
DELTA-AERO TECHNICAL SERVICE CENTER LLC	NPWMD] [IFSR
JOINT STOCK COMPANY SCIENTIFIC PRODUCTION ENTERPRISE AEROSILA	NPWMD] [IFSR
JOINT STOCK COMPANY STAR	NPWMD] [IFSR] [RUSSIA-EO14024
GOGERDCHIAN, Mehdi	NPWMD] [IFSR
OSOO PROGRESS LIDER	RUSSIA-EO14024
A'INI, Husayn	NPWMD] [IFSR
TOKDEMIR, Mehmet	NPWMD] [IFSR
AYKUT, Alaaddin	NPWMD] [IFSR
ZAO GTME TEKHNOLOGII	RUSSIA-EO14024
JIMENEZ CASTRO, Mario Alberto	ILLICIT-DRUGS-EO14059
OSOO KARGOLAYN	RUSSIA-EO14024
ALEKSINSKII KHIMICHESKII KOMBINAT	UKRAINE-EO13662] [RUSSIA-EO14024
JOINT STOCK COMPANY TULA CARTRIDGE WORKS	RUSSIA-EO14024
KAZANSKII GOSUDARSTVENNYI KAZENNYI POROKHOVOI ZAVOD	UKRAINE-EO13662] [RUSSIA-EO14024
TAMBOVSKII POROKHOVOI ZAVOD	UKRAINE-EO13662] [RUSSIA-EO14024
SCIENTIFIC PRODUCTION COMPANY OPTOLINK	RUSSIA-EO14024
M.V. FRUNZE ARSENAL DESIGN BUREAU JOINT STOCK COMPANY	RUSSIA-EO14024
ARSENAL MACHINE BUILDING PLANT OPEN JOINT STOCK COMPANY	RUSSIA-EO14024
JOINT STOCK COMPANY RESEARCH AND PRODUCTION CORPORATION PRECISION SYSTEMS AND INSTRUMENTS	RUSSIA-EO14024
JOINT STOCK COMPANY EXPERIMENTAL DESIGN BUREAU FAKEL	RUSSIA-EO14024
KOIJEE, Jefferson	GLOMAG
LIMITED LIABILITY COMPANY RN KAT	RUSSIA-EO14024
LIMITED LIABILITY COMPANY KNT KAT	RUSSIA-EO14024
UMMC NONFERROUS METALS PROCESSING LIMITED LIABILITY COMPANY	RUSSIA-EO14024
JOINT STOCK COMPANY URAL MINING AND METALLURGICAL COMPANY	RUSSIA-EO14024
OSIPYAN INSTITUTE OF SOLID STATE PHYSICS OF THE RUSSIAN ACADEMY OF SCIENCES	RUSSIA-EO14024
INSTITUTE OF LASER PHYSICS OF THE SIBERIAN BRANCH OF THE RUSSIAN ACADEMY OF SCIENCES	RUSSIA-EO14024
A.M. PROKHOROV GENERAL PHYSICS INSTITUTE RUSSIAN ACADEMY OF SCIENCES	RUSSIA-EO14024
CLOSED JOINT STOCK COMPANY SUPERCONDUCTING NANOTECHNOLOGY	RUSSIA-EO14024
FEDERAL STATE BUDGETARY INSTITUTION OF SCIENCE FEDERAL RESEARCH CENTER KAZAN SCIENTIFIC CENTER OF THE RUSSIAN ACADEMY OF SCIENCES	RUSSIA-EO14024
LIMITED LIABILITY COMPANY ISHIMBAY SPECIALIZED CHEMICAL PLANT OF CATALYST	RUSSIA-EO14024
LIMITED LIABILITY COMPANY STERLITAMAK CATALYST PLANT	RUSSIA-EO14024
BUDKER INSTITUTE OF NUCLEAR PHYSICS OF SIBERIAN BRANCH RUSSIAN ACADEMY OF SCIENCES	RUSSIA-EO14024
JOINT STOCK COMPANY URALELEKTROMED	RUSSIA-EO14024
LIMITED LIABILITY COMPANY TYUMEN PETROLEUM RESEARCH CENTER	RUSSIA-EO14024
JOINT STOCK COMPANY GAZPROM AVTOMATIZATSIYA	RUSSIA-EO14024
JOINT STOCK COMPANY SCIENTIFIC PRODUCTION ENTERPRISE RESEARCH AND DESIGN INSTITUTE OF WELL LOGGING	RUSSIA-EO14024
LIMITED LIABILITY COMPANY RUSTMASH	RUSSIA-EO14024
JOINT STOCK COMPANY NEFTEGAZAVTOMATIKA	RUSSIA-EO14024
LIMITED LIABILITY COMPANY PROIZVOSTVENNAYA KOMMERCHESKAYA FIRMA GAZNEFTEMASH	RUSSIA-EO14024
LIMITED LIABILITY COMPANY OKTANTA	RUSSIA-EO14024
LIMITED LIABILITY COMPANY PERM OIL MACHINE COMPANY	RUSSIA-EO14024
SOROKIN, Pavel Yurevich	RUSSIA-EO14024
KOROLEV, Sergey Borisovich	RUSSIA-EO14024
FUND FOR DEVELOPMENT OF ENERGY COMPLEX ENERGY	RUSSIA-EO14024
WIV, SOCIEDAD ANONIMA	ILLICIT-DRUGS-EO14059
CONDADO REAL	ILLICIT-DRUGS-EO14059
LIMITED LIABILITY COMPANY IRBIS SKY TECH	RUSSIA-EO14024
LIMITED LIABILITY COMPANY PRIVATE SECURITY ORGANIZATION LEGAT	RUSSIA-EO14024
LIMITED LIABILITY COMPANY LEGION	RUSSIA-EO14024
MARINYCHEV, Pavel Alekseevich	RUSSIA-EO14024
STATE UNITARY ENTERPRISE OF THE DONETSK PEOPLE'S REPUBLIC REPUBLICAN CENTER TRADING HOUSE VTORMET	RUSSIA-EO14024
SOLDATOV, Maksim Valeriovych	RUSSIA-EO14024
VITYAZ MACHINE BUILDING COMPANY JOINT STOCK COMPANY	RUSSIA-EO14024
LIMITED LIABILITY COMPANY PRIVATE SECURITY ORGANIZATION GAZPROMNEFT OKHRANA	RUSSIA-EO14024
KAMCEV, Jordan	BALKANS-EO14033
KUDRIN, Aleksey Leonidovich	RUSSIA-EO14024
BUROVAYA KOMPANIYA EURASIA LLC	RUSSIA-EO14024
ANOKHIN, Vasiliy Nikolaevich	RUSSIA-EO14024
JSC SIBERIAN SERVICE COMPANY	RUSSIA-EO14024
NAUCHNO ISSLEDOVATELSKII I PROEKTNYI INSTITUT PO PERERABOTKE GAZA AO	RUSSIA-EO14024
OBSHESTVO S OGRANICHENNOJ OTVETSTVENNOSTYU NIPIGAZ IT	RUSSIA-EO14024
OBSHESTVO S OGRANICHENNOJ OTVETSTVENNOSTYU NIPIGAZ AKTIV	RUSSIA-EO14024
LIMITED LIABILITY COMPANY FIVEL	RUSSIA-EO14024
RAHMANI, Ajmal	GLOMAG
PYRAMAXIA LIMITED	GLOMAG
OZEAN IMMOBILIEN PROJEKTENTWICKLUNG VERWALTUNGS- GMBH	GLOMAG
LIMITED LIABILITY COMPANY KOSMOSAVIA	RUSSIA-EO14024
OPEN JOINT STOCK COMPANY RUSSIAN INSTITUTE OF RADIONAVIGATION AND TIME	RUSSIA-EO14024
OZEAN IMMOBILIEN MANAGEMENT GMBH & CO. KG	GLOMAG
LIMITED LIABILITY COMPANY FIFTH ELEMENT TRADING	RUSSIA-EO14024
OZEAN IMMOBILIEN PROJEKTENTWICKLUNG GMBH & CO. KG	GLOMAG
FEDERAL STATE ENTERPRISE YA M SVERDLOV PLANT	UKRAINE-EO13662] [RUSSIA-EO14024
PYRAMAXIA IMMOPROJEKT GMBH & CO. KG	GLOMAG
PUBLIC JOINT STOCK COMPANY SAKHALIN SHIPPING COMPANY	RUSSIA-EO14024
PYRAMAXIA REAL ESTATE DEVELOPMENT GMBH & CO. KG	GLOMAG
OOO MORSKIE PAROMNYE LINII VANINO SAKHALIN	RUSSIA-EO14024
PYRAMAXIA REAL ESTATE GMBH & CO. KG	GLOMAG
RG HOLDINGS LTD	GLOMAG
AO VOSTOK TREID INVEST	RUSSIA-EO14024
SASCO ALDAN	RUSSIA-EO14024
RG GROUP FZE	GLOMAG
SASCO AVACHA	RUSSIA-EO14024
LIMITED LIABILITY COMPANY AK MICROTECH	RUSSIA-EO14024
MCI TRADING DOO BEOGRAD PALILULA	RUSSIA-EO14024
CVETIC, Ivan	RUSSIA-EO14024
LIMITED LIABILITY COMPANY IMEX EXPERT	RUSSIA-EO14024
OZEAN GROUP GMBH	GLOMAG
TOROSOV, Ilya Eduardovich	RUSSIA-EO14024
OZEAN BAUSTOFFE GMBH & CO. KG	GLOMAG
KHERSONTSEV, Aleksey Igorevich	RUSSIA-EO14024
LIMITED LIABILITY COMPANY VEGA STRATEGIC SERVICES	RUSSIA-EO14024
SMOLIN, Anatoliy Anatolyevich	RUSSIA-EO14024
CONSTRUHOGAR	ILLICIT-DRUGS-EO14059
OSMAKOV, Vasiliy Sergeevich	RUSSIA-EO14024
SNIKKARS, Pavel Nikolaevich	RUSSIA-EO14024
GORNIN, Leonid Vladimirovich	RUSSIA-EO14024
STRAMILOV, Igor Mikhailovich	RUSSIA-EO14024
OZEAN HORIZONT BAUMASCHINEN & BAUEQUIPMENT GMBH & CO. KG	GLOMAG
OZEAN HORIZONT BAUWERKE GMBH	GLOMAG
OZEAN HORIZONT ERDARBEITEN GMBH & CO. KG	GLOMAG
OZEAN HORIZONT OBJEKTPLANUNG GMBH & CO. KG	GLOMAG
OZEAN HORIZONT PROJEKTENTWICKLUNGS GMBH & CO. KG	GLOMAG
OZEAN HORIZONT SPEZIALTIEFBAU GMBH & CO. KG	GLOMAG
RG IMMOPROJEKT GMBH & CO. KG	GLOMAG
RG REAL ESTATE DEVELOPMENT GMBH & CO. KG	GLOMAG
RG REAL ESTATE GMBH & CO. KG	GLOMAG
SASCO ANGARA	RUSSIA-EO14024
SASCO ANIVA	RUSSIA-EO14024
THE FERN LIMITED	GLOMAG
PATRIA	RUSSIA-EO14024
ASCENT HOLDINGS LIMITED	GLOMAG
ZEYA	RUSSIA-EO14024
KUNASHIR	RUSSIA-EO14024
NAI LOGISTICS LIMITED	GLOMAG
PARAMUSHIR	RUSSIA-EO14024
ORBIT INTERNATIONAL FZE	GLOMAG
SELENGA	RUSSIA-EO14024
SHANTAR	RUSSIA-EO14024
NAI LOGISTICS B.V.	GLOMAG
JOINT STOCK COMPANY SCIENCE RESEARCH INSTITUTE FOR PRECISE INSTRUMENTS	RUSSIA-EO14024
T-BANK	UKRAINE-EO13662] [RUSSIA-EO14024
JOINT STOCK COMPANY SPECIAL RESEARCH BUREAU OF MOSCOW POWER ENGINEERING INSTITUTE	RUSSIA-EO14024
JOINT STOCK COMPANY COMMERCIAL BANK SOLIDARNOST	RUSSIA-EO14024
SPACE RESEARCH INSTITUTE RUSSIAN ACADEMY OF SCIENCES	RUSSIA-EO14024
NAI ENERGY EUROPE GMBH & CO. KG	GLOMAG
NAI ENERGY EUROPE VERWALTUNGS GMBH	GLOMAG
UNISTREAM COMMERCIAL BANK JSC	RUSSIA-EO14024
JOINT STOCK COMPANY LOCKO BANK	RUSSIA-EO14024
BUOYANT HOLDINGS LIMITED	GLOMAG
NAI EUROPE ENERGY GMBH & CO. KG	GLOMAG
NAI MANAGEMENT GMBH	GLOMAG
OCEAN ESTATE COMPANY LIMITED	GLOMAG
SIMUSHIR	RUSSIA-EO14024
OCEAN ESTATE GMBH	GLOMAG
OCEAN PROPERTIES GMBH	GLOMAG
SAKHALIN 8	RUSSIA-EO14024
OCEAN EUROPE CY LIMITED	GLOMAG
SAKHALIN 9	RUSSIA-EO14024
SAKHALIN 10	RUSSIA-EO14024
RADIANT EK AO	RUSSIA-EO14024
LIMITED LIABILITY COMPANY AB OPTIKS	RUSSIA-EO14024
LIMITED LIABILITY COMPANY FORTAP	RUSSIA-EO14024
CLOSED JOINT STOCK COMPANY KLIMOVSKIY SPECIALIZED AMMUNITION PLANT	RUSSIA-EO14024
D.C.H. DREAM CREATORS HOLDINGS LTD	GLOMAG
RISEONIC HOLDINGS LTD	GLOMAG
LEGO INVESTMENTS EOOD	GLOMAG
RAHMANI GROUP INTERNATIONAL JLT	GLOMAG
ZEM HOLDINGS LTD	GLOMAG
AVEN, Petr Olegovich	RUSSIA-EO14024
FRIDMAN, Mikhail Maratovich	RUSSIA-EO14024
KHAN, German Borisovich	RUSSIA-EO14024
CHEKALOV, Valeriy Yevgenyevich	RUSSIA-EO14024
RIM, Yong Hyok	RUSSIA-EO14024
KUZMICHEV, Alexey Viktorovich	RUSSIA-EO14024
CENTRAL RESEARCH INSTITUTE OF THE RUSSIAN AIR AND SPACE FORCES	RUSSIA-EO14024
FEDERAL STATE UNITARY ENTERPRISE CENTER FOR OPERATION OF SPACE GROUND BASED INFRASTRUCTURE	RUSSIA-EO14024
JOINT STOCK COMPANY AVIATION ELECTRONICS AND COMMUNICATION SYSTEMS	RUSSIA-EO14024
AEM PROPULSION	RUSSIA-EO14024
JOINT STOCK COMPANY SCIENTIFIC AND PRODUCTION ASSOCIATION CRITICAL INFORMATION SYSTEMS	RUSSIA-EO14024
AMEGINO FZE	RUSSIA-EO14024
LEPIN, Vladimir Nikolaevich	RUSSIA-EO14024
RUSSIAN ASSOCIATION OF EMPLOYERS THE RUSSIAN UNION OF INDUSTRIALISTS AND ENTREPRENEURS	RUSSIA-EO14024
AO NPO KURGANPRIBOR	RUSSIA-EO14024
JOINT STOCK COMPANY ASTROPHYSIKA NATIONAL CENTRE OF LASER SYSTEMS AND COMPLEXES	RUSSIA-EO14024
JOINT STOCK COMPANY PETERSBURG SOCIAL COMMERCIAL BANK	RUSSIA-EO14024
SINBAD	DPRK3] [CYBER2
SHIYAM, Ali	SDGT
MANIK, Abdulla Ali	SDGT
MUBEEN, Ahmed	SDGT
INAS, Moosa	SDGT
AHMED, Ameen	SDGT
SHAREEF, Abdulla	SDGT
RAZZAQ, Mohamed Maathiu Abdul	SDGT
SHAFIU, Ali	SDGT
INMA MALDIVES	SDGT
JAZEERAT ALMALDIFI	SDGT
GREEN BIRDS	SDGT
MULTI CONSTRUCTION PVT LTD	SDGT
PANDA MALDIVES PVT LTD	SDGT
DHAWI PVT LTD	SDGT
SIAS INVESTMENT PVT LTD	SDGT
CODE A PARTNERSHIP	SDGT
FRUIT PLUS MALDIVES PVT LTD	SDGT
AL ATHMAAR	SDGT
LAROSA	SDGT
3ZED INVESTMENT	SDGT
FURAHA CONSTRUCTION PVT LTD	SDGT
DESIGNER GARAGE	SDGT
SOUTHERN STALLIONS PVT LTD	SDGT
GOLDEN WARRIORS INVESTMENT PVT LTD	SDGT
VAALY BROTHERS PVT LTD	SDGT
SYSKON PVT LTD	SDGT
SHINE. X INVESTMENTS PVT LTD	SDGT
ERIYADHU INVESTMENTS PVT LTD	SDGT
JAZEERA PROPERTIES PVT LTD	SDGT
VISIONS MALDIVES PVT LTD	SDGT
STREET INVESTMENTS PVT LTD	SDGT
STREET MOTOR SERVICES	SDGT
WHITE BEACH WATERSPORTS PVT LTD	SDGT
BAUM PVT LTD	SDGT
MAROC INTERNATIONAL PVT LTD	SDGT
SKY NOVA INVESTMENT	SDGT
NEW SUN INVESTMENTS PVT LTD	SDGT
PERFILEV, Vitalij Viktorovic	RUSSIA-EO14024
NASEEM, Jinaau	SDGT
NAUSHAD SHAREEF, Mohamed	SDGT
DIDI, Faris Mohamed	SDGT
NIHADH, Ali	SDGT
THASLEEM, Mohamed	SDGT
RAUF, Ahmed Alif	SDGT
RAUF, Mohamed Inthif	SDGT
RAUF, Ibrahim Aleef	SDGT
AGLEEL, Ahmed	SDGT
SHAMIL, Hussain	SDGT
AFRAAH, Ahmed	SDGT
SHAHEED, Yoosuf	SDGT
DOMINGUEZ HERNANDEZ, Julio Cesar	ILLICIT-DRUGS-EO14059
VIBANCO GARCIA, Jesus Miguel	ILLICIT-DRUGS-EO14059
RADA, Amer Mohamed Akil	SDGT
HELBAWI, Mahdy Akil	SDGT
ZANGA S.A.S.	SDGT
BCI TECHNOLOGIES C.A.	SDGT
RADA, Samer Akil	SDGT
BLACK DIAMOND SARL	SDGT
AJROUCH, Ali Ismail	SDGT
ALEKSIN, Dzmitry Aliakseevich	BELARUS-EO14038
ALEKSIN, Vital Aliakseevich	BELARUS-EO14038
ALEKSINA, Ina Vladimirovna	BELARUS-EO14038
OPEN JOINT STOCK COMPANY MINSK CIVIL AVIATION PLANT 407	BELARUS-EO14038
LIMITED LIABILITY COMPANY VERUS	DPRK
HAKIZIMANA, Apollinaire	DRCONGO
UWIMBABAZI, Sebastien	DRCONGO
PROTOGENE, Ruvugayimikore	DRCONGO
BYAMUNGU, Bernard	DRCONGO
TOKOLONGA, Salomon	DRCONGO
DEFENSE ENGINEERING LIMITED LIABILITY PARTNERSHIP	DPRK
VERSOR S.R.O.	DPRK
SALAMEH, Raja	LEBANON
HOAYEK, Marianne	LEBANON
SALAMEH, Nady	LEBANON
SALAMEH, Riad	LEBANON
KOSAKOVA, Anna	LEBANON
RAHMANI, Mir Rahman	GLOMAG
FIDELIS LOGISTIC AND SUPPLY SERVICES	GLOMAG
SECURE MOVEMENT LOGISTICS SERVICES	GLOMAG
OZEAN DEVELOPMENT REAL ESTATE GMBH & CO. KG	GLOMAG
NKALUBO, Mohamed Ali	SDGT
HASSAN ALIYANI, Ahmed Mahamud	SDGT
OZEAN REAL ESTATE GMBH & CO. KG	GLOMAG
ALPHAONE PHARMACEUTICAL B.V.	GLOMAG
NAHLA, Zuhair Subhi	SDGT
GREEN WITHOUT BORDERS	SDGT
SULEIMAN SHAH BRIGADE	PAARSSR-EO13894
AL-JASIM, Mohammad Hussein	PAARSSR-EO13894
AL-JASIM, Walid Hussein	PAARSSR-EO13894
HAMZA DIVISION	PAARSSR-EO13894
ABU BAKR, Sayf Boulad	PAARSSR-EO13894
AL-SAFIR OTO	PAARSSR-EO13894
VELESSTROI LIMITED LIABILITY COMPANY	UKRAINE-EO13662] [RUSSIA-EO14024
WIN, Khin Phyu	BURMA-EO14014
TUN, Zaw Min	BURMA-EO14014
SHOON ENERGY PTE. LTD.	BURMA-EO14014
P.E.I ENERGY PTE. LTD.	BURMA-EO14014
PEIA PTE. LTD.	BURMA-EO14014
SHAPUROVA, Olena Oleksandrivna	RUSSIA-EO14024
CHALAEV, Zamid Alievich	RUSSIA-EO14024
KADYROVA, Aymani Nesievna	RUSSIA-EO14024
PYATYKH, Galina Anatolevna	RUSSIA-EO14024
FEDERAL STATE BUDGETARY EDUCATIONAL INSTITUTE INTERNATIONAL CHILDREN CENTER ARTEK	RUSSIA-EO14024
FEDORENKO, Konstantin Albertovich	RUSSIA-EO14024
CHERKASOVA, Irina Aleksandrovna	RUSSIA-EO14024
AGEEVA, Irina Anatolyevna	RUSSIA-EO14024
SOLTAEV, Mansur Mussaevich	RUSSIA-EO14024
KHUCHIEV, Muslim Magomedovich	RUSSIA-EO14024
KOVALENKO, Vladimir Vladislavovich	RUSSIA-EO14024
NECHAEV, Vladimir Dmitrievich	RUSSIA-EO14024
SEMENOV, Roman	DPRK3
OOO NOVYI AI TI PROEKT	RUSSIA-EO14024
SILKWAY LIMITED LIABILITY COMPANY	RUSSIA-EO14024
JOINT STOCK COMPANY GAVRILOV YAM MACHINE BUILDING PLANT AGAT	RUSSIA-EO14024
OBSHCHESTVO S OGRANICHENNOI OTVETSTVENNOSTYU KOMMERCHESKI BANK SINKO BANK	RUSSIA-EO14024
MONTAZEROLMEHDI, Saeed	IRAN-HR
NADERIAN, Ahmad	IRAN-HR
POURJAMSHIDIAN, Ali Akbar	IRGC] [IFSR] [IRAN-HR
PISHGAM ELECTRONIC SAFEH COMPANY	NPWMD] [IFSR
JANGHORBANI, Hamid Reza	NPWMD] [IFSR
HONGKONG HIMARK ELECTRON MODEL LIMITED	NPWMD] [IFSR
DAL ENERJI MADENCILIK TURIZM SANAYI VE TICARET ANONIM SIRKETI	NPWMD] [IFSR
FARHAD GHAEDI WHOLESALERS LLC	NPWMD] [IFSR
ANKA PORT IC VE DIS TICARET INSAAT LOJISTIK SANAYI LIMITED SIRKETI	NPWMD] [IFSR
FAN, Yang	NPWMD] [IFSR
MARGIANA INSAAT DIS TICARET LIMITED SIRKETI	RUSSIA-EO14024
LIMITED LIABILITY COMPANY BROKER EXPERT	RUSSIA-EO14024
LOGISTIQUE ECONOMIQUE ETRANGERE SARLU	RUSSIA-EO14024
DAGALO, Abdelrahim Hamdan	SUDAN-EO14098
OOO VNESHEKOSTIL	RUSSIA-EO14024
AKTSIONERNOE OBSHCHESTVO TASKOM	RUSSIA-EO14024
OOO BITTERIYA	RUSSIA-EO14024
OOO AITI TSENTR	RUSSIA-EO14024
OOO LANPRINT	RUSSIA-EO14024
OOO TRIALKOM	RUSSIA-EO14024
EASTERN TRADE LIMITED LIABILITY COMPANY	RUSSIA-EO14024
OOO ENKOR GRUPP	RUSSIA-EO14024
OOO MAKRO GRUPP	RUSSIA-EO14024
INTECH ENGINEERING LTD	RUSSIA-EO14024
FLYTECHGROUP LIMITED LIABILITY COMPANY	RUSSIA-EO14024
GLOBALTRANS LIMITED	RUSSIA-EO14024
OOO MAYAK	RUSSIA-EO14024
NPK FOTONIKA LIMITED LIABILITY COMPANY	RUSSIA-EO14024
LIMITED LIABILITY COMPANY ASERVICE	RUSSIA-EO14024
OOO SOLAR SEKYURITI	RUSSIA-EO14024
VERTIKAL LIMITED	RUSSIA-EO14024
LIMITED LIABILITY COMPANY STRELOI	RUSSIA-EO14024
SIBERICA OY	RUSSIA-EO14024
BUZIN, Ilya Andreevich	RUSSIA-EO14024
TEMIN, Gabriel	RUSSIA-EO14024
TEMIN, Catherine Esther	RUSSIA-EO14024
LUMINOR OY	RUSSIA-EO14024
OOO VMK	RUSSIA-EO14024
JOINT STOCK COMPANY UNITED METALLURGICAL COMPANY	UKRAINE-EO13662] [RUSSIA-EO14024
KRIVORUCHKO, Ekaterina Vladimirovna	RUSSIA-EO14024
AHMADINEJAD, Mahmoud	IRAN] [HOSTAGES-EO14078
JOINT STOCK COMMERCIAL BANK AK BARS PUBLIC JOINT STOCK COMPANY	UKRAINE-EO13662] [RUSSIA-EO14024
DEMIRCI BILISIM TICARET SANAYI LIMITED SIRKETI	RUSSIA-EO14024
AKTSIONERNOE OBSHCHESTVO PLUTON	RUSSIA-EO14024
JSC AGD DIAMONDS	RUSSIA-EO14024
GRIB DIAMONDS	RUSSIA-EO14024
SVETLANA ROST JOINT STOCK COMPANY	RUSSIA-EO14024
OBSHCHESTVO S OGRANICHENNOI OTVETSTVENNOSTYU ROST PROGRESS	RUSSIA-EO14024
JOINT STOCK COMPANY SPECIAL ECONOMIC ZONE TECHNOPOLIS MOSCOW	RUSSIA-EO14024
FEDERAL STATE ENTITY UNITARY ENTERPRISE ROSTOV ON DON RESEARCH INSTITUTE OF RADIO COMMUNICATIONS	RUSSIA-EO14024
JOINT STOCK COMPANY AVTOVAZ	UKRAINE-EO13662] [RUSSIA-EO14024
JOINT STOCK COMPANY MOSCOW AUTOMOTIVE FACTORY MOSKVICH	RUSSIA-EO14024
LIMITED LIABILITY COMPANY MACHINE BUILDING PLANT TONAR	UKRAINE-EO13662] [RUSSIA-EO14024
PUBLICHNOE AKTSIONERNOE OBSCHESTVO SOLLERS	UKRAINE-EO13662] [RUSSIA-EO14024
OBSHCHESTVO S OGRANICHENNOI OTVETSTVENNOSTYU INFORSER INZHINIRING	RUSSIA-EO14024
KHOKHLUN, Andrei Rostislavovich	RUSSIA-EO14024
LIMITED LIABILITY COMPANY KEKO R	RUSSIA-EO14024
ARKTEC TEHNOLOGIJE NA PODROCJU ELEKTRONIKE DOO	RUSSIA-EO14024
ZHUYKOV, Andrey	CYBER2
GALOCHKIN, Maksim	CYBER2
RUDENSKIY, Maksim	CYBER2
TSAREV, Mikhail Mikhailovich	CYBER2
PUTILIN, Dmitry Sergeyevich	CYBER2
KHALIULLIN, Maksim Marselevich	CYBER2
LOGUNTSOV, Sergey	CYBER2
VALIAKHMETOV, Vadym Firdavysovych	CYBER2
KUROV, Artem	CYBER2
CHERNOV, Mikhail Vadimovich	CYBER2
MOZHAEV, Alexander Vyacheslavovich	CYBER2
KSK GROUP	RUSSIA-EO14024
OOO KSK AUDIT	RUSSIA-EO14024
CHUBAROV, Aleksey Sergeyevich	RUSSIA-EO14024
JOINT STOCK COMPANY MECHANICAL ENGINEERING RESEARCH INSTITUTE	RUSSIA-EO14024
LIMITED LIABILITY COMPANY GAZPROM NEDRA	RUSSIA-EO14024
AKTSIONERNOE OBSHCHESTVO ULYANOVSKII PATRONNYI ZAVOD	RUSSIA-EO14024
YAFTAR PAZHOHAN PISHTAZ RAYANESH LIMITED COMPANY	IRAN-EO13846
ABDOLLAHPOUR, Mohammad	IRGC] [IFSR] [IRAN-HR
BAKHSH HABIBI, Roham	IRAN-HR
GHEIB PARVAR, Gholamhossein	IRGC] [IFSR] [IRAN-HR
SARANI, Khodarahm	IRGC] [IFSR] [IRAN-HR
TASNIM NEWS AGENCY	IRGC] [IFSR] [IRAN-HR
GHOLIZADEH, Majid	IRGC] [IFSR] [IRAN-HR
MOGHADAM FAR, Hamidreza	IRGC] [IFSR] [IRAN-HR
SHAKARAMI, Jamal	IRGC] [IFSR] [IRAN-HR
MAJIDI, Mazaher	IRGC] [IFSR] [IRAN-HR
REYHANI, Bahman	IRGC] [IFSR] [IRAN-HR
TAHERI, Ahmad	IRAN-HR
NAUCHNO PROIZVODSTVENNOE PREDPRIYATIE ITELMA	RUSSIA-EO14024
SAFAVI, Seyyed Khalil	IRAN-HR
SHAHRESTANI, Hassan Mofakhami	IRAN-HR
JOINT STOCK COMPANY GAZSTROYPROM	UKRAINE-EO13662] [RUSSIA-EO14024
LIMITED LIABILITY COMPANY BALTINFOKOM	RUSSIA-EO14024
AKTSIONERNOE OBSHCHESTVO MOSINZHPROEKT	RUSSIA-EO14024
JOINT STOCK COMPANY ECHELON UNION FOR SCIENCE AND DEVELOPMENT	RUSSIA-EO14024
OPEN JOINT STOCK COMPANY TIKHORETSK MACHINE CONSTRUCTION PLANT V.V. VOROVSKY	UKRAINE-EO13662] [RUSSIA-EO14024
KIROVSKY ZAVOD PUBLIC JOINT STOCK COMPANY	RUSSIA-EO14024
AKTSIONERNOE OBSHCHESTVO BASHVZRYVTEKHNOLOGII	RUSSIA-EO14024
JOINT STOCK COMPANY HMS GROUP	RUSSIA-EO14024
TRANSSTROIMEKHANIZATSIYA LIMITED LIABILITY COMPANY	RUSSIA-EO14024
KOCHKIN, Aleksander Viktorovich	RUSSIA-EO14024
RUSSIAN HIGHWAYS STATE COMPANY	RUSSIA-EO14024
SHEVELIN, Pavel Pavlovich	RUSSIA-EO14024
JOINT STOCK COMPANY DUBNENSKY MACHINE BUILDING PLANT NAMED AFTER NP FEDOROV	RUSSIA-EO14024
LLC CHELYABINSK TRACTOR PLANT URALTRAK	RUSSIA-EO14024
OPEN JOINT STOCK COMPANY MUROMTEPLOVOZ	RUSSIA-EO14024
61ST ARMORED VEHICLE REPAIR PLANT JOINT STOCK COMPANY	RUSSIA-EO14024
71ST AUTOMOTIVE AND ARMORED VEHICLE REPAIR PLANT FEDERAL STATE OWNED INSTITUTION OF THE RUSSIAN FEDERATION MINISTRY OF DEFENSE	RUSSIA-EO14024
72ND AUTOMOTIVE AND ARMORED VEHICLE REPAIR PLANT FEDERAL STATE OWNED INSTITUTION OF THE RUSSIAN FEDERATION MINISTRY OF DEFENSE	RUSSIA-EO14024
PAWLOWSKA HANAFIN, Katarzyna Ewa	RUSSIA-EO14024
LIMITED LIABILITY COMPANY OZERNAYA ENERGETICHESKAYA KOMPANIYA	RUSSIA-EO14024
LIMITED LIABILITY COMPANY PUTORANSKAYA GORNAYA KOMPANIYA	RUSSIA-EO14024
LIMITED LIABILITY COMPANY PROMBIZNES	RUSSIA-EO14024
INTERNATIONAL LIMITED LIABILITY COMPANY RUSSIAN COPPER COMPANY LIMITED	RUSSIA-EO14024
LIMITED LIABILITY COMPANY RCC TRADING	RUSSIA-EO14024
LIMITED LIABILITY COMPANY CARBON	RUSSIA-EO14024
UNITED ARCTIC COMPANY LLC	RUSSIA-EO14024
JOINT STOCK COMPANY RUSSIAN COPPER COMPANY	RUSSIA-EO14024
ALTUSHKIN, Igor Alekseevich	RUSSIA-EO14024
LLC VU DIKSON	RUSSIA-EO14024
LIMITED LIABILITY COMPANY POLYARNAYA ENERGETICHESKAYA KOMPANIYA	RUSSIA-EO14024
DENKAR SHIP CONSTRUCTION INCORPORATED COMPANY	RUSSIA-EO14024
LIMITED LIABILITY COMPANY SIBIRSKAYA UGOLNAYA KOMPANIYA	RUSSIA-EO14024
LIMITED LIABILITY COMPANY ARKTIK LOGISTIK	RUSSIA-EO14024
LIMITED LIABILITY COMPANY PROMRESHENIE	RUSSIA-EO14024
ARCTIC TRANSSHIPMENT LIMITED LIABILITY COMPANY	RUSSIA-EO14024
LIMITED LIABILITY COMPANY TAYMYRSKIE RESURSY	RUSSIA-EO14024
LIMITED LIABILITY COMPANY TAYMYRSKAYA GORNAYA KOMPANIYA	RUSSIA-EO14024
LIMITED LIABILITY COMPANY RAZREZ POLYARNIY	RUSSIA-EO14024
ABEDZADEH, Abdolreza	SDGT] [IFSR
LIMITED LIABILITY COMPANY AMURSKAYA GORNO RUDNAYA KOMPANIYA	RUSSIA-EO14024
SAFYANOV, Yuri Pavlovich	RUSSIA-EO14024
LIMITED LIABILITY COMPANY DALNEVOSTOCHNAYA GORNO RUDNAYA KOMPANIYA	RUSSIA-EO14024
LLC RUSSIAN ENERGY GROUP	RUSSIA-EO14024
KORYAK FSU	RUSSIA-EO14024
LIMITED LIABILITY COMPANY ENERGOPROM	RUSSIA-EO14024
LIMITED LIABILITY COMPANY ARCTICGEO	RUSSIA-EO14024
LIMITED LIABILITY COMPANY SEVERNAYA ENERGETICHESKAYA KOMPANIYA	RUSSIA-EO14024
LIMITED LIABILITY COMPANY VORKUTA MANAGEMENT COMPANY	RUSSIA-EO14024
LIMITED LIABILITY COMPANY YANSKAYA GORNAYA KOMPANIYA	RUSSIA-EO14024
LIMITED LIABILITY COMPANY POLYARNAYA GORNO RUDNAYA KOMPANIYA	RUSSIA-EO14024
JSC VORKUTAUGOL	RUSSIA-EO14024
MOUSAABADI, Abbasali Mohammadian	IRAN-HR
LIMITED LIABILITY COMPANY SEVERNAYA ALMAZNAYA KOMPANIYA	RUSSIA-EO14024
LIMITED LIABILITY COMPANY RAZREZ LEMBEROVSKIY	RUSSIA-EO14024
AMJADIAN, Hossein	IRAN-HR
ALGHASI-MEHR, Delavar	IRAN-HR
GOUDARZI, Mohammad Moazzami	IRAN-HR
JOINT STOCK COMPANY 144 ARMORED REPAIR PLANT	RUSSIA-EO14024
GREEN ENERGY SOLUTIONS PROJECT MANAGEMENT SERVICES SOLE PROPRIETORSHIP LLC	RUSSIA-EO14024
JSC 560 ARMORED REPAIR PLANT	RUSSIA-EO14024
LIMITED LIABILITY COMPANY PYASINSKAYA GORNAYA KOMPANIYA	RUSSIA-EO14024
JSC OMSK TRANSPORT MACHINE FACTORY OMSKTRANSMASH	RUSSIA-EO14024
JOINT STOCK COMPANY EXPERIMENTAL DESIGN BUREAU NOVATOR	RUSSIA-EO14024
JOINT STOCK COMPANY 419 AIRCRAFT REPAIR PLANT	RUSSIA-EO14024
LIMITED LIABILITY COMPANY INFORION	RUSSIA-EO14024
SCIENTIFIC INDUSTRIAL COMPANY DIPAUL PRIVATE JOINT STOCK COMPANY	RUSSIA-EO14024
JOINT STOCK COMPANY OMSK PLANT OF CIVIL AVIATION	RUSSIA-EO14024
OBSHCHESTVO S OGRANICHENNOI OTVETSTVENNOSTYU A1	RUSSIA-EO14024
SAAM FSU	RUSSIA-EO14024
OBSHCHESTVO S OGRANICHENNOI OTVETSTVENNOSTYU INVESTITSIONNAYA KOMPANIYA A1	RUSSIA-EO14024
LIMITED LIABILITY COMPANY SKAY17	RUSSIA-EO14024
JOINT STOCK COMPANY KRAFTWAY CORPORATION PLS	RUSSIA-EO14024
LIMITED LIABILITY COMPANY KVARTA VK	RUSSIA-EO14024
OPEN JOINT STOCK COMPANY AERO ENGINE SCIENTIFIC AND TECHNICAL COMPANY SOYUZ	RUSSIA-EO14024
JOINT STOCK COMPANY SIGNALTEK	RUSSIA-EO14024
OPEN JOINT STOCK COMPANY BALASHIKHINSKIY LITEYNO MEKHANICHESKIY ZAVOD	RUSSIA-EO14024
LIMITED LIABILITY COMPANY TRIBIT	RUSSIA-EO14024
OKROYAN, Mkrtich Okroevich	RUSSIA-EO14024
LIMITED LIABILITY COMPANY LIS GRUPP	RUSSIA-EO14024
BABAN, Alla Fedorovna	RUSSIA-EO14024
LIMITED LIABILITY COMPANY STATUS COMPLAINS	RUSSIA-EO14024
OKROYAN, Anna Mkrtichevna	RUSSIA-EO14024
FARS NEWS AGENCY	IRGC] [IFSR] [IRAN-HR
OKROYAN, Andranik Mkrtichovich	RUSSIA-EO14024
TIRANDAZ, Payam	IRAN-HR
OKROYAN, Arutyun Okroevich	RUSSIA-EO14024
TRANSMASHHOLDING JSC	UKRAINE-EO13662] [RUSSIA-EO14024
CTL DIS TICARET LIMITED SIRKETI	RUSSIA-EO14024
MAKHMUDOV, Iskandar Kakhramonovich	RUSSIA-EO14024
MAKHMUDOV, Dzhakhangir Iskandarovich	RUSSIA-EO14024
BOKAREV, Andrei Removich	RUSSIA-EO14024
LIMITED LIABILITY COMPANY REDMETKONTSENTRAT	RUSSIA-EO14024
SYROVATSKAYA, Olga Vladimironva	RUSSIA-EO14024
LIMITED LIABILITY COMPANY NERUDNAYA KOMPANIYA	RUSSIA-EO14024
PRESS TV	IRAN-EO13846
LIMITED LIABILITY COMPANY TREIDKOM	RUSSIA-EO14024
ABEDINEJAD, Alireza	IRAN-EO13846
NAJAFIANPUR, Amer	IRAN-EO13846
KASAEI, Soheila	IRAN-EO13846
LIMITED LIABILITY COMPANY MV	RUSSIA-EO14024
LIMITED LIABILITY COMPANY UPTS VORKUTA	RUSSIA-EO14024
LIMITED LIABILITY COMPANY ENTRAR	RUSSIA-EO14024
LIMITED LIABILITY COMPANY ZHEMCHUZHINA ARKTIKI	RUSSIA-EO14024
LLC ARMZ MINING MACHINES	RUSSIA-EO14024
LIMITED LIABILITY COMPANY LOGISTIC INTERNATIONAL SERVIS	RUSSIA-EO14024
ALSHOFA, Ali Abdulnabi Ahmed Ebrahim M	SDGT
SARHAN, Hasan Ahmed Radhi Husain	SDGT
SALMAN, Isa Saleh Isa Mohamed	SDGT
JSC ENERGIES	RUSSIA-EO14024
NOVA ENERGIES LIMITED LIABILITY COMPANY	RUSSIA-EO14024
LIMITED LIABILITY COMPANY ARCTIC ENERGIES	RUSSIA-EO14024
LIMITED LIABILITY COMPANY KRASNOYARSKAYA ENERGETICHESKAYA KOMPANIYA	RUSSIA-EO14024
BOIS ROUGE SARLU	RUSSIA-EO14024
LIMITED LIABILITY COMPANY MOSCOW BUSINESS BROKERAGE	RUSSIA-EO14024
LIMITED LIABILITY COMPANY INTERNATIONAL BUSINESS CORPORATION	RUSSIA-EO14024
ROMANOV PARTSKHALADZE, Otar Anzorovich	RUSSIA-EO14024
MOHAMMADI, Gholamali	IRAN-HR
ONISHCHENKO, Aleksandr Vladimirovich	RUSSIA-EO14024
HANAFI, Khalid	GLOMAG
MAHMOOD, Fariduddin	GLOMAG
ZHDANOVA, Ekaterina Valeryevna	RUSSIA-EO14024
ORKA HOLDING AD	BALKANS-EO14033
KAMCHEV KONSALTING SKOPJE DOOEL	BALKANS-EO14033
ORKA FAJNANS SKOPJE DOOEL	BALKANS-EO14033
SISTINA LAJF KEAR SENTAR SKOPJE DOOEL	BALKANS-EO14033
GAMBASHIDZE, Ilya Andreevich	RUSSIA-EO14024
TUPIKIN, Nikolai Aleksandrovich	RUSSIA-EO14024
SOCIAL DESIGN AGENCY	RUSSIA-EO14024
COMPANY GROUP STRUCTURA LLC	RUSSIA-EO14024
VACIC, Misa	RUSSIA-EO14024
ASSET ELECTRO LLC	RUSSIA-EO14024
POPOVIC, Nenad	RUSSIA-EO14024
MOSEN ESSET MENEDZHMENT LLC	RUSSIA-EO14024
DOMINION TVERSKAYA YAROSLAVSKAYA LLC	RUSSIA-EO14024
DOMINION NIKOLSKI LLC	RUSSIA-EO14024
ASSET AUTOMATION LLC	RUSSIA-EO14024
JOINT STOCK COMPANY ALL-RUSSIAN SCIENTIFIC RESEARCH DESIGN AND TECHNOLOGICAL INSTITUTE OF RELAY ENGINEERING WITH EXPERIMENTAL PRODUCTION	RUSSIA-EO14024
JEP PETROCHEMICAL TRADING L.L.C	SDGT
AVILA VILLADIEGO, Jobanis de Jesus	ILLICIT-DRUGS-EO14059
GSK ADVANCE COMPANY LTD	SUDAN-EO14098
AVIATRADE LLC	SUDAN-EO14098
KARTI MOHAMED, Ali Ahmed	SUDAN-EO14098
JINHU MINSHENG PHARMACEUTICAL MACHINERY CO. LTD	ILLICIT-DRUGS-EO14059
KAMCEVA, Ratka Kunoska	BALKANS-EO14033
SAMSONENKO, Irina	BALKANS-EO14033
SAMSONENKO, Sergey	BALKANS-EO14033
SHEN, Xingbiao	ILLICIT-DRUGS-EO14059
DJEBELIBAK, Bahman	ILLICIT-DRUGS-EO14059
VALERIAN LABS, INC.	ILLICIT-DRUGS-EO14059
VALERIAN LABS DISTRIBUTION CORP.	ILLICIT-DRUGS-EO14059
KAZAN	RUSSIA-EO14024
VNIIR GIDROELEKTROAVTOMATIKA JSC	RUSSIA-EO14024
VNIIR TRANSSTROI LLC	RUSSIA-EO14024
JIANGSU BANGDEYA NEW MATERIAL TECHNOLOGY CO., LTD.	ILLICIT-DRUGS-EO14059
WANG, Jiantong	ILLICIT-DRUGS-EO14059
XIA, Fengbing	ILLICIT-DRUGS-EO14059
XINGTAI DONG CHUANG NEW MATERIAL TECHNOLOGY CO., LTD.	ILLICIT-DRUGS-EO14059
VNIIR PROMELEKTRO LLC	RUSSIA-EO14024
ABS ELECTROTEKHNIKA LLC	RUSSIA-EO14024
SABERIN KISH COMPANY	NPWMD] [IRGC] [IFSR
JSC ABS ZEIM AUTOMATION	RUSSIA-EO14024
ELECTRO OPTIC SAIRAN INDUSTRIES CO.	NPWMD] [IFSR
DALI RF TECHNOLOGY CO., LIMITED	NPWMD] [IFSR
NANXIGU TECHNOLOGY CO., LIMITED	NPWMD] [IFSR
KAMI GROUP LIMITED LIABILITY COMPANY	RUSSIA-EO14024
ZAVOD PRIBORNYKH PODSHIPNIKOV LIMITED LIABILITY COMPANY	RUSSIA-EO14024
PROMYSHLENNAYA GRUPPA VEKPROM LIMITED LIABILITY COMPANY	RUSSIA-EO14024
STANKI.RU LIMITED LIABILITY COMPANY	RUSSIA-EO14024
HANHONG PHARMACEUTICAL TECHNOLOGY CO., LTD.	ILLICIT-DRUGS-EO14059
HEBEI GUANLANG BIOTECHNOLOGY CO., LTD.	ILLICIT-DRUGS-EO14059
HEBEI CROVELL BIOTECH CO., LTD.	ILLICIT-DRUGS-EO14059
DAVIDOVIC, Miodrag	BALKANS-EO14033
MICUNOVIC, Branislav	BALKANS-EO14033
ZHANG, Wei	ILLICIT-DRUGS-EO14059
HUBEI VAST CHEMICAL CO., LIMITED	ILLICIT-DRUGS-EO14059
GAO, Lanfang	ILLICIT-DRUGS-EO14059
YANG, Qi	ILLICIT-DRUGS-EO14059
HEBEI GUANLANG BIOTECHNOLOGY CO., LIMITED	ILLICIT-DRUGS-EO14059
GAN, Xuebi	ILLICIT-DRUGS-EO14059
CVIJETINOVIC, Savo	RUSSIA-EO14024
SONG, Xueqin	ILLICIT-DRUGS-EO14059
INZINJERING-BN BIJELJINA D.O.O.	RUSSIA-EO14024
DU, Changgen	ILLICIT-DRUGS-EO14059
SHANGHAI JARRED INDUSTRIAL CO., LTD.	ILLICIT-DRUGS-EO14059
HEBEI XIUNA TRADING CO., LTD.	ILLICIT-DRUGS-EO14059
WANG, Mingming	ILLICIT-DRUGS-EO14059
WANG, Shucheng	ILLICIT-DRUGS-EO14059
HEBEI YAXIN RESTAURANT MANAGEMENT CO., LTD.	ILLICIT-DRUGS-EO14059
QINGDAO CEMO TECHNOLOGY DEVELOP CO., LTD.	ILLICIT-DRUGS-EO14059
WANG, Tianmin	ILLICIT-DRUGS-EO14059
WANG, Mingjing	ILLICIT-DRUGS-EO14059
REIHANI, Jaber	IRAN-CON-ARMS-EO
KIMSUKY	DPRK2
GHALANDARI, Seyed Hamzeh	IRAN-CON-ARMS-EO
PROMOIL LIMITED LIABILITY COMPANY	RUSSIA-EO14024
JOINT STOCK COMPANY OMUTNINSK METALLURGICAL PLANT	RUSSIA-EO14024
AKTSIONERNOE OBSHCHESTVO MASHINOSTROITELNYI KHOLDING	RUSSIA-EO14024
AKTSIONERNOE OBSHCHESTVO IPK FINVAL	RUSSIA-EO14024
LUMBER MARINE SA	RUSSIA-EO14024
SCF PRIMORYE	RUSSIA-EO14024
PLANAR RESEARCH AND PRODUCTION HOLDINGS FOR PRECISION ENGINEERING	BELARUS-EO14038
GAZPROMNEFT SCIENCE AND TECHNOLOGY CENTRE LIMITED LIABILITY COMPANY	RUSSIA-EO14024
GAZPROMNEFT CATALYTIC SYSTEM LIMITED LIABILITY COMPANY	RUSSIA-EO14024
IRS LASER TECHNOLOGY LIMITED LIABILITY COMPANY	RUSSIA-EO14024
SCIENTIFIC AND TECHNICAL CENTER PRIVODNAYA TEHNIKA LIMITED LIABILITY COMPANY	RUSSIA-EO14024
RADFAR, Amir	NPWMD] [IFSR
'ABD-AL-DAYIM NASRALLAH, Muhammad Ahmad	SDGT
SOLEIMANI, Vahid	NPWMD] [IFSR
ISLAMIC REPUBLIC OF IRAN AIR FORCE	IRAN-CON-ARMS-EO
SISTEMA PUBLIC JOINT STOCK FINANCIAL CORPORATION	UKRAINE-EO13662] [RUSSIA-EO14024
OBSHCHESTVO S OGRANICHENNOI OTVETSTVENNOSTYU INNOVATSIONNYE TEKHNOLOGII I MATERIALY	RUSSIA-EO14024
URALDOMNOREMONT EKATERINBURG	RUSSIA-EO14024
LIMITED LIABILITY COMPANY TEK KOM MANUFACTURING	RUSSIA-EO14024
ZAKRYTOE AKTSIONERNOE OBSHCHESTVO MAGNITOGORSKII ZAVOD PROKATNYKH VALKOV	RUSSIA-EO14024
AKTSIONERNOE OBSHCHESTVO RUST 95	RUSSIA-EO14024
BALTPROMSERVIS	RUSSIA-EO14024
STAN LLC	RUSSIA-EO14024
STANKOMASHSTROY	RUSSIA-EO14024
STANKOPROM OOO	RUSSIA-EO14024
PUBLIC JOINT STOCK COMPANY SASTA	RUSSIA-EO14024
LLC NIZHNEKAMSK MECHANICAL PLANT	RUSSIA-EO14024
HOTH, Gatluak Nyang	SOUTH SUDAN
WAJANG, Joseph Mantiel	SOUTH SUDAN
BIEL, Gordon Koang	SOUTH SUDAN
DUDIN, Musa Muhammad Salim	SDGT
ALSHAWA, Amer Kamal Sharif	SDGT
JAHLEB, Ahmed Sadu	SDGT
AL-DUWAIK, Aiman Ahmad	SDGT
JADALLAH, Walid Mohammed Mustafa	SDGT
JOINT STOCK COMPANY SCIENTIFIC AND PRODUCTION ENTERPRISE POLYOT	RUSSIA-EO14024
KHAIR, Abdelbasit Hamza Elhassan Mohamed	SDGT
NOFAL, Ayman	SDGT
BUY CASH MONEY AND MONEY TRANSFER COMPANY	SDGT
ALAQAD, Ahmed M. M.	SDGT
GRUPO MINERO BARRA PACIFICO, S.A.P.I. DE C.V.	ILLICIT-DRUGS-EO14059
CENTRAL INSTITUTE OF AVIATION MOTORS	RUSSIA-EO14024
OOO TD PODSHIPNIK TRADE	RUSSIA-EO14024
OOO TD SIBIRSKIY PODSHIPNIK	RUSSIA-EO14024
ZAVOD PODSHIPNIKOVYKH UZLOV	RUSSIA-EO14024
OOO ABSOLYUT SHAR	RUSSIA-EO14024
SARMAD ELECTRONIC SEPAHAN COMPANY	NPWMD] [IFSR
OOO INSTRUMENTALNO PODSHIPNIKOVAYA KOMPANIYA	RUSSIA-EO14024
BALTIYSKAYA PROMISHLENNAYA KOMPANIYA	RUSSIA-EO14024
LI, Yongxin	NPWMD] [IFSR
YUNG, Yiu Wa	NPWMD] [IFSR
ICGOO ELECTRONICS LIMITED	NPWMD] [IFSR
DOBROV, Vadim Sergeevich	RUSSIA-EO14024
VYALOV, Aleksandr Aleksandrovich	RUSSIA-EO14024
ERMAKOV, Maksim Yuryevich	RUSSIA-EO14024
OOO TK FLY BRIDGE	RUSSIA-EO14024
ENGINEERING CENTER OF INNOVATIVE TECHNOLOGIES	RUSSIA-EO14024
FREGAT OOO	RUSSIA-EO14024
JOINT STOCK COMPANY SPECIAL ECONOMIC ZONE OF INDUSTRIAL PRODUCTION ALABUGA	UKRAINE-EO13662] [RUSSIA-EO14024
ALBATROS OOO	RUSSIA-EO14024
SHAGIVALEEV, Timur Nailevich	RUSSIA-EO14024
FLOROV, Aleksei Vadimovich	RUSSIA-EO14024
VORONKOV, Ilya Vladimirovich	RUSSIA-EO14024
LIMITED LIABILITY COMPANY ALABUGA MACHINERY	RUSSIA-EO14024
ALABUGA DEVELOPMENT OOO	RUSSIA-EO14024
GEA OOO	RUSSIA-EO14024
GENERAL TECHNOLOGY LIMITED	NPWMD
BEIJING LUO LUO TECHNOLOGY DEVELOPMENT CO LTD	NPWMD
CHANGZHOU UTEK COMPOSITE COMPANY LTD	NPWMD
FANAVARAN SANAT ERTEBATAT COMPANY	NPWMD] [IFSR
LIN, Jinghe	NPWMD] [IFSR
ANBARAN, Armin Ghorsi	NPWMD] [IFSR
HEMSI, Hosein	NPWMD] [IFSR
MATINKIA, Alireza	NPWMD] [IFSR
KOBOLT TRADING FZ LLC	RUSSIA-EO14024
MOBITRONIX LLC	RUSSIA-EO14024
DUBAI SEA BREEZE	RUSSIA-EO14024
PROGRESS SHIPPING COMPANY LIMITED	RUSSIA-EO14024
ALFA LOGISTICS FZCO	RUSSIA-EO14024
TCH CONSULTANCY	RUSSIA-EO14024
PROMKOMPLEKT SINTEZ	RUSSIA-EO14024
NT SERVICE	RUSSIA-EO14024
ZAVOD KOMPLEKSNYE DOROZHNYE MASHINY	RUSSIA-EO14024
AKTSIONERNOE OBSHCHESTVO LAMA	RUSSIA-EO14024
KUZEY LOGISTICS TASIMACILIK ITHALAT IHRACAT VE DIS TICARET LIMITED SIRKETI	RUSSIA-EO14024
AZINT ELEKTRONIK MAKINA GIDA URUNLERI TEKSTIL NAKLIYAT ITHALAT IHRACAT SANAYI TICARET LIMITED	RUSSIA-EO14024
BASILEVS LOJISTIK MEDIKAL TARIM TICARET VE SANAYI LIMITED SIRKETI	RUSSIA-EO14024
BOSPHORUS GATE DIS TICARET LIMITED SIRKETI	RUSSIA-EO14024
HYPEREL FZCO	RUSSIA-EO14024
ALCOTECH INTERNATIONAL TRADING DMCC	RUSSIA-EO14024
FLAVIC FZE	RUSSIA-EO14024
GOLOVTCHENKO, Andrei	RUSSIA-EO14024
LEE, Dongjin	RUSSIA-EO14024
ALFA MACHINERY GROUP	RUSSIA-EO14024
LLC ETALON PRO	RUSSIA-EO14024
STANKIM	RUSSIA-EO14024
LIMITED LIABILITY COMPANY I MACHINE TECHNOLOGY	RUSSIA-EO14024
JSC KOMPOZIT	RUSSIA-EO14024
BAIKOV INSTITUTE OF METALLURGY AND MATERIALS SCIENCE, RUSSIAN ACADEMY OF SCIENCES	RUSSIA-EO14024
LLC RESEARCH AND PRODUCTION ASSOCIATION 3D INTEGRATION	RUSSIA-EO14024
ANISOPRINT RUS LLC	RUSSIA-EO14024
CYBERCOM LIMITED	RUSSIA-EO14024
LLC F2 INNOVATIONS	RUSSIA-EO14024
NIK LLC	RUSSIA-EO14024
JSC IQB TECHNOLOGIES	RUSSIA-EO14024
BAZIS CENTER LLC	RUSSIA-EO14024
JOINT STOCK COMPANY ASCON	RUSSIA-EO14024
AKTSIONERNOE OBSHCHESTVO NAUCHNO PROIZVODSTVENNOE OBYEDINENIE MKM	RUSSIA-EO14024
NAUCHNO PROIZVODSTVENNOE OBYEDINENIE PROMODEL	RUSSIA-EO14024
CSOFT DEVELOPMENT	RUSSIA-EO14024
QUANTORFORM	RUSSIA-EO14024
LIMITED COMPANY LASER SYSTEMS	RUSSIA-EO14024
LLC SPC LASERS AND APPARATUS TM	RUSSIA-EO14024
SYNCAM ADDITIVE CENTER	RUSSIA-EO14024
ADVANCED INDUSTRIAL TECHNOLOGIES GMBH	RUSSIA-EO14024
GAREVSKIKH, Anton	RUSSIA-EO14024
SMART TECHNO GROUP DIS TICARET VE LOJISTIK LIMITED SIRKETI	RUSSIA-EO14024
TECHNOPARTNER TEKNOLOJI URUNLERI BILISIM SANAYI VE TICARET LIMITED SIRKETI	RUSSIA-EO14024
LIMITED LIABILITY COMPANY CLEAN GASES PLUS	RUSSIA-EO14024
RESEARCH AND PRODUCTION COMPANY HORST	RUSSIA-EO14024
SPB EXCHANGE	UKRAINE-EO13662] [RUSSIA-EO14024
JACBAC TECHNOLOGY DIS TICARET LIMITED SIRKETI	RUSSIA-EO14024
GEORGIOU, Georgios	RUSSIA-EO14024
ZHARIKOV, Dmitry Ivanovich	RUSSIA-EO14024
PUBLICHNOE AKTSIONERNOE OBSHCHESTVO KOMMERCHESKI BANK RUSSKI REGIONALNY BANK	RUSSIA-EO14024
ZAKRYTOE AKTSIONERNOE OBSHCHESTVO INSTRUMENT	RUSSIA-EO14024
OBSHCHESTVO S OGRANICHENNOI OTVETSTVENNOSTYU VIDIS GRUPP	RUSSIA-EO14024
AKTSIONERNOE OBSHCHESTVO OPTRON	RUSSIA-EO14024
SKY ROYAL HERO COMPANY LIMITED	BURMA-EO14014
HOME CREDIT & FINANCE BANK LIMITED LIABILITY COMPANY	RUSSIA-EO14024
BLANC BANK LIMITED LIABILITY COMPANY	RUSSIA-EO14024
JOINT STOCK COMPANY RUSSIAN REGIONAL DEVELOPMENT BANK	RUSSIA-EO14024
JOINT STOCK COMPANY POST BANK	UKRAINE-EO13662] [RUSSIA-EO14024
THAN, Charlie	BURMA-EO14014
ZAW, Kan	BURMA-EO14014
AUNG, Swe Swe	BURMA-EO14014
TIKHONOV, Andrei Gennadyevich	RUSSIA-EO14024
EFREMOV, Andrei Anatolyevich	RUSSIA-EO14024
MIN, Zaw	BURMA-EO14014
AYE, Maung Maung	BURMA-EO14014
SUVOROV, Andrei Anatolyevich	RUSSIA-EO14024
QADDOUMI, Khaled	SDGT
CHINA TALY AVIATION TECHNOLOGIES CORP.	RUSSIA-EO14024
JOINT STOCK COMPANY SCAN	RUSSIA-EO14024
JOINT STOCK COMPANY COMPANY SCAN	RUSSIA-EO14024
SENGULER, Alaeddin	SDGT
CHEKUNOV, Igor Gennadyevich	RUSSIA-EO14024
YIGIDOGLU, Gulsah	SDGT
OBSHCHESTVO S OGRANICHENNOI OTVETSTVENNOSTYU ELEKTROKOM VPK	RUSSIA-EO14024
MANGOUSH, Arwa Saleh M	SDGT
ASTRAFTEROS TECHNOKOSMOS LTD	RUSSIA-EO14024
ALESKEEVA, Marina Mikhaylovna	RUSSIA-EO14024
OBSHCHESTVO S OGRANICHENNOI OTVETSTVENNOSTYU FAM KHOLDING	RUSSIA-EO14024
GERBER, Mikhail Yuyevich	RUSSIA-EO14024
OBSHCHESTVO S OGRANICHENNOI OTVETSTVENNOSTYU FAM GRUPP	RUSSIA-EO14024
IVANOV, Anton Mikhaylovich	RUSSIA-EO14024
OBSHCHESTVO S OGRANICHENNOI OTVETSTVENNOSTYU FAM ROBOTIKS	RUSSIA-EO14024
KULASHOVA, Anna Vladimirovna	RUSSIA-EO14024
OBSHCHESTVO S OGRANICHENNOI OTVETSTVENNOSTYU RUSAVTOMATIKA	RUSSIA-EO14024
BORSHCHEV, Daniil Sergeyevich	RUSSIA-EO14024
DUKHVALOV, Andrey Petrovich	RUSSIA-EO14024
ZENKIN, Denis Vladimirovich	RUSSIA-EO14024
OBSHCHESTVO S OGRANICHENNOI OTVETSTVENNOSTYU KHAITIAN SNG	RUSSIA-EO14024
HAITIAN PRECISION LLC	RUSSIA-EO14024
OBSHCHESTVO S OGRANICHENNOI OTVETSTVENNOSTYU SFT	RUSSIA-EO14024
JOINT STOCK COMPANY VNIIR PROGRESS	RUSSIA-EO14024
AL-ANSAR CHARITY ASSOCIATION	SDGT
BEIJING JIAHEHENGDE TECHNOLOGY COMPANY LIMITED	RUSSIA-EO14024
BEIJING SHANGYIXIANDA TECHNOLOGY COMPANY LIMITED	RUSSIA-EO14024
COMMERCIAL BANK ABSOLUT BANK PAO	RUSSIA-EO14024
JOINT STOCK COMPANY RUSSIAN STANDARD BANK	RUSSIA-EO14024
FAIZULLAHI, Ali Ahmad	SDGT] [IRGC] [IFSR
PETROV, Artur Aleksandrovich	RUSSIA-EO14024
ZAWAYA GROUP FOR DEVELOPMENT AND INVESTMENT CO., LTD.	SDGT
AL ZAWAYA GROUP FOR DEVELOPMENT AND INVESTMENT SOCIEDAD LIMITADA	SDGT
LARRYCOM FOR INVESTMENT LTD	SDGT
TADAWUL FINANCIAL SERVICES SAOC	RUSSIA-EO14024
O'REILLY, Dermot	RUSSIA-EO14024
ARX FINANCIAL ENGINEERING LIMITED	RUSSIA-EO14024
TAMANI-PHELLA, Aegli	RUSSIA-EO14024
ISAEV, Beyshen Kasymovich	RUSSIA-EO14024
SOLOZHENTSEVA, Natalia Vladimirovna	RUSSIA-EO14024
SKUTELIS, Donats	RUSSIA-EO14024
FRAHER, Liam Eoin	RUSSIA-EO14024
LIMITED LIABILITY COMPANY GLENIKS TEKHNOLODZHIS	RUSSIA-EO14024
ALI, Nasser Al Sheikh	SDGT
LIMITED LIABILITY COMPANY KISMET CAPITAL GROUP	RUSSIA-EO14024
MOSCOW STATE TECHNICAL UNIVERSITY NAMED AFTER NE BAUMAN	RUSSIA-EO14024
LIMITED LIABILITY COMPANY SPUTNIK ELECTRONICS	RUSSIA-EO14024
SHIRAZI, Ali Morshed	SDGT] [IRGC] [IFSR
LIMITED LIABILITY COMPANY ALFAKOMPONENT	RUSSIA-EO14024
KHANI, Mostafa Mohammad	SDGT] [IRGC] [IFSR
TAVRIN, Ivan Vladimirovich	RUSSIA-EO14024
LIMITED LIABILITY COMPANY TECHNICAL CENTER WINDEQ	RUSSIA-EO14024
TROTSENKO, Gleb Romanovich	RUSSIA-EO14024
LIMITED LIABILITY COMPANY FOTOPARK	RUSSIA-EO14024
A LEVEL AEROSYSTEMS CST LLC	RUSSIA-EO14024
LIMITED LIABILITY COMPANY LANMAX	RUSSIA-EO14024
LIMITED LIABILITY COMPANY BIK INFORM	RUSSIA-EO14024
LIMITED LIABILITY COMPANY INVESTMENT DECISIONS 1	RUSSIA-EO14024
LIMITED LIABILITY COMPANY SPETSTECHNOTRADE	RUSSIA-EO14024
LIMITED LIABILITY COMPANY NANOCHIP	RUSSIA-EO14024
LIMITED LIABILITY COMPANY ZALA AERO	RUSSIA-EO14024
AL-ATILI, Ma'ad Ibrahim Muhammad Rashid	SDGT
LIMITED LIABILITY COMPANY N CHIP MSK	RUSSIA-EO14024
ZAKHAROV, Aleksandr Vyacheslavovich	RUSSIA-EO14024
PUBLIC LEGAL COMPANY MILITARY CONSTRUCTION COMPANY	RUSSIA-EO14024
LIMITED LIABILITY COMPANY INVESTMENT DECISIONS 2	RUSSIA-EO14024
LIMITED LIABILITY COMPANY SPUTNIK SPETSPOSTAVKA	RUSSIA-EO14024
DREAM LITE TRADING LLC	RUSSIA-EO14024
LIMITED LIABILITY COMPANY INVESTMENT DECISIONS 3	RUSSIA-EO14024
LLC LASER COMPONENTS	RUSSIA-EO14024
LIMITED LIABILITY COMPANY ENTEP	RUSSIA-EO14024
LIMITED LIABILITY COMPANY INVESTMENT DECISIONS 5	RUSSIA-EO14024
LIMITED LIABILITY COMPANY LEGION KOMPLEKT	RUSSIA-EO14024
ZAKHAROV, Nikita Aleksandrovich	RUSSIA-EO14024
LIMITED LIABILITY COMPANY INVESTMENT DECISIONS 6	RUSSIA-EO14024
LIMITED LIABILITY COMPANY ORELMETALLPOYLMER	RUSSIA-EO14024
LIMITED LIABILITY COMPANY SCIENTIFIC PRODUCTION COMPANY ELECTRONIC OPTICAL AND MECHANICAL SYSTEMS	RUSSIA-EO14024
LIMITED LIABILITY COMPANY INVESTMENT DECISIONS 7	RUSSIA-EO14024
BESTOP GLOBLE MFG LIMITED	RUSSIA-EO14024
LIMITED LIABILITY COMPANY AEROSCAN	RUSSIA-EO14024
LIMITED LIABILITY COMPANY DZHI EL EL RUS	RUSSIA-EO14024
LIMITED LIABILITY COMPANY EMERGENCY DIGITAL SOLUTIONS	RUSSIA-EO14024
LIMITED LIABILITY COMPANY ADVANTA ELECTRO	RUSSIA-EO14024
BALTELEKTRON LIMITED LIABILITY COMPANY	RUSSIA-EO14024
LIMITED LIABILITY COMPANY RTK	RUSSIA-EO14024
LIMITED LIABILITY COMPANY NEW DECISIONS 1	RUSSIA-EO14024
LIMITED LIABILITY COMPANY DORIS	RUSSIA-EO14024
LIMITED LIABILITY COMPANY NEW MEDIA HOLDING	RUSSIA-EO14024
JOINT STOCK COMPANY NEW HOLDING 1	RUSSIA-EO14024
LIMITED LIABILITY COMPANY NEW DECISIONS 2	RUSSIA-EO14024
LIMITED LIABILITY COMPANY NEW DECISIONS 3	RUSSIA-EO14024
LIMITED LIABILITY COMPANY 7TV MEDIA GROUP	RUSSIA-EO14024
JOINT STOCK COMPANY NEW HOLDING 2	RUSSIA-EO14024
LIMITED LIABILITY COMPANY COMFORT MAX	RUSSIA-EO14024
LIMITED LIABILITY COMPANY NEW DECISIONS 5	RUSSIA-EO14024
LIMITED LIABILITY COMPANY LEX PRIME	RUSSIA-EO14024
LIMITED LIABILITY COMPANY MEDIA 1 MANAGEMENT	RUSSIA-EO14024
LIMITED LIABILITY COMPANY INFRASTRACTURE HOLDING 3	RUSSIA-EO14024
LIMITED LIABILITY COMPANY HOLDING CHOOSE RADIO	RUSSIA-EO14024
NEWAY TECHNOLOGIES LIMITED	RUSSIA-EO14024
LIMITED LIABILITY COMPANY START AERO	RUSSIA-EO14024
MAKRO TIM LIMITED LIABILITY COMPANY	RUSSIA-EO14024
LIMITED LIABILITY COMPANY INFRASTRUCTURE CORPORATION AEON	RUSSIA-EO14024
BLIKSEM COMPUTERS & REQUISITES TRADING COMPANY LLC	RUSSIA-EO14024
LIMITED LIABILITY COMPANY INFRASTRACTURE HOLDING 4	RUSSIA-EO14024
DAFENG ASIA CO LLC	RUSSIA-EO14024
LIMITED LIABILITY COMPANY TSRTI	RUSSIA-EO14024
JOINT STOCK COMPANY NEW HOLDING 3	RUSSIA-EO14024
INTERREGIONAL PUBLIC ORGANIZATION FOR THE PROMOTION OF DOMESTIC TRADITIONS AND CULTURAL HERITAGE VECHE	RUSSIA-EO14024
LIMITED LIABILITY COMPANY INFRASTRACTURE HOLDING 2	RUSSIA-EO14024
LLC BP INZHINIRING	RUSSIA-EO14024
LIMITED LIABILITY COMPANY NEW DECISIONS 4	RUSSIA-EO14024
JOINT STOCK COMPANY RUSSIAN TITANIUM RESOURCES	RUSSIA-EO14024
ZAKHAROVA, Svetlana Nikolaevna	RUSSIA-EO14024
LIMITED LIABILITY COMPANY RADIO REKLAMA VOLOGDA	RUSSIA-EO14024
LIMITED LIABILITY COMPANY MDIKAM EK	RUSSIA-EO14024
LIMITED LIABILITY COMPANY INVEST GROUP	RUSSIA-EO14024
TKACHUK, Anatoliy Nikolaevich	RUSSIA-EO14024
LLC AEON HOLDING DEVELOPMENT	RUSSIA-EO14024
LIMITED LIABILITY COMPANY SCIENTIFIC AND TECHNICAL CENTER ORION	RUSSIA-EO14024
LIMITED LIABILITY COMPANY FINANCE DECISIONS	RUSSIA-EO14024
OSETROVA, Maria Aleksandrovna	RUSSIA-EO14024
NOVIKOV, Alexey Alexeyevich	RUSSIA-EO14024
BESPROZVANNYKH, Aleksey Sergeevich	RUSSIA-EO14024
ZAKHAROV, Lavrentii Aleksandrovich	RUSSIA-EO14024
EAST WEST UNITED BANK SA	RUSSIA-EO14024
LIMITED LIABILITY COMPANY OMP	RUSSIA-EO14024
BONDARENKO, Anastasiya Borisovna	RUSSIA-EO14024
JOINT STOCK COMPANY KREDO	RUSSIA-EO14024
EVTUKHOV, Viktor Leonidovich	RUSSIA-EO14024
KOTELNIKOV, Maksim Alekseyevich	RUSSIA-EO14024
SISTEMA ASIA PTE LTD	RUSSIA-EO14024
LIMITED LIABILITY COMPANY HARTIS DV	RUSSIA-EO14024
JOINT STOCK COMPANY PLASTMASS PLANT	RUSSIA-EO14024
LIMITED LIABILITY COMPANY INTEGRATED SOLUTIONS	RUSSIA-EO14024
DMITRIEV, Dmitriy Alekseyevich	RUSSIA-EO14024
SISTEMA SMARTTEKH	RUSSIA-EO14024
LIMITED LIABILITY COMPANY INFRASTRACTURE HOLDING 1	RUSSIA-EO14024
LIMITED LIABILITY COMPANY RI2	RUSSIA-EO14024
RUSSIAN TITANIUM RESOURCES LIMITED	RUSSIA-EO14024
LIMITED LIABILITY COMPANY ID SOLUTION	RUSSIA-EO14024
LIMITED LIABILITY COMPANY KISMET TELECOM INFRASTRUCTURE	RUSSIA-EO14024
LIMITED LIABILITY COMPANY RECHNIKOV INVEST	RUSSIA-EO14024
IEVLEV, Igor Nikolaevich	RUSSIA-EO14024
LIMITED LIABILITY COMPANY RADIO REKLAMA NN	RUSSIA-EO14024
LIMITED LIABILITY COMPANY YACHT CLUB RIVER PARK NAGATINO	RUSSIA-EO14024
OOO MVIZION	RUSSIA-EO14024
LIMITED LIABILITY COMPANY KISMET TELECOM INFRASTRUCTURE 2	RUSSIA-EO14024
LIMITED LIABILITY COMPANY RIVER PARK	RUSSIA-EO14024
LIMITED LIABILITY COMPANY ARCTIC LNG 2	UKRAINE-EO13662] [RUSSIA-EO14024
LLC AEON DEVELOPMENT	RUSSIA-EO14024
LIMITED LIABILITY COMPANY AHD SOUTH PORT	RUSSIA-EO14024
QUALIFIED DEVELOPER KUTUZOVSKIY 16 LIMITED LIABILITY COMPANY	RUSSIA-EO14024
LLC ABZ BELYI RAST	RUSSIA-EO14024
LIMITED LIABILITY COMPANY AHD KUTUZOVSKIY TOWERS	RUSSIA-EO14024
FEDERAL AUTONOMOUS INSTITUTION ROSKAPSTROY	RUSSIA-EO14024
LIMITED LIABILITY COMPANY FLEMSTED	RUSSIA-EO14024
LIMITED LIABILITY COMPANY ROSKAPSTROY INFRASTRUCTURAL PROJECTS	RUSSIA-EO14024
LIMITED LIABILITY COMPANY YUP 2	RUSSIA-EO14024
LIMITED LIABILITY COMPANY ROSKAPSTROY CLEAN WATER	RUSSIA-EO14024
LIMITED LIABILITY COMPANY KSK LTD	RUSSIA-EO14024
LIMITED LIABILITY COMPANY TORGRECHTRANS	RUSSIA-EO14024
LIMITED LIABILITY COMPANY KALININGRAD BALTTRANS	RUSSIA-EO14024
LIMITED LIABILITY COMPANY POZITIVINFO	RUSSIA-EO14024
MILSKAIA, Elena Igorevna	RUSSIA-EO14024
ZAKRIEV, Salman Soipovich	RUSSIA-EO14024
LIMITED LIABILITY COMPANY PROSPEKT	RUSSIA-EO14024
LIMITED LIABILITY COMPANY MACHINE BUILDING ASSOCIATION PRESSMASH	RUSSIA-EO14024
LLC TSENTRTEKHKHIMMASH	RUSSIA-EO14024
OGURYAEV, Dmitriy Aleksandrovich	RUSSIA-EO14024
ZAKRIEV, Yakub Salmanovich	RUSSIA-EO14024
LIMITED LIABILITY COMPANY RASSVET	RUSSIA-EO14024
LLC A INVEST	RUSSIA-EO14024
LIMITED LIABILITY COMPANY NEW TECHNOLOGIES	RUSSIA-EO14024
SERKO, Aleksey Mikhaylovich	RUSSIA-EO14024
JOINT STOCK COMPANY NPC SPETSNEFTPRODUKT	RUSSIA-EO14024
GERSHANOK, Lev Valentinovich	RUSSIA-EO14024
KACHANOV, Oleg Yurevich	RUSSIA-EO14024
LIMITED LIABILITY COMPANY STILSOFT	RUSSIA-EO14024
LIMITED LIABILITY COMPANY ROSKAPSTROY NOVOROSSIYA	RUSSIA-EO14024
AIRCRAFT COMPONENTS LOGISTICS LTD	RUSSIA-EO14024
SHAKUTSIN, Aliaksandr Vasilevich	BELARUS-EO14038
OPEN JOINT STOCK COMPANY AMKODOR MANAGEMENT HOLDING COMPANY	BELARUS-EO14038
SOLINVEST LTD	RUSSIA-EO14024
JAHANDUST, Mojtaba	SDGT] [IRGC
DARRAJI, Habib Hasan Mughamis	SDGT
AL-BAHADLI, Imad Naji	SDGT
AL-HUSAYNI, Ja'far	SDGT
OBSHCHESTVO S OGRANICHENNOI OTVETSTVENNOSTYU SIGNAL-INVEST	RUSSIA-EO14024
ALVARADO RUBIO, Teresa De Jesus	ILLICIT-DRUGS-EO14059
FOUBERT CADENA, Manuel Alejandro	ILLICIT-DRUGS-EO14059
DEL VILLAR CONTRERAS, Gabriela	ILLICIT-DRUGS-EO14059
SIGNAL-TEPLOTEKHNIKA OOO	RUSSIA-EO14024
CHOE, Song Chol	DPRK4
IM, Song Sun	DPRK4
JANG, Myong Chol	DPRK4
YAGHMOUR, Jihad Muhammad Shaker	SDGT
KHAMIS, Reda Ali	SDGT
NABIL CHOUMAN & CO	SDGT
CHOUMAN, Nabil Khaled Halil	SDGT
CHOUMAN, Khaled	SDGT
AL-AJOURI, Akram	SDGT
MUHJAT ALQUDS FOUNDATION	SDGT
AXIS SALE & MAINTENANCE BUILDINGS, S.A. DE C.V.	ILLICIT-DRUGS-EO14059
ABU SHARIF, Nasser	SDGT
CONDOS & VACATIONS BUILDINGS SALE & MAINTENANCE, S.A. DE C.V.	ILLICIT-DRUGS-EO14059
INTERNATIONAL REALTY & MAINTENANCE, S.A. DE C.V.	ILLICIT-DRUGS-EO14059
REAL ESTATES & HOLIDAY CITIES, S.A. DE C.V.	ILLICIT-DRUGS-EO14059
ASSIS REALTY AND VACATION CLUB, S.A. DE C.V.	ILLICIT-DRUGS-EO14059
COMERCIALIZADORA DE SERVICIOS TURISTICOS DE VALLARTA, S.A. DE C.V.	ILLICIT-DRUGS-EO14059
GRUPO EMPRESARIAL EPTA, S.A. DE C.V.	ILLICIT-DRUGS-EO14059
MEGA COMERCIAL FERRELECTRICA, S.A. DE C.V.	ILLICIT-DRUGS-EO14059
TERRA MINAS E INVERSIONES DEL PACIFICO, S.A.P.I. DE C.V.	ILLICIT-DRUGS-EO14059
BANLU COMERCIALIZADORA, S.A. DE C.V.	ILLICIT-DRUGS-EO14059
TOPUZIDIS, Pavel Georgievich	BELARUS-EO14038
PETROVICH, Viktor Evgenievich	BELARUS-EO14038
TABAK INVEST LLC	BELARUS-EO14038
CROWLANDS, S.A. DE C.V.	ILLICIT-DRUGS-EO14059
SKAIRU, S.A. DE C.V.	ILLICIT-DRUGS-EO14059
AL-DIN, Haroun Mansour Yaqoub Nasser	SDGT
AL-WARDIAN, Hassan	SDGT
BARHUM, Ismail Musa Ahmad	SDGT
KAYA, Mehmet	SDGT
'ALIYAN, Jamil Yusuf Ahmad	SDGT
OZTUNC, Ekrem Abdulkerym	IRAN-HR
TAMARZADEH ZAVIEH JAKKI, Shahram Ali Reza	IRAN-HR
ALAVI, Seyyed Abdoljavad	SDGT] [IFSR
ALSKENI, Khalid Kadhim Jasim	SDGT
AKKUMULYATORNYE TEKHNOLOGII	RUSSIA-EO14024
AKTSIONERNOE OBSHCHESTVO AKKUMULYATORNYI ZAVOD IM. N.M.IGNATYEVA AKOM	RUSSIA-EO14024
AKTSIONERNOE OBSHCHESTVO GIDROAGREGAT	RUSSIA-EO14024
AO ELEKTROISTOCHNIK	RUSSIA-EO14024
JOINT STOCK COMPANY ENERGIYA	RUSSIA-EO14024
SHARIFI-ZINDASHTI, Naji Ibrahim	IRAN-HR
LIGOVSKY PROSPECT	RUSSIA-EO14024
GALLION NAVIGATION INCORPORATED	RUSSIA-EO14024
NS CENTURY	RUSSIA-EO14024
SALLEH ADOUM KETTE, Mahamat	CAR
BOZIZE, Jean-Francis	CAR
AL-MAJIDI, Basim Mohammad Hasab	SDGT
NIROOMAND TOOMAJ, Elyas	SDGT
PISHRO TEJARAT SANA COMPANY	SDGT
TETIS GLOBAL FZE	SDGT
KATA'IB SAYYID AL-SHUHADA	FTO] [SDGT
A'ZAMI, Majid	SDGT
SEPEHR ENERGY JAHAN NAMA PARS COMPANY	SDGT] [IFSR
AL-SARAJI, Hashim Finyan Rahim	SDGT
HK SIHANG HAOCHEN TRADING LIMITED	SDGT
UNIQUE PERFORMANCE GENERAL TRADING L.L.C	SDGT
PUYUAN TRADE CO., LIMITED	SDGT
FUTURE ENERGY TRADING L.L.C	SDGT
OPG GLOBAL GENERAL TRADING CO. L.L.C	SDGT
A THREE ENERGY FZE	SDGT
ROYAL SHELL GOODS WHOLESALERS L.L.C	SDGT
BET CITY INTERNATIONAL D.O.O. SKOPJE, ADVERTISING, MARKETING, AND SERVICES COMPANY	BALKANS-EO14033
REPUBLICAN UNITARY ENTERPRISE BELTAMOZHSERVICE	BELARUS-EO14038
BABARIKIN, Vadim Aleksandrovich	BELARUS-EO14038
OPEN JOINT STOCK COMPANY EBC MANAGEMENT COMPANY	RUSSIA-EO14024
EUROPEAN BEARING CORPORATION	RUSSIA-EO14024
LIMITED LIABILITY CORPORATION TRADING HOUSE EPK	RUSSIA-EO14024
OAO EPK SARATOV	RUSSIA-EO14024
OOO EPK NOVYE TEKHNOLOGII	RUSSIA-EO14024
OAO EPK VOLZHSKY	RUSSIA-EO14024
OAO EPK SAMARA	RUSSIA-EO14024
OOO EPK KUZNITSA	RUSSIA-EO14024
OBEID, Maher Rebhi	SDGT
SIBAVTORESURS	RUSSIA-EO14024
JOINT STOCK COMPANY IZHEVSK ELECTROMECHANICAL PLANT KUPOL	UKRAINE-EO13662] [RUSSIA-EO14024
OBSHCHESTVO S OGRANICHENNOI OTVETSTVENNOSTYU GAS	RUSSIA-EO14024
MOTORINVEST	RUSSIA-EO14024
SPETSIALNOE KONSTRUKTORSKO TEKHNOLOGICHESKOE BYURO PLASTIK	RUSSIA-EO14024
ZAKRYTOE AKTSIONERNOE OBSHCHESTVO MNOGOPROFILNAYA PROIZVODSTVENNAYA KOMMERCHESKAYA FIRMA ALKOR	RUSSIA-EO14024
OBSHCHESTVO S OGRANICHENNOI OTVETSTVENNOSTYU NPK AEROKON	RUSSIA-EO14024
JOINT STOCK COMPANY TYUMEN BATTERY FACTORY	RUSSIA-EO14024
OBSHCHESTVO S OGRANICHENNOI OTVETSTVENNOSTYU PLAZ	RUSSIA-EO14024
KURSKII AKKUMULYATORNYI ZAVOD	RUSSIA-EO14024
TSK VEKTOR, OOO	RUSSIA-EO14024
LAGGAR PRO, OOO	RUSSIA-EO14024
NAUCHNO ISSLEDOVATELSKI INSTITUT KHIMICHESKIKH ISTOCHNIKOV TOKA AKTSIONERNOE OBSHCHESTVO	RUSSIA-EO14024
OBSHCHESTVO S OGRANICHENNOI OTVETSTVENNOSTYU KORPORATSIYA AIPI	RUSSIA-EO14024
NAUCHNO PROIZVODSTVENNOE PREDPRIYATIE ISTOCHNIK	RUSSIA-EO14024
OBSHCHESTVO S OGRANICHENNOI OTVETSTVENNOSTYU SELLZ TREID	RUSSIA-EO14024
LITHIUM ELEMENT JOINT STOCK COMPANY	RUSSIA-EO14024
SO, Myong	NPWMD
CHOE, Un Hyok	DPRK3
BARAKA, Ali Abed Al Rahman	SDGT
AWADALLAH, Nizar Mohammed	SDGT
PUBLICHNOE AKTSIONERNOE OBSCHESTVO CITY	RUSSIA-EO14024
OPEN JOINT STOCK COMPANY ALEVKURP	BELARUS-EO14038
OJSC HORIZONT HOLDING MANAGEMENT COMPANY	BELARUS-EO14038
SHAUTSOU, Dzmitry Yauhenievich	RUSSIA-EO14024
MARTINEZ MORALES, Luis Miguel	GLOMAG
JOSEPH, Wilson	GLOMAG
INNOCENT, Vitel'homme	GLOMAG
REPUBLICAN PRODUCTION AND TRADE UNITARY ENTERPRISE MANAGEMENT COMPANY OF THE HOLDING BELARUSIAN CEMENT COMPANY	BELARUS-EO14038
VAHAP, Zabi	SDGT] [IFSR
TRANSMART DMCC	SDGT
KULIYEVA, Adelina	SDGT
PALIKANDY, Mehboob Thachankandy	SDGT
MSE OVERSEAS PTE. LTD.	SDGT
SEALINK OVERSEAS PTE. LTD.	SDGT
SOLISE ENERGY FZE	SDGT
GASTELUM IRIBE, Oscar Manuel	ILLICIT-DRUGS-EO14059
PULIDO DIAZ, Oscar	ILLICIT-DRUGS-EO14059
BASTIDAS ERENAS, Juan Pablo	ILLICIT-DRUGS-EO14059
LOPEZ LOPEZ, Servando	ILLICIT-DRUGS-EO14059
CARO QUINTERO, Jose Gil	ILLICIT-DRUGS-EO14059
CARO MONGE, Jesus Jose Gil	ILLICIT-DRUGS-EO14059
FLORES ORTIZ, Francisco Abraham	ILLICIT-DRUGS-EO14059
BELTRAN ARAUJO, Amberto	ILLICIT-DRUGS-EO14059
BELTRAN ARAUJO, Mario German	ILLICIT-DRUGS-EO14059
ALEMAN MEZA, Oscar	ILLICIT-DRUGS-EO14059
ESTEVEZ COLMENARES, Ricardo	ILLICIT-DRUGS-EO14059
INZUNZA NORIEGA, Pedro	ILLICIT-DRUGS-EO14059
ESTRADA GUTIERREZ, Josue de Jesus	ILLICIT-DRUGS-EO14059
FRANCO FIGUEROA, Ulises	ILLICIT-DRUGS-EO14059
LEON RODRIGUEZ, Juvenal	ILLICIT-DRUGS-EO14059
EDITORIAL MERCADO ECUESTRE, S.A. DE C.V.	ILLICIT-DRUGS-EO14059
DIFACULSA, S.A. DE C.V.	ILLICIT-DRUGS-EO14059
AO CARGO SERVICE CENTER	RUSSIA-EO14024
OOO REALEKSPORT	RUSSIA-EO14024
ITB LOGISTIKA OOO	RUSSIA-EO14024
RDS CARGO GROUP DWC LLC	RUSSIA-EO14024
AMC SERVICE FZE	RUSSIA-EO14024
SKYPARTS FZCO	RUSSIA-EO14024
A T S HEAVY EQUIPMENT AND MACHINERY SPARE PARTS TRADING LLC	RUSSIA-EO14024
ASPECT DWC LLC	RUSSIA-EO14024
NATIONAL CLEARING CENTER	UKRAINE-EO13662] [RUSSIA-EO14024
AKTSIONERNOE OBSHCHESTVO OBEDINENNAYA INVESTITSIONNAYA GRUPPA	RUSSIA-EO14024
JOINT STOCK COMPANY 75 ARSENAL	RUSSIA-EO14024
FEDERAL STATE ENTERPRISE KAMENSKY COMBINE	RUSSIA-EO14024
JOINT STOCK COMPANY STROMMASHINA SHIELD	RUSSIA-EO14024
JOINT STOCK COMPANY KARACHEV PLANT ELECTRODETAL	RUSSIA-EO14024
JOINT STOCK COMPANY YAROSLAVL RADIOWORKS	RUSSIA-EO14024
LIMITED LIABILITY COMPANY EXPERIMENTAL DESIGN BUREAU TEKHNIKA	RUSSIA-EO14024
JOINT STOCK COMPANY RIF	RUSSIA-EO14024
RIF CORPORATION	RUSSIA-EO14024
ELPA RESEARCH INSTITUTE AND PILOT LINE JOINT STOCK COMPANY	RUSSIA-EO14024
S&D SOLUTIONS LIMITED LIABILITY COMPANY	RUSSIA-EO14024
AKTSIONERNOE OBSHCHESTVO FIRMA TVEMA	RUSSIA-EO14024
OBSHCHESTVO S OGRANICHENNOI OTVETSTVENNOSTYU STIRER	RUSSIA-EO14024
MOSCOW EXCHANGE	UKRAINE-EO13662] [RUSSIA-EO14024
JOINT STOCK COMPANY POLIMER	RUSSIA-EO14024
LIMITED LIABILITY COMPANY SPECTRUM	RUSSIA-EO14024
JSC MINSK MECHANICAL PLANT NAMED AFTER S.I. VAVILOV MANAGEMENT COMPANY OF BELOMO HOLDING	BELARUS-EO14038
JSC ZENIT BELOMO	BELARUS-EO14038
SCIENTIFIC TECHNICAL CENTER LEMT BELOMO	BELARUS-EO14038
MOROZ, Alexander Ivanovich	BELARUS-EO14038
SHKADAREVICH, Alexei Petrovich	BELARUS-EO14038
GAICHUK, Nikolai Nikolaevich	BELARUS-EO14038
EXPOBANK JOINT STOCK COMPANY	RUSSIA-EO14024
AKTSIONERNOE OBSHCHESTVO MARPOSADKABEL	RUSSIA-EO14024
JOINT STOCK COMPANY ZAVOD CHUVASHKABEL	RUSSIA-EO14024
PODOLSKKABEL	RUSSIA-EO14024
AO EIRBURG	RUSSIA-EO14024
AKTSIONERNOE OBSHCHESTVO IRKUTSKKABEL	RUSSIA-EO14024
SETTLEMENT NON BANK CREDIT ORGANIZATION METALLURG	RUSSIA-EO14024
LIMITED LIABILITY COMPANY TUBOR	RUSSIA-EO14024
LIMITED LIABILITY COMPANY VELIKOLUKSKY BATTERY PLANT IMPULS	RUSSIA-EO14024
OOO SMARTLOGISTER	RUSSIA-EO14024
LIMITED LIABILITY COMPANY URALHELICOM	RUSSIA-EO14024
OOO MONITORING	RUSSIA-EO14024
EKOS1 JOINT STOCK COMPANY	RUSSIA-EO14024
LIMITED LIABILITY COMPANY TENRON	RUSSIA-EO14024
SIGMA TEKH	RUSSIA-EO14024
FOTONIKS KLAUD	RUSSIA-EO14024
LABSAINTIFIK	RUSSIA-EO14024
ELFOR TL	RUSSIA-EO14024
THAMESTONE SA	RUSSIA-EO14024
STRELOI EKOMMERTS	RUSSIA-EO14024
MACRO EMS LTD	RUSSIA-EO14024
VELESLAVOV, Dmitrii Aleksandrovich	RUSSIA-EO14024
MICRO ELECTRONICS TECHNOLOGIES PTE LTD	RUSSIA-EO14024
ONSHOR VIND	RUSSIA-EO14024
STERLING SHIPPING INCORPORATED	RUSSIA-EO14024
STREYMOY SHIPPING LIMITED	RUSSIA-EO14024
NS CHAMPION	RUSSIA-EO14024
VIKTOR BAKAEV	RUSSIA-EO14024
HS ATLANTICA LIMITED	RUSSIA-EO14024
HS ATLANTICA	RUSSIA-EO14024
PICASO 3D LLC	RUSSIA-EO14024
LIMITED LIABILITY COMPANY TSVETNOY MIR	RUSSIA-EO14024
LIMITED LIABILITY COMPANY NISSA DIGISPACE	RUSSIA-EO14024
LIMITED LIABILITY COMPANY ENGINEERING FIRM AB UNIVERSAL	RUSSIA-EO14024
MYTISHCHI INSTRUMENT ENGINEERING PLANT	RUSSIA-EO14024
SUN SHIP MANAGEMENT D LTD	RUSSIA-EO14024
JOINT STOCK COMPANY PROMTECH SERVICE	RUSSIA-EO14024
DESTINA, Renel	GLOMAG
ANDRE, Johnson	GLOMAG
IMAXCHIP TECHNOLOGY CO., LIMITED	RUSSIA-EO14024
KONOMAR GEMI ELEKTRIK VE ELEKTRONIK LIMITED SIRKETI	RUSSIA-EO14024
KARTAL EXIM DIS TICARET LIMITED SIRKETI	RUSSIA-EO14024
PUBLIC JOINT STOCK COMPANY CHELYABINSKIY MASHINOSTROITELNYY ZAVOD AVTOMOBILNYKH PRITSEPOV URALAVTOPRITSEP	RUSSIA-EO14024
GLOBUS TURKEY LOJISTIK DIS TICARET LIMITED SIRKETI	RUSSIA-EO14024
WUHAN GLOBAL SENSOR TECHNOLOGY CO., LTD.	RUSSIA-EO14024
OZKAYA OTOMOTIV MAMULLERI PAZARLAMA SANAYI VE TICARET ANONIM SIRKETI	RUSSIA-EO14024
SIBELECTROPRIVOD LLC	RUSSIA-EO14024
EGETIR OTOMOTIV SANAYI VE TICARET LIMITED SIRKETI	RUSSIA-EO14024
BOSFOR AVRASYA IC VE DIS TICARET LIMITED SIRKETI	RUSSIA-EO14024
ENGELSSKOE PRIBOROSTROITELNOE OBYEDINENIE SIGNAL	RUSSIA-EO14024
OBSHCHESTVO S OGRANICHENNOI OTVETSTVENNOSTYU MANOMETR	RUSSIA-EO14024
LIMITED LIABILITY COMPANY METALLMASH	RUSSIA-EO14024
SINO MACHINERY CO., LTD.	RUSSIA-EO14024
LIMITED LIABILITY COMPANY BITVAN	RUSSIA-EO14024
LIMITED LIABILITY COMPANY METALMASTER	RUSSIA-EO14024
LIMITED LIABILITY COMPANY AGRISOVGAZ	RUSSIA-EO14024
GRIFFON FZC	RUSSIA-EO14024
LIMITED LIABILITY COMPANY INVENT	RUSSIA-EO14024
JOINT STOCK COMPANY PROMTECH DUBNA	RUSSIA-EO14024
JIANGXI LIANSHENG TECHNOLOGY CO., LTD	RUSSIA-EO14024
JOINT STOCK COMPANY AEROSPACE SYSTEMS DESIGN BUREAU	RUSSIA-EO14024
LIMITED LIABILITY COMPANY GAAN CORPORATION	RUSSIA-EO14024
JOINT STOCK COMPANY DUBNA CABLE PLANT	RUSSIA-EO14024
OPEN JOINT STOCK COMPANY DOLTA	RUSSIA-EO14024
JOINT STOCK COMPANY ZAVOD KORPUSOV	RUSSIA-EO14024
ATOMSPETSPROJECT JOINT STOCK COMPANY	RUSSIA-EO14024
CLOSED JOINT STOCK COMPANY VOLOGDA BEARING PLANT	RUSSIA-EO14024
OPEN JOINT STOCK COMPANY RIKOR ELECTRONICS	RUSSIA-EO14024
JOINT STOCK COMPANY VOLSK MECHANICAL PLANT	RUSSIA-EO14024
LIMITED LIABILITY COMPANY NORTHWESTERN BEARING COMPANY	RUSSIA-EO14024
LIMITED LIABILITY COMPANY AVISTO	RUSSIA-EO14024
LIMITED LIABILITY COMPANY SREDNEVOLZHSKY BEARING PLANT	RUSSIA-EO14024
LIMITED LIABILITY COMPANY AUTOMIZATION AND COMMUNICATION SERVICE	RUSSIA-EO14024
JOINT STOCK COMPANY PROMTECH ULYANOVSK	RUSSIA-EO14024
LIMITED LIABILITY COMPANY PENZA BEARING PLANT	RUSSIA-EO14024
CHANG GUANG SATELLITE TECHNOLOGY CO., LTD.	IRAN-CON-ARMS-EO] [RUSSIA-EO14024
AKTSIONERNOE OBSHCHESTVO ZAVOD SELMASH	RUSSIA-EO14024
WEITMANN HANDELN ALLIANZ LLC	RUSSIA-EO14024
DUBNA SWITCHING EQUIPMENT PLANT	RUSSIA-EO14024
LIMITED LIABILITY COMPANY AVIATEKSIM	RUSSIA-EO14024
JOINT STOCK COMPANY SCIENTIFIC AND TECHNICAL COMPANY AZIMUT PHOTONICS	RUSSIA-EO14024
JOINT STOCK COMPANY DIGITAL MANUFACTORY	RUSSIA-EO14024
LIMITED LIABILITY COMPANY VOLGOGRADPROMPROEKT	RUSSIA-EO14024
LIMITED LIABILITY COMPANY DM TECHNOLOGIES	RUSSIA-EO14024
JOINT STOCK COMPANY NOVOSIBIRSK INSTRUMENT MAKING PLANT	RUSSIA-EO14024
JOINT STOCK COMPANY KAMENSKVOLOKNO	RUSSIA-EO14024
BEIJING YUNZE TECHNOLOGY CO., LTD.	RUSSIA-EO14024
JOINT STOCK COMPANY BRYANSK CHEMICAL PLANT OF THE 50TH ANNIVERSARY OF THE USSR	RUSSIA-EO14024
LIMITED LIABILITY COMPANY PROMTEKHPOSTAVKA	RUSSIA-EO14024
UMAC LLC	RUSSIA-EO14024
LIMITED LIABILITY COMPANY SCIENTIFIC RESEARCH INSTITUTE FOR PRECISION MECHANICS	RUSSIA-EO14024
FEDERAL STATE ENTERPRISE ANOZIT	RUSSIA-EO14024
AUTONOMOUS NONPROFIT ORGANIZATION INSTITUTE OF MARINE INSTRUMENTATION AND ROBOTICS	RUSSIA-EO14024
AKTSIONERNOE OBSHCHESTVO PROMYSHLENNYE TEKHNOLOGII	RUSSIA-EO14024
INTERMODAL MALDIVES	RUSSIA-EO14024
JOINT STOCK COMPANY PROMTEKH KAZAN	RUSSIA-EO14024
CHAMAIYATI DOROI MASAULIYATI MAKHDUDI KAFOLATI KOMIL	RUSSIA-EO14024
JOINT STOCK COMPANY KRASNOZNAMENSK SEMICONDUCTORS FACTORY ARSENAL	RUSSIA-EO14024
JOINT STOCK COMPANY PROMTEKH IRKUTSK	RUSSIA-EO14024
PROMTECHCOMPLEKT JSC	RUSSIA-EO14024
LIMITED LIABILITY COMPANY PRIUS ELECTRONICS	RUSSIA-EO14024
MORDOVIA RADIO ELECTRONIC COMPANY	RUSSIA-EO14024
IZZITION E-TECHNOLOGY CO., LIMITED	RUSSIA-EO14024
LIMITED LIABILITY COMPANY KYIV SQUARE	RUSSIA-EO14024
ILIEV, Zarakh Binsionovich	RUSSIA-EO14024
LIMITED LIABILITY COMPANY NORTHERN TECHNOLOGIES	RUSSIA-EO14024
WAYTOP INDUSTRIAL LIMITED	RUSSIA-EO14024
JOINT STOCK COMPANY KAZAN COMPRESSOR MACHINERY PLANT	RUSSIA-EO14024
PAN, Aleksandr Vladimirovich	RUSSIA-EO14024
LIMITED LIABILITY COMPANY GAZPROM LINDE ENGINEERING	RUSSIA-EO14024
INTERNATIONAL COMPANY LIMITED LIABILITY COMPANY KHORVIK	RUSSIA-EO14024
BULATOV, Ruslan Rustemovich	RUSSIA-EO14024
JOINT STOCK COMPANY RADIOPRIBORSNAB	RUSSIA-EO14024
JOINT STOCK COMPANY TULATOCHMASH	RUSSIA-EO14024
LIMITED LIABILITY COMPANY PROMELEKTRO ENGINEERING	RUSSIA-EO14024
CHERKOVSKIY, Aleksandr Vladimirovich	RUSSIA-EO14024
HIGHLAND GOLD MINING LIMITED	RUSSIA-EO14024
C&I SEMICONDUCTORS CO LIMITED	RUSSIA-EO14024
FEDERAL STATE ENTERPRISE PERM POWDER PLANT	UKRAINE-EO13662] [RUSSIA-EO14024
AUTONOMOUS NONPROFIT ORGANIZATION TESTING AND CERTIFICATION CENTER PROMTECHNOCERT	RUSSIA-EO14024
SVIBLOV, Vladislav Vladimirovich	RUSSIA-EO14024
CADY TECH HK LIMITED	RUSSIA-EO14024
LIMITED LIABILITY COMPANY RADIOPRIBORSNAB	RUSSIA-EO14024
LIMITED LIABILITY COMPANY CHIPDEVICE	RUSSIA-EO14024
UNITED ELECTRONICS GROUP COMPANY LIMITED	RUSSIA-EO14024
TRANS SIBERIAN GOLD LIMITED	RUSSIA-EO14024
LIMITED LIABILITY COMPANY MODERN CONVERSION TECHNOLOGIES	RUSSIA-EO14024
FORTIANA HOLDINGS LIMITED	RUSSIA-EO14024
KHORKINA, Darya Andreyevna	RUSSIA-EO14024
LASERCHIPS FZCO	RUSSIA-EO14024
UU INNOVATION TECHNOLOGY CO LTD	RUSSIA-EO14024
STANMIX HOLDING LIMITED	RUSSIA-EO14024
JOINT STOCK COMPANY OZGRK	RUSSIA-EO14024
LIMITED LIABILITY COMPANY KISMET CONSULTING	RUSSIA-EO14024
RESOLUTE MACHINERY TRADING LLC	RUSSIA-EO14024
SHENG CORE TECHNOLOGY CO LIMITED	RUSSIA-EO14024
JOINT STOCK COMPANY NEW TOWERS	RUSSIA-EO14024
LIMITED LIABILITY COMPANY BERING METALS	RUSSIA-EO14024
ROBOTRONIX SEMICONDUCTORS LIMITED	RUSSIA-EO14024
LIMITED LIABILITY COMPANY VMK	RUSSIA-EO14024
INTERNATIONAL COMPANY LIMITED LIABILITY COMPANY ASTECLING	RUSSIA-EO14024
TURKIK UNION DIGITAL TECHNOLOGY TRANSFORMATION OFFICE INCORPORATED COMPANY	RUSSIA-EO14024
GREAT SHARE INTERNATIONAL LOGISTICS LIMITED	RUSSIA-EO14024
GLOBAL CENTRAL LOGISTICS FZCO	RUSSIA-EO14024
TORDAN INDUSTRY LIMITED	RUSSIA-EO14024
L D S COMPUTER SYSTEMS TRADING LLC	RUSSIA-EO14024
ALPHA TRADING INVESTMENTS LIMITED	RUSSIA-EO14024
LIMITED LIABILITY COMPANY VOSTOK ZOLOTO	RUSSIA-EO14024
WARGOS INDUSTRY LIMITED	RUSSIA-EO14024
AYTEK, Mustafa Cankat	RUSSIA-EO14024
YAKT SOKOL	RUSSIA-EO14024
OPEN JOINT STOCK COMPANY TAMBOVSKY BAKERY	RUSSIA-EO14024
INTERNATIONAL COMPANY JOINT STOCK COMPANY HIGHLAND GOLD	RUSSIA-EO14024
KAZAZAEV, Andrey Petrovich	RUSSIA-EO14024
JOINT STOCK COMPANY KAMCHATSKOE ZOLOTO	RUSSIA-EO14024
JOINT STOCK COMPANY CHUKOTKA MINING GEOLOGICAL COMPANY	RUSSIA-EO14024
JOINT STOCK COMPANY FORTIANA	RUSSIA-EO14024
LIMITED LIABILITY COMPANY FORTIANA INVEST	RUSSIA-EO14024
LIMITED LIABILITY COMPANY DV HOLDING	RUSSIA-EO14024
JOINT STOCK COMPANY AVRORA	RUSSIA-EO14024
LIMITED LIABILITY COMPANY ASTECLING	RUSSIA-EO14024
AFANASIEV, Igor Yurievich	RUSSIA-EO14024
JOINT STOCK COMPANY TETIS PRO	RUSSIA-EO14024
IBEX SHIPPING INC	RUSSIA-EO14024
AZIA SHIPPING COMPANY	RUSSIA-EO14024
AZIA SHIPPING HOLDINGS LIMITED	RUSSIA-EO14024
CAPTAIN YAKUBOVICH	RUSSIA-EO14024
OPEN JOINT STOCK COMPANY VA DEGTYAREV PLANT	RUSSIA-EO14024
MARIA	RUSSIA-EO14024
POTAPOV, Aleksandr Valeryevich	RUSSIA-EO14024
ARKADIY CHERNYSHEV	RUSSIA-EO14024
JOINT STOCK COMPANY OPTRON STAVROPOL	RUSSIA-EO14024
JOINT STOCK COMPANY BARNAUL CARTRIDGE PLANT	RUSSIA-EO14024
LIMITED LIABILITY COMPANY RADIOCOMP	RUSSIA-EO14024
RESEARCH AND TECHNOLOGICAL INSTITUTE OF OPTICAL MATERIALS ALL RUSSIA SCIENTIFIC CENTER SI VAVILOV STATE OPTICAL INSTITUTE	RUSSIA-EO14024
JOINT STOCK COMPANY SCIENTIFIC AND PRODUCTION ASSOCIATION ELECTROMASHINA	RUSSIA-EO14024
JOINT STOCK COMPANY NOVOSIBIRSK CARTRIDGE PLANT	RUSSIA-EO14024
JOINT STOCK COMPANY CHEBOKSARY PRODUCTION ASSOCIATION NAMED AFTER VI CHAPAEV	RUSSIA-EO14024
JOINT STOCK COMPANY NIZHNY NOVGOROD PLANT OF THE 70TH ANNIVERSARY OF VICTORY	RUSSIA-EO14024
SHUPRANOV, Vasily Nikolaevich	RUSSIA-EO14024
JOINT STOCK COMPANY FOREIGN TRADE ASSOCIATION ELEKTRONINTORG	RUSSIA-EO14024
KORINETS, Andrey Stanislavovich	CYBER2
PERETYATKO, Ruslan Aleksandrovich	CYBER2
DE GEETERE, Hans	RUSSIA-EO14024
AL-HUSSEIN, Taha Osman Ahmed	SUDAN-EO14098
KNOKKE HEIST SUPPORT CORPORATION MANAGEMENT	RUSSIA-EO14024
ERINER LIMITED	RUSSIA-EO14024
M AND S TRADING	RUSSIA-EO14024
LAR VORTO SERVICES LIMITED	RUSSIA-EO14024
THE MOTHER ARK LTD	RUSSIA-EO14024
AHETEI LIMITED	RUSSIA-EO14024
EUROPEAN TRADING TECHNOLOGY B.V.	RUSSIA-EO14024
EUROPEAN TECHNICAL TRADING	RUSSIA-EO14024
SKVORTSOV, Sergey	RUSSIA-EO14024
KULEMEKOV, Vladimir	RUSSIA-EO14024
DE GEETERE, Tom	RUSSIA-EO14024
AL-FAKHER ADVANCED WORKS CO. LTD.	SUDAN-EO14098
BEUN, Kimberley Catriona Lucinda	RUSSIA-EO14024
SALAH, Salah Abdallah Mohamed	SUDAN-EO14098
HASA NEDERLAND B.V.	RUSSIA-EO14024
ABBAS, Mohamed Atta Emoula	SUDAN-EO14098
ZADNA INTERNATIONAL CO FOR INVESTMENT LTD	SUDAN-EO14098
HU, Xiaoxun	RUSSIA-EO14024
JARVIS HK CO., LIMITED	RUSSIA-EO14024
TECHNOLOGY 5 CO., LIMITED	RUSSIA-EO14024
LIMITED LIABILITY COMPANY YUNA ENGINEERING	RUSSIA-EO14024
KRYLOV, Vladimir	RUSSIA-EO14024
BERNIKOV, Boris Olegovich	RUSSIA-EO14024
ASADULLAH, Syed	RUSSIA-EO14024
PJSC VYSOCHAISHY	RUSSIA-EO14024
KOTEKIN, Roman Aleksandrovich	RUSSIA-EO14024
SHAKH, Nur Khabib	RUSSIA-EO14024
ZALEVSKII, Andrei Denisovich	RUSSIA-EO14024
GUGNIN, Vladimir Vladimirovich	RUSSIA-EO14024
DOKUCHAEV, Sergey Vladimirovich	RUSSIA-EO14024
ASAN, Nihat Abdul Kadir	IRAN-HR
KOCAK, Ali	IRAN-HR
YAKUTUMBA, William Amuri	DRCONGO
RUKUNDA, Michel	DRCONGO
NGOMA, Willy	DRCONGO
DAVOS EXCHANGE AND REMITTANCES COMPANY KHALED AL ATHARI AND PARTNER GENERAL PARTNERSHIP	SDGT
ALODHARI, Khaled Yahya Rageh	SDGT
BYABASHAIJA, Johnson	GLOMAG
DURI, Ahmet	SDGT
PIRLANT ISTANBUL KUYUMCULUK TICARET LIMITED SIRKETI	SDGT
JANAT AL ANHAR GENERAL TRADING LLC	SDGT
DENIZ, Fadi	SDGT
VANESSA GROUP LIMITED	SDGT
VANESSA IMEX GROUP ITHALAT IHRACAT VE DIS TICARET LIMITED SIRKETI	SDGT
KOBI INTERNATIONAL COMPANY	RUSSIA-EO14024
DENIZ CAPITAL LLP	SDGT
OOO RUSSTROI-SK	SDGT
HAMIDIRAVARI, Reza	IRAN-HR
DENIZ CAPITAL MARITIME INC	SDGT
HUDROJ, Bilal	SDGT
HODROJ EXCHANGE S.A.R.L	SDGT
KOCAK, Abdulvahap	IRAN-HR
RYAN, Damion Patrick John	IRAN-HR
PEARSON, Adam Richard	IRAN-HR
HU, Lianhe	GLOMAG
ARDESTANI, Mohammad Mahdi Khanpour	IRAN-HR
FARAHANI, Majid Dastjani	IRAN-HR
ARDAKANI, Hossein Hatefi	NPWMD] [IRGC] [IFSR
TEYF TADBIR ARYA ENGINEERING COMPANY	NPWMD] [IRGC] [IFSR
ARDAKANI, Gholamreza Ebrahimzadeh	NPWMD] [IRGC] [IFSR
SKYLINE ADVANCED TECNOLOGIES SDN BHD	NPWMD] [IRGC] [IFSR
SALIM, Mu'min al-Mawji Mahmud	SDGT
KAVAN ELECTRONICS BEHRAD LIMITED LIABILITY COMPANY	NPWMD] [IRGC] [IFSR
MOHAMMADABADI, Mehdi Dehghani	NPWMD] [IRGC] [IFSR
AL-SAYYID, Sarah Jamal Muhammad	SDGT
BASAMAD ELECTRONIC POUYA ENGINEERING LIMITED LIABILITY COMPANY	NPWMD] [IRGC] [IFSR
SURABAYA HOBBY CV	NPWMD] [IRGC] [IFSR
DEWANTO, Agung Surya	NPWMD] [IRGC] [IFSR
SAMAN INDUSTRIAL GROUP	NPWMD] [IRGC] [IFSR
DIRAC TECHNOLOGY HK LIMITED	NPWMD] [IRGC] [IFSR
INTEGRATED SCIENTIFIC MICROWAVE TECHNOLOGY SDN BHD	NPWMD] [IRGC] [IFSR
NAVA HOBBIES SDN BHD	NPWMD] [IRGC] [IFSR
ARTA WAVE SDN BHD	NPWMD] [IRGC] [IFSR
ZAREE, Majid	SDGT] [IRGC
ANATOLY KOLODKIN	RUSSIA-EO14024
NS ANTARCTIC	RUSSIA-EO14024
NS LION	RUSSIA-EO14024
GEORGY MASLOV	RUSSIA-EO14024
SHAMLAKH, Zuhair	SDGT
AL-MARKAZIYA LI-SIARAFA	SDGT
ARAB CHINA TRADING COMPANY	SDGT
NS CONSUL	RUSSIA-EO14024
NS BURGAS	RUSSIA-EO14024
NS CAPTAIN	RUSSIA-EO14024
NS COLUMBUS	RUSSIA-EO14024
SAKHALIN ISLAND	RUSSIA-EO14024
NEVSKIY PROSPECT	RUSSIA-EO14024
LITEYNY PROSPECT	RUSSIA-EO14024
KRYMSK	RUSSIA-EO14024
VOLITON DMCC	RUSSIA-EO14024
COVART ENERGY LIMITED	RUSSIA-EO14024
SANAR 15	RUSSIA-EO14024
BELLATRIX ENERGY LIMITED	RUSSIA-EO14024
NS CREATION	RUSSIA-EO14024
NS BRAVO	RUSSIA-EO14024
NABCO MONEY EXCHANGE AND REMITTANCE CO.	SDGT
AL-HADHA, Nabil Ali Ahmed	SDGT
AL RAWDA EXCHANGE AND MONEY TRANSFERS COMPANY	SDGT
AL AMAN KARGO ITHALAT IHRACAT VE NAKLIYAT LIMITED SIRKETI	SDGT
SHAMLAKH, Ahmed	SDGT
SHAMLAKH, Alaa	SDGT
SHAMLAKH, Imad Younes	SDGT
HERZALLAH EXCHANGE AND GENERAL TRADING COMPANY LLC	SDGT
SAMIR HERZALLAH AND BROTHERS FOR MONEY EXCHANGE AND REMITTANCES	SDGT
HIRZALLAH, Samir 'Abd Al-Mu'in 'Abd	SDGT
HIRZALLAH, Thair Abd Al Raziq Shukri	SDGT
HIRZALLAH, Muhammad Fallah Kamil	SDGT
HIRZALLAH, Na'im Kamil Raghib	SDGT
HIRZALLAH, Salah Kamil Raghib	SDGT
GOLDEN TRIANGLE BANK	DPRK4
GUZEL, Faruk	SDGT
AL-SHABBANI, Basheer Abdulkadhim Alwan	SDGT
ASHULUK FIRING RANGE	RUSSIA-EO14024
VLADIMIROVKA ADVANCED WEAPONS AND RESEARCH COMPLEX	RUSSIA-EO14024
MIKHEYCHIK, Vladimir Vladimirovich	RUSSIA-EO14024
RF-86898	RUSSIA-EO14024
RF-78757	RUSSIA-EO14024
RF-82011	RUSSIA-EO14024
AL-HAMIDAWI, Awqad Muhsin Faraj	SDGT
AL-'IBUDI, Hossein Moanes	SDGT
AL-AZZAWI, Riyadh Ali Hussein	SDGT
AL-MASSAL LAND TRAVEL AND TOURISM COMPANY	SDGT
COMPANIA MINERA INTERNACIONAL, SOCIEDAD ANONIMA	NICARAGUA
AL AHMAR TRADING GROUP	SDGT
AL AHMAR, Hamid Abdullah Hussein	SDGT
INVESTRADE PORTFOY YONETIMI ANONIM SIRKETI	SDGT
CIELO MARITIME LTD	SDGT
GLOBAL TECH MARINE SERVICES INC	SDGT
MEHLE	SDGT
SINCERE 02	SDGT
PIMENTEL MATA, Alberto	GLOMAG
HD PARTS OY	RUSSIA-EO14024
LIMITED LIABILITY COMPANY PITERSNAB	RUSSIA-EO14024
GOODFORWARDING DOO BEOGRAD	RUSSIA-EO14024
EXPORTADORA DE METALES SOCIEDAD ANONIMA	NICARAGUA
JOINT STOCK COMPANY FERROPRIBOR	RUSSIA-EO14024
JOINT STOCK COMPANY LIT PHONON	RUSSIA-EO14024
JOINT STOCK COMPANY SCIENTIFIC PRODUCTION ENTERPRISE RADIY	RUSSIA-EO14024
JOINT STOCK COMPANY VREMYA CH	RUSSIA-EO14024
HENNESEA HOLDINGS LIMITED	RUSSIA-EO14024
ARISTO	RUSSIA-EO14024
HAI II	RUSSIA-EO14024
HS ARGE	RUSSIA-EO14024
HS BURAQ	RUSSIA-EO14024
HS ESBERG	RUSSIA-EO14024
HS EVERETT	RUSSIA-EO14024
HS GLORY	RUSSIA-EO14024
HS STAR	RUSSIA-EO14024
LA PRIDE	RUSSIA-EO14024
MONA	RUSSIA-EO14024
NELLIS	RUSSIA-EO14024
OSPEROUS	RUSSIA-EO14024
PERIA	RUSSIA-EO14024
SARA II	RUSSIA-EO14024
SENSUS	RUSSIA-EO14024
UZE	RUSSIA-EO14024
TALASSA SHIPPING DMCC	RUSSIA-EO14024
GENERATION TRADING FZE	SDGT] [IFSR
ZEENIT SUPPLY AND TRADING DMCC	RUSSIA-EO14024
OIL TANKERS SCF MGMT FZCO	RUSSIA-EO14024
HS LEGEND	RUSSIA-EO14024
CHINA OIL AND PETROLEUM COMPANY LIMITED	SDGT] [IRGC] [IFSR
MARITIME JOINT STOCK BANK JOINT STOCK COMPANY	RUSSIA-EO14024
ESFANJANI, Ali	IRAN-HR
NASERZADEH, Muhammad Reza	IRAN-HR
OBSHCHESTVO S OGRANICHENNOI OTVETSTVENNOSTYU VALIDATA	RUSSIA-EO14024
OBSHCHESTVO S OGRANICHENNOI OTVETSTVENNOSTYU FAKTOR TS	RUSSIA-EO14024
JOINT STOCK COMPANY QUORUM	RUSSIA-EO14024
LIMITED LIABILITY COMPANY INVESTMENT CONSULTANT ELBRUS CAPITAL	RUSSIA-EO14024
LIMITED LIABILITY COMPANY BSF CAPITAL	RUSSIA-EO14024
LIMITED LIABILITY COMPANY ORBITA CAPITAL PARTNERS	RUSSIA-EO14024
NONPROFIT ORGANIZATION INVESTMENT AND VENTURE FUND OF THE REPUBLIC OF TATARSTAN	RUSSIA-EO14024
OBSHCHESTVO S OGRANICHENNOI OTVETSTVENNOSTYU GUARD KAPITAL	RUSSIA-EO14024
AL AHMAR OILS SUPPLY AND DISTRIBUTION	SDGT
AL SALAM TRADING AND AGENCIES GENERAL ESTABLISHMENT	SDGT
SABA, TRADE & INVESTMENT S.R.O.	SDGT
SABAFON INTERNATIONAL SAL OFFSHORE	SDGT
SABATURK DIS TICARET ANONIM SIRKETI	SDGT
SAMA INTERNATIONAL MEDIA	SDGT
VIVID ENERJI YATIRIMLARI ANONIM SIRKETI	SDGT
MYANMA FIVE STAR LINE COMPANY LIMITED	BURMA-EO14014
AKTSIONERNOE OBSHCHESTVO ZAVOD ELEKON	RUSSIA-EO14024
RESEARCH AND PRODUCTION CENTER FOR AUTOMATION AND INSTRUMENTATION NAMED AFTER ACADEMIC NA PILYUGIN	RUSSIA-EO14024
JOINT STOCK COMPANY STATE RESEARCH INSTITUTE OF INSTRUMENT ENGINEERING	RUSSIA-EO14024
LOS CHONEROS	FTO] [SDGT] [ILLICIT-DRUGS-EO14059
MACIAS VILLAMAR, Jose Adolfo	ILLICIT-DRUGS-EO14059
TRAINING CENTER OF THE RUSSIAN MINISTRY OF INTERNAL AFFAIRS IN MANAGUA	NICARAGUA
ERMAKOV, Aleksandr	CYBER2
ALEKSEYEV, Sergey Sergeyevich	RUSSIA-EO14024
SNITKO, Artem Aleksandrovich	RUSSIA-EO14024
TAZUTDINOV, Ildar Rashitovich	RUSSIA-EO14024
LIMITED LIABILITY COMPANY DRAKE	RUSSIA-EO14024
LIMITED LIABILITY COMPANY ALABUGA EXIM	RUSSIA-EO14024
LIMITED LIABILITY COMPANY ZIMENS YOKOGAWA	RUSSIA-EO14024
LIMITED LIABILITY COMPANY NR-DEL	RUSSIA-EO14024
LIMITED LIABILITY COMPANY SPECIALIZED DEVELOPER ALABUGA SOUTH PARK	RUSSIA-EO14024
MAX MARITIME SOLUTIONS FZE	IRAN-EO13846
BENDIGO	IRAN-EO13846
AL ANCHOR SHIP MANAGEMENT FZE	IRAN-EO13846
PARINE	IRAN-EO13846
ROAD	IRAN-EO13846
BERENICE PRIDE	IRAN-EO13846
HARMONY	IRAN-EO13846
EURO VIKING	IRAN-EO13846
EURO FORTUNE	IRAN-EO13846
ARABIAN ENERGY	IRAN-EO13846
ALMANAC SHIP MANAGEMENT LLC	IRAN-EO13846
ASTRA	IRAN-EO13846
BALTIC HORIZON	IRAN-EO13846
NILE	IRAN-EO13846
YAMUNA	IRAN-EO13846
SEA ROUTE SHIP MANAGEMENT FZE	IRAN-EO13846
AL-'UWAYR, Ibrahim Talal	SDGT
MIRA IHRACAT ITHALAT PETROL URUNLERI SANAYI TICARET LIMITED SIRKETI	SDGT
YARA S.A.L. OFFSHORE COMPANY	SDGT
HYDRO COMPANY FOR DRILLING EQUIPMENT RENTAL	SDGT] [IFSR
AKTSIONERNOE OBSHCHESTVO NAUCHNO ISSLEDOVATELSKI PROEKTNO KONSTRUKTORSKI I TEKHNOLOGICHESKI AKKUMULYATORNY INSTITUT ISTOCHNIK	RUSSIA-EO14024
OBSHCHESTVO S OGRANICHENNOI OTVETSTVENNOSTYU ALFA ENERGO	RUSSIA-EO14024
SMART BATTERIES	RUSSIA-EO14024
GEO HIT	RUSSIA-EO14024
SHWE BYAIN PHYU GROUP OF COMPANIES	BURMA-EO14014
ZAW, Thein Win	BURMA-EO14014
AL-QADIRI, Muhammad Ali	SDGT
AL-TALIBI, Muhammad Ahmad	SDGT
AL-ATIFI, Mohamed	SDGT
AL-NABI, Muhammad Fadl Abd	SDGT
AL-MOUSSAWI, Hamad	SDGT] [IFSR
AL-INTAJ BANK	SDGT
ALKHALEEJ BANK CO LTD	SUDAN-EO14098
KYAW, Win Paing	BURMA-EO14014
HTET, Theint Win	BURMA-EO14014
FY INTERNATIONAL TRADING CO., LIMITED	NPWMD] [IFSR
DULING TECHNOLOGY HK LIMITED	NPWMD] [IFSR
ADVANTAGE TRADING CO., LIMITED	NPWMD] [IFSR
NARIN SEPEHR MOBIN ISATIS	NPWMD] [IFSR
INNFOCUS LIMITED LIABILITY COMPANY	RUSSIA-EO14024
JOINT STOCK COMPANY GLOBATEK GROUP	RUSSIA-EO14024
OFITRADE	RUSSIA-EO14024
LIMITED LIABILITY COMPANY 3D MALL	RUSSIA-EO14024
TRIANGULATICA	RUSSIA-EO14024
LLC COMPANY RUSMARKET	RUSSIA-EO14024
TOP 3D GROUP	RUSSIA-EO14024
WUHAN TONGSHENG TECHNOLOGY CO., LTD.	RUSSIA-EO14024
NS LEADER SHIPPING INCORPORATED	RUSSIA-EO14024
NS LEADER	RUSSIA-EO14024
DOUGHMAN, Adel Saad al-Din Hassan	SDGT
JOINT STOCK COMMERCIAL BANK CHELINDBANK	RUSSIA-EO14024
JOINT STOCK COMPANY JOINT STOCK COMMERCIAL BANK INTERNATIONAL FINANCIAL CLUB	RUSSIA-EO14024
ICL TECHNO LIMITED LIABILITY COMPANY	RUSSIA-EO14024
INNODRIVE LIMITED LIABILITY COMPANY	RUSSIA-EO14024
RED SOFT	RUSSIA-EO14024
LLC SECURITY CODE	RUSSIA-EO14024
JOINT STOCK COMPANY RESEARCH AND PRODUCTION ASSOCIATION RUSSIAN BASIC INFORMATION TECHNOLOGIES	RUSSIA-EO14024
LIMITED LIABILITY COMPANY SMARTS QUANTTELECOM	RUSSIA-EO14024
LASHGARIAN, Mahdi	SDGT] [IRGC] [IFSR
LASHGARIAN, Hamid Reza	SDGT] [IRGC] [IFSR
MANSURI, Milad	SDGT] [IRGC] [IFSR
SABERIAN, Reza Mohammad Amin	SDGT] [IRGC] [IFSR
HOMAYUNFAL, Hamid	SDGT] [IRGC] [IFSR
LIMITED LIABILITY COMPANY PRODUCTION ASSOCIATION INSISTENCE	RUSSIA-EO14024
KVALITET	RUSSIA-EO14024
LIMITED LIABILITY COMPANY RESURS	RUSSIA-EO14024
JOINT STOCK COMPANY STANKOMASHKOMPLEKS	RUSSIA-EO14024
VENDE GROUP LLC	RUSSIA-EO14024
LIMITED LIABILITY COMPANY MILLING MACHINES	RUSSIA-EO14024
LLC OPTIMUS DRIVE	RUSSIA-EO14024
BOLDREX	RUSSIA-EO14024
DZHENERAL LUBRIKANTS	RUSSIA-EO14024
GREMLOS	RUSSIA-EO14024
HOLV LUBRICANTS RUS LLC	RUSSIA-EO14024
LIMITED LIABILITY COMPANY NPF KAVIANT	RUSSIA-EO14024
OLEOKAM	RUSSIA-EO14024
RAKETA LUBRIKANTS	RUSSIA-EO14024
LLC SONIS	RUSSIA-EO14024
SUPRIM LUBRIKANTS	RUSSIA-EO14024
STATANLY LIMITED LIABILITY COMPANY	RUSSIA-EO14024
JOINT STOCK COMPANY COMMERCIAL BANK MODULBANK	RUSSIA-EO14024
DATANA	RUSSIA-EO14024
BEE PITRON LIMITED	RUSSIA-EO14024
NAUCHNO PROIZVODSTVENNAYA FIRMA KRUG	RUSSIA-EO14024
OBSHCHESTVO S OGRANICHENNOI OTVETSTVENNOSTYU INZHINIRINGOVYE RESHENIYA	RUSSIA-EO14024
K SOFT INZHINIRING LLC	RUSSIA-EO14024
AVANGARD JOINT STOCK BANK	RUSSIA-EO14024
OBSHCHESTVO S OGRANICHENNOI OTVETSTVENNOSTYU VALMA	RUSSIA-EO14024
OBSHCHESTVO S OGRANICHENNOI OTVETSTVENNOSTYU TEKHNOKRATIYA	RUSSIA-EO14024
LIMITED LIABILITY COMPANY AVANTAGE ENGINEERING	RUSSIA-EO14024
OBSHCHESTVO S OGRANICHENNOI OTVETSTVENNOSTYU VIKTORIYA	RUSSIA-EO14024
OBSHCHESTVO S OGRANICHENNOI OTVETSTVENNOSTYU AMBRELLA INDASTRIAL	RUSSIA-EO14024
LIMITED LIABILITY COMPANY INKOR	RUSSIA-EO14024
UNIMATIK MSK	RUSSIA-EO14024
OAO KRASNOARMEYSKIY MEKHANICHESKIY ZAVOD	RUSSIA-EO14024
PROMETHEUS LIMITED TRADE DEVELOPMENT	RUSSIA-EO14024
OBSHCHESTVO S OGRANICHENNOI OTVETSTVENNOSTYU PERITON INZHINIRING	RUSSIA-EO14024
KLINPAUER	RUSSIA-EO14024
OBSHCHESTVO S OGRANICHENNOI OTVETSTVENNOSTYU KOMPANIYA INTERVESP	RUSSIA-EO14024
OBSHCHESTVO S OGRANICHENNOI OTVETSTVENNOSTYU VEBER KOMEKHANIKS	RUSSIA-EO14024
OBSHCHESTVO S OGRANICHENNOI OTVETSTVENNOSTYU ALYANS	RUSSIA-EO14024
HALEEL COMMODITIES L.L.C.	SDGT
HAYDAR, Farhan Hussein	SDGT
AWALE, Mohamed Jumale Ali	SDGT
DINI, Faysal Yusuf	SDGT
ABDULLAHI, Abdulkadir Omar	SDGT
HILOWLE, Omar Sheikh Ali	SDGT
HALEEL FINANCE LTD	SDGT
HALEEL HOLDINGS LTD	SDGT
HALEEL LTD	SDGT
HALEEL COMMODITIES LIMITED	SDGT
HALEEL COMMODITIES LTD	SDGT
QEMAT AL NAJAH GENERAL TRADING L.L.C	SDGT
CROWN BUS SERVICES LIMITED	SDGT
MOHAMED, Abdikarin Farah	SDGT
ROBEL, Mohammed Artan	SDGT
OBSHCHESTVO S OGRANICHENNOI OTVETSTVENNOSTYU METALLOOBRABOTKA	RUSSIA-EO14024
NOVGORODSKAYA AKKUMULYATORNAYA KOMPANIYA	RUSSIA-EO14024
BATTERY SERVICE LIMITED LIABILITY COMPANY	RUSSIA-EO14024
JOINT STOCK COMPANY FOREIGN ECONOMIC ASSOCIATION ALMAZYUVELIREXPORT	RUSSIA-EO14024
CLOSED JOINT STOCK COMPANY SPECIAL TRANSPORTATION SERVICES	RUSSIA-EO14024
LIMITED LIABILITY COMPANY SFINKS SECURE LOGISTICS	RUSSIA-EO14024
TBSS LIMITED LIABILITY COMPANY	RUSSIA-EO14024
JOINT STOCK COMPANY PLANT N9	RUSSIA-EO14024
LIMITED LIABILITY COMPANY MOSCOW ARMS COMPANY	RUSSIA-EO14024
CLOSED JOINT STOCK COMPANY TECHNOLOGICAL COSMONAUTIKA PARK LINKOS	RUSSIA-EO14024
LLC CITYIMPEX	RUSSIA-EO14024
LIMITED LIABILITY COMPANY NAVIGATOR	RUSSIA-EO14024
KOMINVEX DOO BEOGRAD	RUSSIA-EO14024
SVORCAN, Marko	RUSSIA-EO14024
LIMITED LIABILITY COMPANY VELESSTORE	RUSSIA-EO14024
SOHA INFO DOO NOVI BANOVCI	RUSSIA-EO14024
DRAGAS, Dragan	RUSSIA-EO14024
AKTSIONERNOE OBSCHESTVO ARZAMASSKIY PRIBOROSTROITELNYI ZAVOD IMENI P I PLANDINA	RUSSIA-EO14024
LIMITED LIABILITY COMPANY GROUP OF COMPANIES MKC	RUSSIA-EO14024
LIMITED LIABILITY COMPANY FORT DIALOG	RUSSIA-EO14024
ZAGORNOV, Maksim Aleksandrovich	RUSSIA-EO14024
NPO URALPODSHIPNIK	RUSSIA-EO14024
LIMITED LIABILITY COMPANY FORT DIALOG SERVICE	RUSSIA-EO14024
LIMITED LIABILITY COMPANY MANAGEMENT COMPANY FORT DIALOG	RUSSIA-EO14024
JOINT STOCK COMPANY VERKHNETURINSKY MACHINE BUILDING PLANT	RUSSIA-EO14024
LIMITED LIABILITY COMPANY ALLRUS	RUSSIA-EO14024
LIMITED LIABILITY COMPANY INVEST STANKO	RUSSIA-EO14024
MAHAMED, Hassan Abdirahman	SDGT
LIMITED LIABILITY COMPANY PUMORI NORTHWEST	RUSSIA-EO14024
LIMITED LIABILITY COMPANY PUMPING COMPANY KRON	RUSSIA-EO14024
MORALES URBINA, Wendy Carolina	NICARAGUA
LIMITED LIABILITY COMPANY POLYMER PIPE PLANT	RUSSIA-EO14024
TOTAL Z LLC	RUSSIA-EO14024
LIMITED LIABILITY COMPANY GROUP OF COMPANIES SPETSMETALLMASTER	RUSSIA-EO14024
SIU SYSTEM JOINT STOCK COMPANY	RUSSIA-EO14024
FIDESYS	RUSSIA-EO14024
INTERCAD COMPANY LIMITED	RUSSIA-EO14024
TOP SYSTEMS LTD.	RUSSIA-EO14024
CENTER OF DIGITAL TECHNOLOGIES	RUSSIA-EO14024
ZENIT 3D	RUSSIA-EO14024
PUBLIC JOINT STOCK COMPANY BYSTROBANK	RUSSIA-EO14024
RUSSIAN EXTRUSION COMPANY	RUSSIA-EO14024
LIMITED LIABILITY COMPANY NEOVEYTUS	RUSSIA-EO14024
PRINTPRODUCT	RUSSIA-EO14024
JOINT STOCK COMPANY DATABANK	RUSSIA-EO14024
LLC KB 78	RUSSIA-EO14024
LLC MIR STANOCHKINA	RUSSIA-EO14024
BANK ROSTFINANCE	RUSSIA-EO14024
3D.RU	RUSSIA-EO14024
LLC ADDITIVE ENGINEERING	RUSSIA-EO14024
METAL SPRINT	RUSSIA-EO14024
RANGEVISION	RUSSIA-EO14024
SCANFORM	RUSSIA-EO14024
STEREOTECH	RUSSIA-EO14024
LLC APPLICATA	RUSSIA-EO14024
LLC ENGINE OF PROGRESS	RUSSIA-EO14024
SPETSIALNOE KONSTRUKTORSKOE BYURO-14 VOLOGDA	RUSSIA-EO14024
Z AXIS LLC	RUSSIA-EO14024
CHEPURNOI, Mikhail Yuryevich	RUSSIA-EO14024
LIMITED LIABILITY COMPANY IT1	RUSSIA-EO14024
LIMITED LIABILITY COMPANY GPB IT1	RUSSIA-EO14024
IT1 DIGITAL SOLUTIONS LIMITED LIABILITY COMPANY	RUSSIA-EO14024
LIMITED LIABILITY COMPANY IT1 RTK	RUSSIA-EO14024
LIMITED LIABILITY COMPANY IT1 SOLUTIONS	RUSSIA-EO14024
LIMITED LIABILITY COMPANY IT1 NOVATIONS	RUSSIA-EO14024
LIMITED LIABILITY COMPANY SERVICE PLATFORM	RUSSIA-EO14024
LIMITED LIABILITY COMPANY IT1 TECHNOLOGIES	RUSSIA-EO14024
IT1 KHOLDING	RUSSIA-EO14024
TECHNOLOGY PLATFORM LIMITED LIABILITY COMPANY	RUSSIA-EO14024
OBSHCHESTVO S OGRANICHENNOI OTVETSTVENNOSTYU SISTEMY PRAKTICHESKOI BEZOPASNOSTI	RUSSIA-EO14024
PUBLIC JOINT STOCK COMPANY SPB BANK	UKRAINE-EO13662] [RUSSIA-EO14024
LIMITED LIABILITY COMPANY CRYPTO PRO	RUSSIA-EO14024
MOLOTOV, Igor Yevgenyevich	RUSSIA-EO14024
SMALL INNOVATION ENTERPRISE ISON BALLISTICS SERVICE	RUSSIA-EO14024
NAUCHNO TEKHNICHESKII TSENTR MODUL INNOVATSII	RUSSIA-EO14024
JOINT STOCK COMPANY ASTRONOMICAL SCIENTIFIC CENTER	RUSSIA-EO14024
SISTEMY AVTONOMNOI ENERGII	RUSSIA-EO14024
KELDYSH INSTITUTE OF APPLIED MATHEMATICS	RUSSIA-EO14024
LIMITED LIABILITY COMPANY SPACE COMMUNICATIONS	RUSSIA-EO14024
AO KB NAVIS	RUSSIA-EO14024
AKTSIONERNOE OBSHCHESTVO NAVIS ELEKTRONIKA	RUSSIA-EO14024
NVS NAVIGATION TECHNOLOGIES LTD	RUSSIA-EO14024
AKTSIONERNOE OBSHCHESTVO NAVIS GRUPP	RUSSIA-EO14024
JOINT STOCK COMPANY GAZPROM SPACE SYSTEMS	RUSSIA-EO14024
OBSHCHESTVO S OGRANICHENNOI OTVETSTVENNOSTYU SPUTNIKOVYE INNOVATSIONNYE KOSMICHESKIE SISTEMY	RUSSIA-EO14024
INFORMATICS SERVICES CORPORATION	SDGT] [IFSR
NAJAFI, Seyed Abotaleb	SDGT
ADVANCE BANKING SOLUTION TRADING DMCC	SDGT
FREEDOM STAR GENERAL TRADING CO. L.L.C.	SDGT
KOSTIN, Vladislav Vyacheslavovich	RUSSIA-EO14024
MIRDAMADI, Pouria	SDGT
SAMIDOUN PALESTINIAN PRISONER SOLIDARITY NETWORK	SDGT
TED TEKNOLOJI GELISTIRME HIZMETLERI SANAYI TICARET ANONIM SIRKETI	SDGT
FAWARIS LIMITED LIABILITY COMPANY	RUSSIA-EO14024
SPECIAL SYSTEMS PHOTONICS LIMITED LIABILITY COMPANY	RUSSIA-EO14024
YUVENTA	RUSSIA-EO14024
LIMITED LIABILITY COMPANY VLADIKAVKAZ TECHNOLOGIKAL CENTER BASPIK	RUSSIA-EO14024
RESEARCH AND DEVELOPMENT COMPANY TR INDUSTRIES	RUSSIA-EO14024
ARTEKS LIMITED COMPANY	RUSSIA-EO14024
KHADEMI, Mohammad Reza	SDGT
INAND INDUSTRIES COMPANY LIMITED	RUSSIA-EO14024
CUBIT SEMICONDUCTOR LIMITED	RUSSIA-EO14024
PJSC TRANSCONTAINER	RUSSIA-EO14024
LIMITED LIABILITY COMPANY BODOR	RUSSIA-EO14024
PUBLIC JOINT STOCK COMPANY CHELYABINSK FORGE AND PRESS PLANT	RUSSIA-EO14024
GTS GRUPP	RUSSIA-EO14024
JOINT STOCK COMPANY NEVSKY ZAVOD	RUSSIA-EO14024
PRIMINER RUSSLAND	RUSSIA-EO14024
LLC TRADING HOUSE STANKOMASHSTROY	RUSSIA-EO14024
OBLTRANSTERMINAL	RUSSIA-EO14024
UPRAVLYAYUSHCHAYA KOMPANIYA UZTM KARTEKS	RUSSIA-EO14024
LIMITED LIABILITY COMPANY KMT	RUSSIA-EO14024
LIMITED LIABILITY COMPANY DURMA RUSYA	RUSSIA-EO14024
KINGTAIM KHEDMAN RUS	RUSSIA-EO14024
LIDERMASH STANKI	RUSSIA-EO14024
AKTSIONERNOE OBSHCHESTVO AVIA FED SERVICE	RUSSIA-EO14024
LINKER FZE	RUSSIA-EO14024
GOLD SOLUTION OU	RUSSIA-EO14024
LIMITED LIABILITY COMPANY GULFWIND	RUSSIA-EO14024
LIMITED LIABILITY COMPANY PLATAN ENERGO	RUSSIA-EO14024
OBSHCHESTVO S OGRANICHENNOY OTVETSTVENNOSTYU UKON	RUSSIA-EO14024
LIMITED LIABILITY COMPANY INTEGRATED ELECTRON OPTICAL SYSTEMS	RUSSIA-EO14024
GAFAR ZADA, Mehti	RUSSIA-EO14024
CLOSED JOINT STOCK COMPANY ERASIB	RUSSIA-EO14024
LIMITED LIABILITY COMPANY RESEARCH AND PRODUCTION COMPANY MAKROOPTIKA	RUSSIA-EO14024
LIMITED LIABILITY COMPANY AVBIS	RUSSIA-EO14024
LTD NISSA DISTRIBUTION	RUSSIA-EO14024
LLC MELYTEC	RUSSIA-EO14024
SOVTEST ATE	RUSSIA-EO14024
MILLAB SYNTHESIS	RUSSIA-EO14024
OOO LOGFORTRA	RUSSIA-EO14024
TK LOGIMEKS	RUSSIA-EO14024
ASIAN TRADE AGENCY LIMITED LIABILITY COMPANY	RUSSIA-EO14024
KORDELI	RUSSIA-EO14024
INTERMOST LOGISTICS EAST CO LTD	RUSSIA-EO14024
GIGANT KOMPLEKSNYE SISTEMY	RUSSIA-EO14024
LEVIN FOTONIKS	RUSSIA-EO14024
LIMITED LIABILITY COMPANY INFERIT	RUSSIA-EO14024
INFOTECH BALAKOVO LIMITED LIABILITY COMPANY	RUSSIA-EO14024
SARATOVSKII PROIZVODSTVENNO INZHINIRINGOVYI TSENTR	RUSSIA-EO14024
NAUCHNO PROIZVODSTVENNOE PREDPRIYATIE MIKROSISTEMA	RUSSIA-EO14024
GAZA NOW	SDGT
LUZHANSKAYA, Anna Yuryevna	RUSSIA-EO14024
TN ALABUGA	RUSSIA-EO14024
ST ALABUGA	RUSSIA-EO14024
AKTSIONERNOE OBSHCHESTVO AKONIT URAL	RUSSIA-EO14024
AKTSIONERNOE OBSHCHESTVO AKONIT ALABUGA	RUSSIA-EO14024
LIMITED LIABILITY COMPANY VERTIKAL ALABUGA	RUSSIA-EO14024
SMART DC LIPETSK LIMITED LIABILITY COMPANY	RUSSIA-EO14024
HASH MAKER LIMITED LIABILITY COMPANY	RUSSIA-EO14024
148SH LIMITED TRADE DEVELOPMENT	RUSSIA-EO14024
BS PROTSESSING	RUSSIA-EO14024
GRAZHDANSKIE PRIPASY	RUSSIA-EO14024
FENIKS	RUSSIA-EO14024
ZAVOD LIPETSKTEKHNOLIT	RUSSIA-EO14024
OBSHCHESTVO S OGRANICHENNOI OTVETSTVENNOSTYU 1A	RUSSIA-EO14024
ALFALODZHIK	RUSSIA-EO14024
VOSTOKINTERPROM LIMITED LIABILITY COMPANY	RUSSIA-EO14024
VINSAVER	RUSSIA-EO14024
EKOTEKHPLAST	RUSSIA-EO14024
POSTAVSHCHIK DALNEGO VOSTOKA	RUSSIA-EO14024
OKSI BALT	RUSSIA-EO14024
NIZHNY NOVGOROD JOINT STOCK COMPANY HYDROMASH NAMED AFTER VI LUZYANIN	RUSSIA-EO14024
VISHNU INC.	SDGT
OLYMPICS	SDGT
ANSARALLAH	FTO] [SDGT
AL-NASHIRI, Ibrahim	SDGT
FINANSOVYE INFORMATSIONNYE SISTEMY	RUSSIA-EO14024
KEIS STUDIO	RUSSIA-EO14024
AURIGA LIMITED LIABILITY COMPANY	RUSSIA-EO14024
LIMITED LIABILITY COMPANY BIMEISTER	RUSSIA-EO14024
LIMITED LIABILITY COMPANY ITC	RUSSIA-EO14024
GENAITI	RUSSIA-EO14024
LIMITED LIABILITY COMPANY I T C	RUSSIA-EO14024
ICL ELECTRONICS LIMITED LIABILITY COMPANY	RUSSIA-EO14024
AI TI SI CO	RUSSIA-EO14024
POGIBLOV, Georgii Semenovich	RUSSIA-EO14024
SUNGATOV, Artur Ravilevich	CYBER2
JSC SUEK	UKRAINE-EO13662] [RUSSIA-EO14024
KONDRATIEV, Ivan Gennadievich	CYBER2
PUBLICHNOE AKTSIONERNOE OBSHCHESTVO MECHEL	UKRAINE-EO13662] [RUSSIA-EO14024
NPO COMPUTER	RUSSIA-EO14024
3DATA	RUSSIA-EO14024
LIMITED LIABILITY COMPANY SAFEDATA	RUSSIA-EO14024
STACK TELECOM LTD	RUSSIA-EO14024
O2 KLAUD	RUSSIA-EO14024
TRUSTINFO	RUSSIA-EO14024
MIRAN LLC	RUSSIA-EO14024
T1 HOLDING	RUSSIA-EO14024
MP LIMITED LIABILITY COMPANY	RUSSIA-EO14024
UNISERVICE LIMITED LIABILITY COMPANY	RUSSIA-EO14024
AI TEKO INZHINIRING	RUSSIA-EO14024
SIROKKO TEKHNOLODZHI	RUSSIA-EO14024
VAIBOS	RUSSIA-EO14024
GUANGZHOU AUSAY TECHNOLOGY CO., LIMITED	RUSSIA-EO14024
GUANGZHOU HESEN IMPORT AND EXPORT CO., LTD	RUSSIA-EO14024
RI, Tong Hyok	NPWMD
YILUFA ELECTRONICS LIMITED	RUSSIA-EO14024
YU, Pu Ung	NPWMD
SHENZHEN BIGUANG TRADING CO., LTD	RUSSIA-EO14024
NEW IDEA GUANGZHOU TECHNOLOGY CO. LTD.	RUSSIA-EO14024
FALAHZADEH, Mohammad Reza	SDGT] [IRGC] [IFSR
YORGOS	SDGT
CAP TEES SHIPPING CO., LIMITED	SDGT
GUN MAKING COMPANY LEVSHA T LLC	RUSSIA-EO14024
JOINT STOCK COMPANY SPECIAL DESIGN BUREAU OF TRANSPORT MECHANICAL ENGINEERING	RUSSIA-EO14024
DALIR LTD	RUSSIA-EO14024
LADOGA SHIPPING COMPANY LIMITED LIABILITY COMPANY	RUSSIA-EO14024
VOSTOCHNAYA STEVEDORING COMPANY LLC	RUSSIA-EO14024
LIMITED LIABILITY COMPANY TRIMIX	RUSSIA-EO14024
ALIREZA 1	RUSSIA-EO14024
ABDRAKHMANOV, Farid Khabibullovich	RUSSIA-EO14024
BALTIYSKIY-111	RUSSIA-EO14024
FEDERAL STATE ENTERPRISE SCIENCE AND TECHNOLOGY ASSOCIATION KAZAN PLANT OF PRECISION ENGINEERING	UKRAINE-EO13662] [RUSSIA-EO14024
JOINT STOCK COMPANY VOSKRESENSKY AGGREGATION FACTORY	RUSSIA-EO14024
SKIF-V	RUSSIA-EO14024
JOINT STOCK COMPANY SPECIAL DESIGN BUREAU OF INSTRUMENT MAKING AND AUTOMATION	RUSSIA-EO14024
SYCHUGOV, Aleksandr Viacheslavovich	RUSSIA-EO14024
JOINT STOCK COMPANY ASTEIS	RUSSIA-EO14024
JOINT STOCK COMPANY TECHNOLOGICAL ENTERPRISE PERM PLANT OF METAL WORKING CENTERS	RUSSIA-EO14024
JOINT STOCK COMPANY TULA MACHINE BUILDING PLANT	RUSSIA-EO14024
COPEICHIN, Valerii	RUSSIA-EO14024
DRONOV, Evgenii Anatolevich	RUSSIA-EO14024
OBSHCHESTVO S OGRANICHENNOI OTVETSTVENNOSTIU VOENNO OKHRANNAIA KOMPANIIA KONVOI	RUSSIA-EO14024
PORKHACHEV, Nikolay Vladimirovich	RUSSIA-EO14024
RHEINGOLD EDELMETALL AG	RUSSIA-EO14024
DIEGELMANN, Fritz	RUSSIA-EO14024
DIEGELMANN, Axel Paul	RUSSIA-EO14024
DIEGELMANN, Bernd Guenter	RUSSIA-EO14024
RHEINGOLD EDELMETALL GMBH	RUSSIA-EO14024
LIEMETA AG	RUSSIA-EO14024
PUBLIC JOINT STOCK COMPANY IMPERIAL TULA ARMS PLANT	RUSSIA-EO14024
JOINT STOCK COMPANY SCIENTIFIC AND PRODUCTION ASSOCIATION PRIBOR NAMED AFTER S S GOLEMBIOVSKY	RUSSIA-EO14024
PIKALOV, Konstantin Alexandrovich	RUSSIA-EO14024
JOINT STOCK COMPANY KOVROV ELECTROMECHANICAL PLANT	RUSSIA-EO14024
NABOKOV, Yuri Alexandrovich	RUSSIA-EO14024
AKTSIONERNOE OBSHCHESTVO KONSALT	RUSSIA-EO14024
TENSIN, Alexey Vasilyevich	RUSSIA-EO14024
JOINT STOCK COMPANY ARZAMAS MACHINE BUILDING PLANT	RUSSIA-EO14024
JOINT STOCK COMPANY NOVOSIBIRSK MECHANICAL PLANT ISKRA	RUSSIA-EO14024
LIMITED LIABILITY COMPANY MILITARY INDUSTRIAL COMPANY	RUSSIA-EO14024
JSC SCIENTIFIC PRODUCTION ASSOCIATION EXPERIMENTAL DESIGN BUREAU NAMED AFTER M SIMONOV	RUSSIA-EO14024
JSC IZHEVSK MOTOR PLANT AKSION HOLDING	RUSSIA-EO14024
KUDRYAVTSEV, Gennady Ivanovich	RUSSIA-EO14024
JOINT STOCK COMPANY VERKHNYAYA SALDA CHEMICAL CONTAINER PLANT	RUSSIA-EO14024
DUNAY PROBABLE NAVAL MISSILE FACILITY	RUSSIA-EO14024
CENTRAL RESEARCH RADIO ENGINEERING INSTITUTE NAMED AFTER ACADEMICIAN A I BERG	RUSSIA-EO14024
TROSHEV, Andrej Nikolaevich	RUSSIA-EO14024
LIMITED LIABILITY COMPANY DIGITAL CENTER HYPERSPACE	RUSSIA-EO14024
LIMITED LIABILITY COMPANY HYPERSPACE TECHNOLOGIES	RUSSIA-EO14024
JOINT STOCK COMPANY SCIENTIFIC RESEARCH INSTITUTE EKRAN	RUSSIA-EO14024
LIMITED LIABILITY COMPANY ZHELTUGINSKAYA MINING COMPANY	RUSSIA-EO14024
LIMITED LIABILITY COMPANY OFFICE TECHNOLOGY JETCOM	RUSSIA-EO14024
LIMITED LIABILITY COMPANY GENERAL CONTRACTOR MFS	RUSSIA-EO14024
JOINT STOCK COMPANY SINARSKIY PIPE PLANT	RUSSIA-EO14024
JOINT STOCK COMPANY RIMERA	RUSSIA-EO14024
JOINT STOCK COMPANY TAGANROG METALLURGICAL PLANT	RUSSIA-EO14024
JOINT STOCK COMPANY SEVERSKIY PIPE PLANT	RUSSIA-EO14024
LIMITED LIABILITY COMPANY RIMERA ALNAS	RUSSIA-EO14024
LIMITED LIABILITY COMPANY SMARTMET	RUSSIA-EO14024
ELIZAREV, Anton Olegovich	RUSSIA-EO14024
LIMITED LIABILITY COMPANY RIMERA SERVIS	RUSSIA-EO14024
LIMITED LIABILITY COMPANY TMK PIPELINE SOLUTIONS	RUSSIA-EO14024
PINIGIN, Pavel Ivanovich	RUSSIA-EO14024
LIMITED LIABILITY COMPANY TUBES 2000	RUSSIA-EO14024
PUBLIC JOINT STOCK COMPANY IZHNEFTEMASH	RUSSIA-EO14024
PRO HELI INTERNATIONAL SERVICES LIMITED	RUSSIA-EO14024
DUDAEV, Akhmed Makhmudovich	RUSSIA-EO14024
LIMITED LIABILITY COMPANY GLOBALTEK	RUSSIA-EO14024
ORLOV, Stanislav Alexandrovich	RUSSIA-EO14024
LIMITED LIABILITY COMPANY RIMERA	RUSSIA-EO14024
LIMITED LIABILITY COMPANY TMK OIL FIELD SERVICES	RUSSIA-EO14024
KHROMOV, Vladimir Viktorovich	RUSSIA-EO14024
LIMITED LIABILITY COMPANY A AVERS	RUSSIA-EO14024
LIMITED LIABILITY COMPANY FEDOROVO KHOLDING	RUSSIA-EO14024
LIMITED LIABILITY COMPANY PROIZVODSTVENNYE RESHENIYA	RUSSIA-EO14024
MBK LOJISTIK MEDIKAL PAZARLAMA SANAYI IC VE DIS TICARET LIMITED SIRKETI	RUSSIA-EO14024
TURKANOV, Mikhail Viktorovich	RUSSIA-EO14024
LIMITED LIABILITY COMPANY TMK TAYMIR	RUSSIA-EO14024
LIMITED LIABILITY COMPANY FEDOROVO MINERALZ	RUSSIA-EO14024
LIMITED LIABILITY COMPANY TMK BUSINESS SERVICES CENTER	RUSSIA-EO14024
JOINT STOCK COMPANY PROIZVODSTVENNOE OBEDINENIE FORT	RUSSIA-EO14024
LIMITED LIABILITY COMPANY SINARAPROMTRANS	RUSSIA-EO14024
JOINT STOCK COMPANY BYSTRINSKAYA MINING COMPANY	RUSSIA-EO14024
LIMITED LIABILITY COMPANY SINARATRANSAUTO	RUSSIA-EO14024
LIMITED LIABILITY COMPANY MACHINE BUILDING FACTORY FORT	RUSSIA-EO14024
SHOOTING CENTER ALTAY SHOOTER LTD	RUSSIA-EO14024
ASIA INTERNATIONAL TRADE PROVIDER LLC	RUSSIA-EO14024
JOINT STOCK COMPANY FEDOROVO RISORSES	RUSSIA-EO14024
PUBLIC JOINT STOCK COMPANY PIPE METALLURGICAL COMPANY	UKRAINE-EO13662] [RUSSIA-EO14024
WUHAN XIAORUIZHI SCIENCE AND TECHNOLOGY COMPANY, LIMITED	CYBER2
LIMITED LIABILITY COMPANY SASOVSKI LITEINY ZAVOD	RUSSIA-EO14024
AZORIA SHIPPING COMPANY LIMITED	RUSSIA-EO14024
LIMITED LIABILITY COMPANY API FAKTORI	RUSSIA-EO14024
ELIXON SHIPPING COMPANY LIMITED	RUSSIA-EO14024
LIMITED LIABILITY COMPANY TMK TECHNICAL SERVICE	RUSSIA-EO14024
KALEDINA, Diana Evgenevna	RUSSIA-EO14024
GLORINA SHIPPING COMPANY LIMITED	RUSSIA-EO14024
TALAI, Alexey Konstantinovich	RUSSIA-EO14024
LIMITED LIABILITY COMPANY TMK PREMIUM SERVICES	RUSSIA-EO14024
PUBLIC JOINT STOCK COMPANY UZHURALZOLOTO GROUP OF COMPANIES	RUSSIA-EO14024
ZHAO, Guangzong	CYBER2
SPS ME FZCO	RUSSIA-EO14024
LIMITED LIABILITY COMPANY CENTER SPRUT T	RUSSIA-EO14024
JOINT STOCK COMPANY SAMARA METALLURGICAL PLANT	RUSSIA-EO14024
NI, Gaobin	CYBER2
STRUKOV, Konstantin Ivanovich	RUSSIA-EO14024
SPICHAK, Mikhail Grigoryevich	RUSSIA-EO14024
TSENTRALNOE PGO PAO	RUSSIA-EO14024
ILLC GEOPROMINING INVESTMENT	RUSSIA-EO14024
LIMITED LIABILITY COMPANY SOVRUDNIK	RUSSIA-EO14024
LIMITED LIABILITY COMPANY GORA GOLDEN RATIO	RUSSIA-EO14024
JOINT STOCK COMPANY KOMMUNAROVSKIY GOLD MINE	RUSSIA-EO14024
BULYUK, Vitaliy Viktorovich	RUSSIA-EO14024
LLC HOLDING GPM	RUSSIA-EO14024
LIMITED LIABILITY COMPANY HYPERSPACE	RUSSIA-EO14024
BARKHATNOVA, Alla Viktorovna	RUSSIA-EO14024
LIMITED LIABILITY COMPANY MANAGEMENT COMPANY UGC	RUSSIA-EO14024
LLC GEOPROMAINING	RUSSIA-EO14024
LIMITED LIABILITY COMPANY KAMCHATSKAYA GORNAYA KOMPANIYA	RUSSIA-EO14024
LIMITED LIABILITY COMPANY PIK GENPODRYAD	RUSSIA-EO14024
DALNEVOSTOCHNOE PGO AO	RUSSIA-EO14024
PUBLIC JOINT STOCK COMPANY PIK SPECIALIZED HOMEBUILDER	UKRAINE-EO13662] [RUSSIA-EO14024
LIMITED LIABILITY COMPANY KRYAZH INVEST	RUSSIA-EO14024
LIMITED LIABILITY COMPANY TIKHOOKEANSKAYA GORNAYA KOMPANIYA	RUSSIA-EO14024
LIMITED LIABILITY COMPANY PIK KORPORATSIYA	RUSSIA-EO14024
LIMITED LIABILITY COMPANY 2050 ADDITIVE TECHNOLOGIES	RUSSIA-EO14024
LIMITED LIABILITY COMPANY MODERN MARINE ARCTIC TRANSPORT SPG	RUSSIA-EO14024
LIMITED LIABILITY COMPANY TRADING HOUSE LOBAEV ARMS	RUSSIA-EO14024
LIMITED LIABILITY COMPANY GEOPROMAINING VERKHNE MENKECHE	RUSSIA-EO14024
LIMITED LIABILITY COMPANY VARNA MINERALS	RUSSIA-EO14024
LIMITED LIABILITY COMPANY GALIKA MET	RUSSIA-EO14024
LIMITED LIABILITY COMPANY MAKETIR	RUSSIA-EO14024
DALMORNEFTEGEOFIZIKA AO	RUSSIA-EO14024
LIMITED LIABILITY COMPANY LOBAEV ROBOTICS	RUSSIA-EO14024
LIMITED LIABILITY COMPANY GEYSER GOLD	RUSSIA-EO14024
LIMITED LIABILITY COMPANY NATSIONALNAYA SURMYANAYA KOMPANIYA	RUSSIA-EO14024
LIMITED LIABILITY COMPANY GALIKA SKD	RUSSIA-EO14024
LIMITED LIABILITY COMPANY CONSTRUCTION BUREAU OF INTEGRATED SYSTEMS	RUSSIA-EO14024
LIMITED LIABILITY COMPANY ENGINEERING CENTER OF ADDITIVE TECHNOLOGIES	RUSSIA-EO14024
LIMITED LIABILITY COMPANY GROSS	RUSSIA-EO14024
JOINT STOCK COMPANY VISMUT	RUSSIA-EO14024
ZARUBEZHGEOLOGIYA AO	RUSSIA-EO14024
LIMITED LIABILITY COMPANY NOVAPRINT 3D	RUSSIA-EO14024
FUND FOR THE DEVELOPMENT OF WEAPONS TECHNOLOGIES AND PRODUCTION LOBAEV FOUNDATION	RUSSIA-EO14024
TSENTRKVARTS PAO	RUSSIA-EO14024
AKADEMIK ALEKSANDR KARPINSKIY	RUSSIA-EO14024
JOINT STOCK COMPANY ZVEZDA	RUSSIA-EO14024
LIMITED LIABILITY COMPANY NPC ANTEY	RUSSIA-EO14024
LIMITED LIABILITY COMPANY DATA 51	RUSSIA-EO14024
PROFESSOR LOGACHEV	RUSSIA-EO14024
JOINT STOCK COMPANY SARYLAKH SURMA	RUSSIA-EO14024
JOINT STOCK COMPANY MEKHANIKA	RUSSIA-EO14024
AKADEMIK PRIMAKOV	RUSSIA-EO14024
LIMITED LIABILITY COMPANY INNOVATIVE EDUCATION	RUSSIA-EO14024
LIMITED LIABILITY COMPANY AEON MINING	RUSSIA-EO14024
AKADEMIK LAZEREV	RUSSIA-EO14024
AKADEMIK NEMCHINOV	RUSSIA-EO14024
LIMITED LIABILITY COMPANY HOLDING FINANCE	RUSSIA-EO14024
LIMITED LIABILITY COMPANY GALIKA TSENTR TEKHNOLOGI I SERVIS	RUSSIA-EO14024
PROFESSOR RYABINKIN	RUSSIA-EO14024
AKTSIONERNOE OBSHCHESTVO TOZ METIZ	RUSSIA-EO14024
GORDEEV, Sergey Eduardovich	RUSSIA-EO14024
JOINT STOCK COMPANY FAR EAST AND ARCTIC DEVELOPMENT CORPORATION	RUSSIA-EO14024
LIMITED LIABILITY COMPANY GALIKA SERVIS	RUSSIA-EO14024
JSC ROSGEOLOGIA	RUSSIA-EO14024
LIMITED LIABILITY COMPANY PIK PLUS	RUSSIA-EO14024
LIMITED LIABILITY COMPANY KRDV PRIMORYE	RUSSIA-EO14024
NPTS NEDRA AO	RUSSIA-EO14024
LIMITED LIABILITY COMPANY KRDV AMURSKAYA	RUSSIA-EO14024
INTERNATIONAL COMPANY LIMITED LIABILITY COMPANY LEDAMEN	RUSSIA-EO14024
JOINT STOCK COMPANY RUSATOM ARCTIC	RUSSIA-EO14024
LIMITED LIABILITY COMPANY TERRA GRUP	RUSSIA-EO14024
LIMITED LIABILITY COMPANY KRDV BURYATIYA	RUSSIA-EO14024
INNOVATION HUB LIMITED LIABILITY COMPANY	RUSSIA-EO14024
IRKUTSKGEOFIZIKA AO	RUSSIA-EO14024
LIMITED LIABILITY COMPANY KRDV CHUKOTKA	RUSSIA-EO14024
LIMITED LIABILITY COMPANY INZHTEPLOPROGRESS	RUSSIA-EO14024
LIMITED LIABILITY COMPANY URAL EDUCATIONAL RESIDENCE	RUSSIA-EO14024
LIMITED LIABILITY COMPANY KRDV KAMCHATKA	RUSSIA-EO14024
LIMITED LIABILITY COMPANY KRDV MURMANSK	RUSSIA-EO14024
FEDERAL STATE UNITARY ENTERPRISE ALEXANDROV RESEARCH INSTITUTE OF TECHNOLOGY	RUSSIA-EO14024
SEVERO VOSTOCHNOE PGO AO	RUSSIA-EO14024
LOBAEV, Vladislav Yevgenyevich	RUSSIA-EO14024
LIMITED LIABILITY COMPANY KRDV SAKHALIN AND KURILY	RUSSIA-EO14024
LIMITED LIABILITY COMPANY KRDV YAKUTIYA	RUSSIA-EO14024
LOBAEV, Nikolay Yevgenyevich	RUSSIA-EO14024
SEVERO KAVKAZSKOE PGO AO	RUSSIA-EO14024
LIMITED LIABILITY COMPANY KRDV YUZHNAYA YAKUTIYA	RUSSIA-EO14024
SEVERO ZAPADNOE PGO AO	RUSSIA-EO14024
LOBAEVA, Elena Anatolyevna	RUSSIA-EO14024
LIMITED LIABILITY COMPANY KRDV ZABAYKALYE	RUSSIA-EO14024
SIBIRSKOE PGO AO	RUSSIA-EO14024
OOO RUSKHIMALYANS	RUSSIA-EO14024
KOZHEVNIKOV, Vyacheslav Evgenevich	RUSSIA-EO14024
CHELYABINSKGEOSEMKA AO	RUSSIA-EO14024
YUZHMORGEOLOGIYA AO	RUSSIA-EO14024
TULSKOE NIGP AO	RUSSIA-EO14024
VNIGRI GEOLOGORAZVEDKA AO	RUSSIA-EO14024
NIKONOV, Vasili Vladislavovich	RUSSIA-EO14024
SEVMORNEFTEGEOFIZIKA AO	RUSSIA-EO14024
LIMITED LIABILITY PARTNERSHIP DA GROUP 22	RUSSIA-EO14024
LIMITED LIABILITY COMPANY STEK	RUSSIA-EO14024
JOINT STOCK COMPANY ECHELON TECHNOLOGIES	RUSSIA-EO14024
JOINT STOCK COMPANY SET 1	RUSSIA-EO14024
CHERNET, Yevgeniy Olegovich	RUSSIA-EO14024
JSC POLAR MARINE GEOSURVEY EXPEDITION	RUSSIA-EO14024
LIMITED LIABILITY COMPANY ELIKS M	RUSSIA-EO14024
AUTONOMOUS NON-PROFIT ORGANIZATION OF ADDITIONAL PROFESSIONAL EDUCATION ECHELON TRAINING CENTER	RUSSIA-EO14024
AMIGE AO	RUSSIA-EO14024
CHERNET, Yelena Lvovna	RUSSIA-EO14024
VNIGRIUGOL AO	RUSSIA-EO14024
VNIIZARUBEZHGEOLOGIYA VZG OAO	RUSSIA-EO14024
ELIX ST LIMITED LIABILITY COMPANY	RUSSIA-EO14024
LIMITED LIABILITY COMPANY KEY INFORMATION SYSTEMS	RUSSIA-EO14024
LIMITED LIABILITY COMPANY NOVATEK MURMANSK	RUSSIA-EO14024
S 7 ENGINEERING LLC	RUSSIA-EO14024
MIRAGE AIR CRAFT SERVICES SOLE PROPRIETORSHIP LLC	RUSSIA-EO14024
CRYNOFIST AVIATION FZCO	RUSSIA-EO14024
RBG SOLUTION FZE	RUSSIA-EO14024
LIMITED LIABILITY COMPANY ANGAR	RUSSIA-EO14024
LIMITED LIABILITY COMPANY NEIT	RUSSIA-EO14024
JOINT STOCK COMPANY ELEKTRONNAYA MOSKVA	RUSSIA-EO14024
LIMITED LIABILITY COMPANY ONSINT	RUSSIA-EO14024
GANCHEV, Vitaliy Konstantinovich	RUSSIA-EO14024
URANGEOLOGORAZVEDKA AO	RUSSIA-EO14024
LIMITED LIABILITY COMPANY SPRUT TECHNOLOGY	RUSSIA-EO14024
LIMITED LIABILITY PARTNERSHIP ELEM GROUP	RUSSIA-EO14024
GRYZLOV, Boris Vyacheslavovich	RUSSIA-EO14024
ZHEJIANG OULONG ELECTRIC CO LTD	RUSSIA-EO14024
FEDERAL STATE UNITARY ENTERPRISE CENTRAL ORDER OF THE RED BANNER SCIENTIFIC RESEARCH AUTOMOBILE AND AUTOMOTIVE ENGINES INSTITUTE NAMI	RUSSIA-EO14024
LIMITED LIABILITY COMPANY AUTO HOLDING	RUSSIA-EO14024
LIMITED LIABILITY COMPANY SHUSHARY AVTO	RUSSIA-EO14024
LIMITED LIABILITY COMPANY AURUS	RUSSIA-EO14024
LIMITED LIABILITY COMPANY FIBET NAMI ADVANCED ENGINEERING	RUSSIA-EO14024
LIMITED LIABILITY COMPANY NAMI INNOVATIVE COMPONENTS	RUSSIA-EO14024
LIMITED LIABILITY COMPANY CYBERSTEEL	RUSSIA-EO14024
LIMITED LIABILITY COMPANY CYBERSTEEL ALABUGA	RUSSIA-EO14024
LIMITED LIABILITY COMPANY CYBERSTEEL PROJECT 2	RUSSIA-EO14024
LIMITED LIABILITY COMPANY PRESSMAN PREMIUM PACKAGING NOVGOROD	RUSSIA-EO14024
LIMITED LIABILITY COMPANY PRESSMAN PREMIUM PACKAGING SPB	RUSSIA-EO14024
LIMITED LIABILITY COMPANY SEPTEMBER	RUSSIA-EO14024
KOMAROV, Andrey Ilyich	RUSSIA-EO14024
LIMITED LIABILITY COMPANY OKTYABR	RUSSIA-EO14024
LIMITED LIABILITY COMPANY HS INVESTMENTS	RUSSIA-EO14024
JOINT STOCK COMPANY START	RUSSIA-EO14024
LIMITED LIABILITY COMPANY PRESSMAN SOFT PACKAGING NOVGOROD	RUSSIA-EO14024
LIMITED LIABILITY COMPANY THREEAGRO	RUSSIA-EO14024
LIMITED LIABILITY COMPANY NEW COMMUNAL TECHNOLOGIES	RUSSIA-EO14024
IMPORTEKS	RUSSIA-EO14024
LIMITED LIABILITY COMPANY TPK FOLIPLAST	RUSSIA-EO14024
OOO PV BRIDZH	RUSSIA-EO14024
LIMITED LIABILITY COMPANY NATIONAL CENTRE FOR INFORMATION SECURITY	RUSSIA-EO14024
ARTMARINE LLC	RUSSIA-EO14024
OOO STANDARD LINE	RUSSIA-EO14024
LIMITED LIABILITY COMPANY TRADE HOUSE KYUTEK	RUSSIA-EO14024
LIMITED LIABILITY COMPANY EUROTRANSEXPEDITION	RUSSIA-EO14024
OLIMPIK GAMA IC VE DIS TICARET SANAYI LIMITED SIRKETI	RUSSIA-EO14024
WUHAN MAIWE COMMUNICATION CO LTD	RUSSIA-EO14024
MEZENTSEV, Dmitriy Fedorovich	RUSSIA-EO14024
LIMITED LIABILITY COMPANY ADDITIVE TECHNOLOGY	RUSSIA-EO14024
LIMITED LIABILITY COMPANY DIAPAZON	RUSSIA-EO14024
LIMITED LIABILITY COMPANY AMS TEKHNIKA	RUSSIA-EO14024
JOINT STOCK COMPANY KLINTSOVSKIY MOBILE CRANE PLANT	RUSSIA-EO14024
INTERNATIONAL LIMITED LIABILITY COMPANY TMK STEEL HOLDING	RUSSIA-EO14024
OJSC AGAT-CONTROL SYSTEM-MANAGING COMPANY OF GEOINFORMATION CONTROL SYSTEMS HOLDING	BELARUS-EO14038
LIMITED LIABILITY COMPANY MANAGEMENT COMPANY ABAMET	RUSSIA-EO14024
LIMITED LIABILITY COMPANY HERMLE VOSTOK	RUSSIA-EO14024
JOINT STOCK COMPANY CHELYABINSK PIPE ROLLING PLANT	RUSSIA-EO14024
LIMITED LIABILITY COMPANY SHIPBUILDING COMPLEX ZVEZDA	UKRAINE-EO13662] [RUSSIA-EO14024
LIMITED LIABILITY COMPANY TMK YARTSEVSKIY METALLURGICAL PLANT	RUSSIA-EO14024
COREBAI MICROELECTRONICS BEIJING COMPANY LIMITED	RUSSIA-EO14024
ALPHA VISIT SHOP FOREIGN TRADE LIMITED COMPANY	RUSSIA-EO14024
POLARSTAR LOGISTICS LLC	RUSSIA-EO14024
LIMITED LIABILITY COMPANY ATM GRUPP	RUSSIA-EO14024
LIMITED LIABILITY COMPANY INZHENERNO TEKHNOLOGICHESKI TSENTR ATM	RUSSIA-EO14024
JOINT STOCK COMPANY VOLZHSKIY PIPE PLANT	RUSSIA-EO14024
LIMITED LIABILITY COMPANY ATM TEKHNOLODZHI	RUSSIA-EO14024
LIMITED LIABILITY COMPANY KNAUER ENGINEERING	RUSSIA-EO14024
BAVENIT	RUSSIA-EO14024
JOINT STOCK COMPANY ORSKIY MACHINE BUILDING PLANT	RUSSIA-EO14024
GELENDZHIK	RUSSIA-EO14024
CARRASCO LEYVA, Josefa Yadira	ILLICIT-DRUGS-EO14059
JOINT STOCK COMPANY PERVOURALSKIY NEW PIPE PLANT	RUSSIA-EO14024
YUZHMORGEOLOGIYA	RUSSIA-EO14024
TAUBER, Marina	RUSSIA-EO14024
NIETO FIERRO, Heber	ILLICIT-DRUGS-EO14059
ORTEGA GALLEGOS, Jorge Adrian	ILLICIT-DRUGS-EO14059
SALAS AGUAYO, Jesus	ILLICIT-DRUGS-EO14059
AGUAYO, Adrian	ILLICIT-DRUGS-EO14059
LIMITED LIABILITY COMPANY ECHELON INNOVATIONS	RUSSIA-EO14024
LIMITED LIABILITY COMPANY PROJECT CONSULTING BUREAU ECHELON	RUSSIA-EO14024
LIMITED LIABILITY COMPANY CYBERSECURITY LABORATORY	RUSSIA-EO14024
INTELLEXA S.A.	CYBER2
DILIAN, Tal Jonathan	CYBER2
SMART DEPOT	ILLICIT-DRUGS-EO14059
INTELLEXA LIMITED	CYBER2
TIRADO ANDRADE, Jesus	ILLICIT-DRUGS-EO14059
CYTROX AD	CYBER2
NUNEZ HERRERA, Alan Gabriel	ILLICIT-DRUGS-EO14059
CYTROX HOLDINGS ZARTKORUEN MUKODO RESZVENYTARSASAG	CYBER2
MARIN GONZALEZ, Porthos	ILLICIT-DRUGS-EO14059
MARIN GONZALEZ, Arturo D'Artagnan	ILLICIT-DRUGS-EO14059
ROBLEDO ARREDONDO, Adilene Mayre	ILLICIT-DRUGS-EO14059
ROBLEDO ARREDONDO, Ivan Yareth	ILLICIT-DRUGS-EO14059
THALESTRIS LIMITED	CYBER2
VERGARA MEZA, Edy	ILLICIT-DRUGS-EO14059
VERGARA MEZA, Alexis	ILLICIT-DRUGS-EO14059
LEON VALDEZ, Jesus Manuel	ILLICIT-DRUGS-EO14059
LIZARRAGA MARTINEZ, Victor	ILLICIT-DRUGS-EO14059
LARRANAGA HERRERA, Jesus Norberto	ILLICIT-DRUGS-EO14059
VERDUZCO CASTRO, Rolando	ILLICIT-DRUGS-EO14059
GARCIA VELAZCO, Jorge Alejandro	ILLICIT-DRUGS-EO14059
CELULANDIA TALLER & STORE SLRC	ILLICIT-DRUGS-EO14059
GONZALEZ CORDERO, Mayra Gisel	ILLICIT-DRUGS-EO14059
LIZARRAGA SANCHEZ, Karla Gabriela	ILLICIT-DRUGS-EO14059
BUFALUSS	ILLICIT-DRUGS-EO14059
DULCE VOLCAN	ILLICIT-DRUGS-EO14059
ROYAL ROOM DRESS	ILLICIT-DRUGS-EO14059
TOTAL LOOK	ILLICIT-DRUGS-EO14059
BITPAPA IC FZC LLC	RUSSIA-EO14024
CRYPTO EXPLORER DMCC	RUSSIA-EO14024
OBSHCHESTVO S OGRANICHENNOY OTVETSTVENNOSTYU KRIPTO EKSPLORER	RUSSIA-EO14024
RAKITIN, Igor Borisovich	RUSSIA-EO14024
BOYARINEV, Valeriy Gennadevich	RUSSIA-EO14024
KALININ, Vadim Konstantinovich	RUSSIA-EO14024
JOINT-STOCK COMPANY B-CRYPTO	RUSSIA-EO14024
OBSHCHESTVO S OGRANICHENNOY OTVETSTVENNOSTYU SISTEMY RASPREDELENNOGO REYESTRA	RUSSIA-EO14024
OBSHCHESTVO S OGRANICHENNOY OTVETSTVENNOSTYU LAITKHAUS	RUSSIA-EO14024
OBSHCHESTVO S OGRANICHENNOY OTVETSTVENNOSTYU ATOMAIZ	RUSSIA-EO14024
TOKENTRUST HOLDINGS LIMITED	RUSSIA-EO14024
OBSHCHESTVO S OGRANICHENNOY OTVETSTVENNOSTYU VEB3 TEKHNOLOGII	RUSSIA-EO14024
OBSHCHESTVO S OGRANICHENNOY OTVETSTVENNOSTYU VEB3 INTEGRATOR	RUSSIA-EO14024
KAIGORODOV, Igor Veniaminovich	RUSSIA-EO14024
OBSHCHESTVO S OGRANICHENNOY OTVETSTVENNOSTYU TSENTR OBRABOTKI ELEKTRONNYKH PLATEZHEY	RUSSIA-EO14024
BUKANOV, Timur Evgenyevich	RUSSIA-EO14024
BITFINGROUP OU	RUSSIA-EO14024
KOHANA COMPANY LIMITED	SDGT] [IFSR
IRIDESCENT CO LTD	SDGT] [IFSR
KOHANA	SDGT
AL-DAMMAMI, Hussein Ahmad 'Abdallah Ahmad Hussein	SDGT
MNANGAGWA, Auxillia	GLOMAG
TAPFUMANEYI, Asher Walter	GLOMAG
RENEEZ SHIPPING LIMITED	SDGT
RENEEZ	SDGT
AYASH, Mustafa	SDGT
SULTANA, Aozma	SDGT
AL-QURESHI EXECUTIVES	SDGT
AAKHIRAH LIMITED	SDGT
HONGKONG UNITOP GROUP LTD	SDGT
MOONBAY	SDGT
MAC DONALD, Brett Warrick	RUSSIA-EO14024
LOUW, Shaun	RUSSIA-EO14024
KOREA MANDAL CREDIT BANK	DPRK4
CHOE, Chol Ryong	NPWMD
CAPITAL MINING INVESTMENT NICARAGUA, SOCIEDAD ANONIMA	NICARAGUA
AL-KAHLUT, Hudhayfa Samir 'Abdallah	SDGT
ABU SHANAB, William	SDGT
'AZZAM, Khalil Muhammad	SDGT
FARHAT, Bara'a Hasan	SDGT
SHAHMARI GHOJEH BIKLO, Rostam	NPWMD] [IFSR
PISHRO MOBTAKER PEYVAND	NPWMD] [IFSR
INANLU, Mitra	NPWMD] [IFSR
ALBORZ ORGANIC MATERIAL ENGINEERING COMPANY	NPWMD] [IFSR
KANOGLU, Hidayet	NPWMD
NIYAZOV, Muhammad Ibrohimjon	SDGT
MIRZOEV, Muhammadyusuf Alisher Ogli	SDGT
ISMAILOV, Olimkhon Makhmudjon Ugli	SDGT
MAYA EXCHANGE COMPANY	PAARSSR-EO13894
LIMITED LIABILITY COMPANY ALIS	DPRK2
PIONEER BENCONT STAR REAL ESTATE	DPRK2
JON, Yun Gun	DPRK2
GOKLER DIS TICARET LIMITED SIRKETI	NPWMD] [IFSR
GOK, Mahmut	NPWMD] [IFSR
MAHMUT GOK SKIES PETROLEUM DIS TICARET	NPWMD] [IFSR
DM GOLD KIYMETLI MADENLER ANONIM SIRKETI	NPWMD] [IFSR
HAN, Chol Man	DPRK3
O, In Chun	DPRK
JONG, Song Ho	DPRK4
KNH SHIPPING PRIVATE LIMITED	SDGT
KARIMI, Maziar	NPWMD] [IFSR
MAZIXON GMBH AND CO KG	NPWMD] [IFSR
MAZIXON VERWALTUNGS GMBH	NPWMD] [IFSR
MAZAYA ALARDH ALDHABIA LLC	NPWMD] [IFSR
TIT ULUSLARARASI NAKLIYAT DERI TEKSTIL GIDA SANAYI VE TICARET LIMITED SIRKETI	NPWMD] [IFSR
HASSALEH INTERNATIONAL COMPANY	SDGT
DAWN II	SDGT
KLAS KIMYASAL URUNLER TICARET LIMITED SIRKETI	NPWMD] [IFSR
AL-LAW, Tawfiq Muhammad Sa'id	SDGT
AL-DJ, Mahmoud Abdulilah	PAARSSR-EO13894
AL-TA'IR COMPANY	PAARSSR-EO13894
FREEBIRD TRAVEL AND TOURISM	PAARSSR-EO13894
AL-KAYALI, Taher	PAARSSR-EO13894
NEPTUNUS LLC	PAARSSR-EO13894
ORCHIDIA REGIONAL FOR GENERAL TRADING AND CONTRACTING COMPANY	SDGT
MASS COM GROUP GENERAL TRADING AND CONTRACTING COMPANY WLL	SDGT
QUOC VIET MARINE TRANSPORT JSC	SDGT
LIMITED LIABILITY COMPANY STG LOGISTIC	PAARSSR-EO13894
GRAINS MIDDLE EAST TRADING DWC-LLC	PAARSSR-EO13894
DAVID, Yafi	PAARSSR-EO13894
MELODY SHIPMANAGEMENT PVT LTD	SDGT
SHENZHEN 5G HIGH-TECH INNOVATION CO., LIMITED	BELARUS-EO14038
YOUSSEF, Adnan Mahmoud	SDGT
OPEN JOINT STOCK COMPANY STANKOGOMEL	BELARUS-EO14038
AL-ZEIN, Mazen Hassan	SDGT
YURCHIK, Oleg	BELARUS-EO14038
MOUKALLED, Firas Hasan	SDGT
MUSHANTAF, Andriyah Samir	SDGT
AKSIANCHUK, Aliaksandra	BELARUS-EO14038
MANSUR, Bashir Ibrahim	SDGT
TELEPORT COMPANY SAL	SDGT
THE CRYSTAL GROUP	SDGT
BRAIM, Dmitry	BELARUS-EO14038
JSC NIIEVM	BELARUS-EO14038
MALDONADO BUSTOS, Rodolfo	ILLICIT-DRUGS-EO14059
RAMIREZ CARRERA, Josue	ILLICIT-DRUGS-EO14059
LOPEZ HERNANDEZ, Josue	ILLICIT-DRUGS-EO14059
DURAN ALVAREZ, David	ILLICIT-DRUGS-EO14059
TABARES MARTINEZ, Uriel	ILLICIT-DRUGS-EO14059
BLACK SHIELD COMPANY FOR GENERAL TRADING LLC	BELARUS-EO14038
ZHONGCHENG HEAVY EQUIPMENT DEFENSE TECHNOLOGY SHANDONG GROUP CO., LTD.	RUSSIA-EO14024
RAYYA, Samer	BELARUS-EO14038
DEIRY, Mohamad Majd	BELARUS-EO14038
ALI, Alhaitham Al	BELARUS-EO14038
PROTOPOVICH, Tatyana	BELARUS-EO14038
YAGMUR, Nora	BELARUS-EO14038
CENTURONIC LTD	BELARUS-EO14038
S. GROUP AIRLINES LTD	BELARUS-EO14038
RAYYA DANISMANLIK HIZMETLERI LIMITED SIRKETI	BELARUS-EO14038
PHOENIX LINES S.R.O.	BELARUS-EO14038
ARZATE GOMEZ, Kevin	ILLICIT-DRUGS-EO14059
CAMACHO GOICOCHEA, Euclides	ILLICIT-DRUGS-EO14059
OCHOA LAGUNES, Lucio	ILLICIT-DRUGS-EO14059
JOINT STOCK COMPANY IBS IT SERVICES	RUSSIA-EO14024
IBS SOFT LTD	RUSSIA-EO14024
LIMITED LIABILITY COMPANY IBS INFINISOFT	RUSSIA-EO14024
OCEANLINK MARITIME DMCC	SDGT] [IFSR
IBS EXPERTISE	RUSSIA-EO14024
HECATE	SDGT
SIRI	SDGT
BOREAS	SDGT
CAPE GAS	SDGT
CALYPSO GAS	SDGT
MERAKI	SDGT
ELSA	SDGT
LANIT INCORPORATED	RUSSIA-EO14024
DEMETER	SDGT
HEBE	SDGT
BAXTER	SDGT
GLAUCUS	SDGT
OUREA	SDGT
OCEANUS GAS	SDGT
OOO ORLAN	RUSSIA-EO14024
ROSTAR RESEARCH AND PRODUCTION ASSOCIATION LIMITED LIABILITY COMPANY	RUSSIA-EO14024
LLC TURBO KING	RUSSIA-EO14024
A Y A UNIVERSAL DENIZCILIK KUMANYACILIK LIMAN HIZMETLERI ITHALAT IHRACAT LIMITED SIRKETI	RUSSIA-EO14024
LIMITED LIABILITY COMPANY REIL TREIN SERVICE	RUSSIA-EO14024
LIMITED LIABILITY COMPANY EASTERN TRADING TRANSPORT COMPANY	RUSSIA-EO14024
FPK TRANSAGENCY JSC	RUSSIA-EO14024
INSTITUTE OF APPLIED PHYSICS JSC	RUSSIA-EO14024
OPEN JOINT STOCK COMPANY KAZAN PLANT ELECTROPRIBOR	RUSSIA-EO14024
LIMITED LIABILITY COMPANY UNITED LIFESAVING TECHNOLOGIES	RUSSIA-EO14024
LIMITED LIABILITY COMPANY POINTER	RUSSIA-EO14024
OKO DESIGN BUREAU	RUSSIA-EO14024
JOINT STOCK COMPANY DUKS	RUSSIA-EO14024
LIPETSKII MEKHANICHESKII ZAVOD	RUSSIA-EO14024
AKTSIONERNOE OBSHCHESTVO TSENTRALNOE KONSTRUKTORSKOE BYURO APPARATOSTROENIYA	RUSSIA-EO14024
JOINT STOCK COMPANY CLASS	RUSSIA-EO14024
JOINT STOCK COMPANY SCIENTIFIC-RESEARCH INSTITUTE OF MECHANIZATION OF KRASNOARMEYSK	RUSSIA-EO14024
JSC INNOVATION WEAPONS TECHNOLOGIES	RUSSIA-EO14024
LIMITED LIABILITY COMPANY SCIENTIFIC AND PRODUCTION ASSOCIATION NAUKASOFT	RUSSIA-EO14024
INFORMATION TELECOMMUNICATION TECHNOLOGIES JOINT STOCK COMPANY	RUSSIA-EO14024
COMPLEX UNMANNED SOLUTIONS CENTER LTD	RUSSIA-EO14024
INTELLEKTUALNYE SISTEMY NN LIMITED LIABILITY COMPANY	RUSSIA-EO14024
LATICOM LTD	RUSSIA-EO14024
LAZERBI	RUSSIA-EO14024
JOINT STOCK COMPANY INTEGRAL ZAPAD	RUSSIA-EO14024
LIMITED LIABILITY COMPANY LASERFORM	RUSSIA-EO14024
LASERCUT LIMITED LIABILITY COMPANY	RUSSIA-EO14024
JOINT STOCK COMPANY SEA PROJECT	RUSSIA-EO14024
MAGNETON JOINT STOCK COMPANY	RUSSIA-EO14024
OTKRYTOE AKTSIONERNOE OBSHCHESTVO VSEROSSIISKII NAUCHNO ISSLEDOVATELSKII PROEKTNO KONSTRUKTORSKII I TEKHNOLOGICHESKII INSTITUT KABELNOI PROMYSHLENNOSTI	RUSSIA-EO14024
LIMITED LIABILITY COMPANY MIRP INTELLECTUAL SYSTEMS	RUSSIA-EO14024
SWD EMBEDDED SYSTEMS	RUSSIA-EO14024
HARDBERRY LIMITED LIABILITY COMPANY	RUSSIA-EO14024
RED DOLPHIN JOINT STOCK COMPANY	RUSSIA-EO14024
SUSU COMPUTER ENGINEERING CENTER	RUSSIA-EO14024
AVIV LLC	RUSSIA-EO14024
LIMITED LIABILITY COMPANY NEWTON TECHNICS	RUSSIA-EO14024
LIMITED LIABILITY COMPANY ELIARS	RUSSIA-EO14024
CYBERSECURITY CENTER LLC	RUSSIA-EO14024
JOINT STOCK COMPANY ELECTROAVTOMATIKA	RUSSIA-EO14024
OOO GIKEL	RUSSIA-EO14024
ELAR	RUSSIA-EO14024
AKTSIONERNOE OBSHCHESTVO PROEKTNO KONSTRUKTORSKOE BYURO RIO	RUSSIA-EO14024
ELEKTRONNYI ARKHIV	RUSSIA-EO14024
ALADDIN RD	RUSSIA-EO14024
JOINT STOCK COMPANY UMIRS	RUSSIA-EO14024
SMART TURBO TECHNOLOGY LTD	RUSSIA-EO14024
LIMITED LIABILITY COMPANY RADIOIZMERENIYA	RUSSIA-EO14024
JOINT STOCK COMPANY RAMEC VS	RUSSIA-EO14024
LIMITED LIABILITY COMPANY HOTU TENT	RUSSIA-EO14024
OOO YUPEL	RUSSIA-EO14024
MANUFACTURING COMPANY LTD LEMA	RUSSIA-EO14024
LIMITED LIABILITY COMPANY LENCABEL	RUSSIA-EO14024
LIMITED LIABILITY COMPANY TRADING AND PRODUCTION COMPLEX MAXIMUM	RUSSIA-EO14024
THE GROUP OF COMPANIES ELECTRONINVEST JOINT STOCK COMPANY	RUSSIA-EO14024
ALEXANDER ELECTRIC POWER SUPPLIES	RUSSIA-EO14024
JOINT STOCK COMPANY SPECIAL DESIGN BUREAU OF THE CABLE INDUSTRY	RUSSIA-EO14024
MMP IRBIS	RUSSIA-EO14024
JOINT STOCK COMPANY MEMOTHERM MM	RUSSIA-EO14024
AKTSIONERNOE OBSHCHESTVO BOLKHOVSKII ZAVOD POLUPROVODNIKOVYKH PRIBOROV	RUSSIA-EO14024
ALEXANDER ELECTRIC DON	RUSSIA-EO14024
AKTSIONERNOE OBSHCHESTVO CONSTRUCTION BUREAU ELECTRICAL PRODUCTS XXI CENTURY	RUSSIA-EO14024
AKTSIONERNOE OBSHCHESTVO FRYAZINSKII ZAVOD MOSHCHNYKH TRANZISTOROV	RUSSIA-EO14024
LIMITED LIABILITY COMPANY QUANTUM OPTICS	RUSSIA-EO14024
AKTSIONERNOE OBSHCHESTVO PYEZO	RUSSIA-EO14024
JOINT STOCK COMPANY ELECOND	RUSSIA-EO14024
LASSARD	RUSSIA-EO14024
LIMITED LIABILITY COMPANY SREDNEVOLZHSKY STANKOZAVOD	RUSSIA-EO14024
UNIFIED METALWORKING CENTER	RUSSIA-EO14024
PUBLIC JOINT STOCK COMPANY AVTODIZEL YAROSLAVL MOTOR PLANT	RUSSIA-EO14024
JOINT STOCK COMPANY RESEARCH AND PRODUCTION ENTERPRISE IZMERITEL	RUSSIA-EO14024
LLC ZAVOD SPETSAGREGAT	RUSSIA-EO14024
AKTSIONERNOE OBSHCHESTVO ZAVOD PROTON	RUSSIA-EO14024
FEDERAL RESEARCH AND PRODUCTION CENTER JOINT STOCK COMPANY RESEARCH AND PRODUCTION ASSOCIATION MARS	RUSSIA-EO14024
LIMITED LIABILITY COMPANY UNIQUE LAB	RUSSIA-EO14024
LIMITED LIABILITY COMPANY CONFERUM	RUSSIA-EO14024
TREAL M LIMITED LIABILITY COMPANY	RUSSIA-EO14024
JSC BIOGRAD	RUSSIA-EO14024
JOINT STOCK COMPANY MANEL	RUSSIA-EO14024
DIAGNOSTIKA M LLC	RUSSIA-EO14024
TONG, Peiji	ILLICIT-DRUGS-EO14059
LIMITED LIABILITY COMPANY VIRSEMI	RUSSIA-EO14024
JOINT STOCK COMPANY VLADIMIR PLANT OF METAL HOSES	RUSSIA-EO14024
JSC VLADIMIR PLANT OF PRECISION ALLOYS	RUSSIA-EO14024
JOINT STOCK COMPANY JUPITER PLANT	RUSSIA-EO14024
LLC INNO BETON 21	RUSSIA-EO14024
LIMITED LIABILITY COMPANY K.ARMA	RUSSIA-EO14024
CARBONIM ENGINEERING LIMITED LIABILITY COMPANY	RUSSIA-EO14024
MERIDIAN RESEARCH AND PRODUCTION FIRM JSC	RUSSIA-EO14024
METMA METAL AND CERAMIC MATERIALS PLANT JSC	RUSSIA-EO14024
LIMITED LIABILITY COMPANY WORLD OF FASTENERS TD	RUSSIA-EO14024
LLC MOSPRESS	RUSSIA-EO14024
CHARHEIKA, Siarhei	BELARUS-EO14038
JOINT STOCK COMPANY COMMUNICATION EQUIPMENT	BELARUS-EO14038
JSC AGAT-SYSTEM	BELARUS-EO14038
LLC INNOTECH SOLUTIONS	BELARUS-EO14038
TULUN INTERNATIONAL HOLDING LIMITED	RUSSIA-EO14024
LIMITED LIABILITY COMPANY ULTRAN ELECTRONIC COMPONENTS	RUSSIA-EO14024
RG SOLUTIONS LIMITED	RUSSIA-EO14024
FINDER TECHNOLOGY LTD	RUSSIA-EO14024
JUHANG AVIATION TECHNOLOGY SHENZHEN CO., LTD.	RUSSIA-EO14024
CONGO RIVER ALLIANCE	DRCONGO
MIKHALTSOU, Dzmitry	BELARUS-EO14038
KHOROSHEV, Dmitry Yuryevich	CYBER2
SELIVERSTOV, Ivan Vladimirovich	RUSSIA-EO14024
MOZHAYEV, Yegor Igoryevich	RUSSIA-EO14024
MILITECHTRADE LIMITED LIABILITY COMPANY	RUSSIA-EO14024
JOINT STOCK COMPANY MILITECH	RUSSIA-EO14024
LEDA LIMITED LIABILITY COMPANY	RUSSIA-EO14024
AKSIOMA LIMITED LIABILITY COMPANY	RUSSIA-EO14024
GLOBAL KEY LIMITED LIABILITY COMPANY	RUSSIA-EO14024
ALFA LIMITED LIABILITY COMPANY	RUSSIA-EO14024
BIMLOGIC LIMITED LIABILITY COMPANY	RUSSIA-EO14024
XI'AN LONGDE TECHNOLOGY DEVELOPMENT COMPANY LIMITED	NPWMD
GRANPECT CO. LTD.	NPWMD
TIANJIN CREATIVE SOURCE INTERNATIONAL TRADE CO LTD	NPWMD
COMPLIGA	RUSSIA-EO14024
PIXEL DEVICES LIMITED	RUSSIA-EO14024
BAHMAN DIESEL CO.	SDGT] [IFSR
CAROVILLI TRADING SRO	RUSSIA-EO14024
IRAN DOCHARKH CO.	SDGT] [IFSR
AL-ZEER, Majed	SDGT
IRAN CHASSIS MANUFACTURING CO.	SDGT] [IFSR
GOOD RUN LIMITED	IRAN-EO13871
MAGELLANIC PHOENIX MARINE AND TRADING LIMITED	IRAN-EO13871
HSF DIS TICARET LIMITED SIRKETI	IRAN-EO13871
PSI DMCC	IRAN-EO13871
VEKTOR ETALON	RUSSIA-EO14024
KARA INDUSTRIAL TRADING GMBH	IRAN-EO13871
ALGORITM TOCHNOSTI	RUSSIA-EO14024
NASAB, Alireza Shafie	SDGT] [IRGC] [IFSR
HARUNI, Hosein Mohammad	SDGT] [IRGC] [IFSR
AKTSIONERNOE OBSHCHESTVO KONSTRUKTORSKOE BYURO FARVATER	RUSSIA-EO14024
SALMANI, Komeil Baradaran	SDGT] [IRGC] [IFSR
ARTA SYSTEM LIMITED	RUSSIA-EO14024
RAHMAN, Reza Kazemifar	SDGT] [IRGC] [IFSR
LIMITED LIABILITY COMPANY VIPAKS+	RUSSIA-EO14024
ASEMAN PISHRANEH CO. LTD	NPWMD] [IFSR
ABUTALEBI, Mohammad Sadegh	NPWMD] [IRGC] [IFSR
ABUTALEBI, Ali Asghar	NPWMD] [IRGC] [IFSR
NAJAFI, Ali Habibi	NPWMD] [IFSR
IVK JOINT STOCK COMPANY	RUSSIA-EO14024
K TECHNOLOGIES JOINT STOCK COMPANY	RUSSIA-EO14024
SCIENTIFIC EQUIPMENT GROUP OF COMPANIES	RUSSIA-EO14024
MEZHDUNARODNYI KLUB OPTICHESKIKH INNOVATSII	RUSSIA-EO14024
LIMITED LIABILITY COMPANY PROTEY SPETSTEKHNIKA	RUSSIA-EO14024
ALPHA M JOINT STOCK COMPANY RESEARCH AND PRODUCTION COMPLEX	RUSSIA-EO14024
NAUCHNO PROIZVODSTVENNAYA FIRMA DOLOMANT	RUSSIA-EO14024
JOINT STOCK COMPANY RM TECHNOLOGIES	RUSSIA-EO14024
INKOTEKH	RUSSIA-EO14024
DADEH AFZAR ARMAN	SDGT] [IRGC] [IFSR
DICKO, Jafar	HOSTAGES-EO14078
MEHRSAM ANDISHEH SAZ NIK	SDGT] [IRGC] [IFSR
AMS GROUP LLC	UKRAINE-EO13662] [RUSSIA-EO14024
PRINT KOLOR	RUSSIA-EO14024
LIMITED LIABILITY COMPANY STROYTEKHNOLOGIYA	RUSSIA-EO14024
EBRAHIMI FORUSHANI, Hamid Hajji	SDGT] [IRGC] [IFSR
SARTAJI, Abbas	SDGT] [IRGC] [IFSR
FATEHI, Mohammad Sadegh	SDGT] [IRGC] [IFSR
ZAVARAKI, Hadi Jamshidi	SDGT] [IRGC] [IFSR
RAMSHEH, Ali Reza Nurian	SDGT] [IRGC] [IFSR
TURANLU, Mohsen Sayyadi	SDGT] [IRGC] [IFSR
AL-TAF, Ali Asghar	SDGT] [IRGC] [IFSR
NAHAR DANI, Reza	SDGT] [IRGC] [IFSR
NAGHNEH, Mehdi Ghaffari	SDGT] [IRGC] [IFSR
MOSHKANI, Abolfazl Ramazanzadeh	SDGT] [IRGC] [IFSR
ARAMBUNEZHAD, Hasan	SDGT] [IRGC] [IFSR
AZIZKHANI, Esma'il	SDGT] [IRGC] [IFSR
FATEH ASEMAN SHARIF COMPANY	SDGT] [IRGC] [IFSR
DEHGHAN, Majid	SDGT] [IRGC] [IFSR
LTD BINA GROUP	UKRAINE-EO13662] [RUSSIA-EO14024
LIMITED LIABILITY COMPANY BIYA KHIM	RUSSIA-EO14024
FENIKS	RUSSIA-EO14024
KHIMTREID	RUSSIA-EO14024
LIMITED LIABILITY COMPANY LENAKHIM	RUSSIA-EO14024
LIMITED LIABILITY COMPANY NAVIMAKS GROUP	UKRAINE-EO13662] [RUSSIA-EO14024
OTRADNENSKAYA PAPER AND CARTON FACTORY LIMITED LIABILITY COMPANY	RUSSIA-EO14024
SEA ART SHIP MANAGEMENT OPC PRIVATE LIMITED	SDGT] [IFSR
PROIZVODSTVENNO KOMMERCHESKAYA KOMPANIYA VIVA	RUSSIA-EO14024
LIMITED LIABILITY COMPANY YARSPETSPOSTAVKA	RUSSIA-EO14024
SAONE SHIPPING CORPORATION	SDGT] [IFSR
LA PEARL	SDGT
ONDEN GENERAL TRADING FZE	SDGT] [IFSR
KHOUIER, Hamama Ould	SDGT] [HOSTAGES-EO14078
HAMMADA, Hussein Ould	SDGT] [HOSTAGES-EO14078
BELHIRECHE, Messaoud	SDGT
AL-LIBI, Talha	SDGT
HE, Jiaxuan	ILLICIT-DRUGS-EO14059
SONATEC LIMITED LIABILITY COMPANY	RUSSIA-EO14024
GROUPE D'INVESTISSEMENT FINANCIER SA	RUSSIA-EO14024
LABIN, Ruslan Viktorovich	RUSSIA-EO14024
LABIN, Viktor Gennadevich	RUSSIA-EO14024
LABIN, Roman Viktorovich	RUSSIA-EO14024
GIF GROUPE DINVESTISSEMENT FINANCI OSBORNE DIS TIC LTD STI	RUSSIA-EO14024
LIMITED LIABILITY COMPANY SPRING ELEKTRONIKS	RUSSIA-EO14024
ALBAIT AL KHALEEJE GENERAL TRADING LLC	RUSSIA-EO14024
TRANS GULF AGENCY LLC	SDGT
CORAL TRADING EST	SDGT] [IFSR
SAFE SEAS SHIP MANAGEMENT FZE	SDGT] [IFSR
CHEM	SDGT
DANCY DYNAMIC	SDGT
K M A	SDGT
CONRAD	SDGT
SAHARA THUNDER	SDGT] [IFSR] [RUSSIA-EO14024
ZEN SHIPPING & PORT INDIA PRIVATE LIMITED	SDGT] [IFSR
ARSANG SAFE TRADING CO.	SDGT] [IFSR
ASIA MARINE CROWN AGENCY	SDGT] [IFSR
BAKHSHAYESH, Hossein	SDGT] [IFSR] [RUSSIA-EO14024
MIRZAI KONDORI, Kazem	SDGT] [IFSR] [RUSSIA-EO14024
ABDULAHI FARD, Hojat	SDGT] [IFSR] [RUSSIA-EO14024
EP-PUS	SDGT] [NPWMD] [IRGC] [IFSR
AKTSIONERNOE OBSHCHESTVO RAU FARM	NPWMD] [RUSSIA-EO14024
JINMINGSHENG TECHNOLOGY HK CO LIMITED	RUSSIA-EO14024
BONYAN DANESH SHARGH PRIVATE COMPANY	NPWMD] [IRGC] [IFSR
ABDI ASJERD, Abbas	NPWMD] [IRGC] [IFSR
VAHABZADEH MOGHADAM, Seyed Mohsen	NPWMD] [IRGC] [IFSR
BARAN SAZAN CASPIAN ANZALI FREE ZONE COMPANY	NPWMD] [IFSR
SANAYE MOTORSAZI ALVAND PRIVATE COMPANY	NPWMD] [IFSR
PISHRO SANAT ASEMAN SHARIF PRIVATE COMPANY	NPWMD] [IFSR
ABDI ASJERD, Zahra	NPWMD] [IRGC] [IFSR
OBSHCHESTVO S OGRANICHENNOI OTVETSTVENNOSTYU FILAKSKOM	RUSSIA-EO14024
OBSHCHESTVO S OGRANICHENNOI OTVETSTVENNOSTYU SIGNUM	RUSSIA-EO14024
ORION LIMITED LIABILITY COMPANY	RUSSIA-EO14024
PUBLIC JOINT STOCK COMPANY ASTRA GROUP	RUSSIA-EO14024
SECRET TECHNOLOGIES	RUSSIA-EO14024
ALPHA IMPEX ITHALAT VE IHRACAT DIS TICARET LIMITED SIRKETI	RUSSIA-EO14024
LIMITED LIABILITY COMPANY SKALA R	RUSSIA-EO14024
NAUCHNO INZHENERNOE PREDPRIYATIE INFORMATIKA	RUSSIA-EO14024
JSC CONSULTING GROUP POSTPROCESSOR	RUSSIA-EO14024
PURELOGIC	RUSSIA-EO14024
NEFTEGAZSTROY	RUSSIA-EO14024
AKTSIONERNOE OBSHCHESTVO VNIPIGAZDOBYCHA	RUSSIA-EO14024
PETROV, Evgenii Stanislavich	RUSSIA-EO14024
BUTRYM, Natallia	RUSSIA-EO14024
SHVABE OPTO-ELECTRONICS CO., LTD	RUSSIA-EO14024
GONUL EXPORT LOJISTIK TICARET VE SANAYI LIMITED SIRKETI	RUSSIA-EO14024
MSO LOJISTIK TIC VE SANAYI LTD STI	RUSSIA-EO14024
CHENGDU KEYLINK WIRELESS TECHNOLOGY CO., LTD	RUSSIA-EO14024
LITVYAKOVA, Anzhelika Anatolyevna	RUSSIA-EO14024
INTELLER LLC	NPWMD] [RUSSIA-EO14024
IPM LIMITED	RUSSIA-EO14024
ETEMAD TEJARAT MISAGH	RUSSIA-EO14024
ALIYEV, Yevgeni	RUSSIA-EO14024
MAKAROV, Sergei Vyacheslavovich	RUSSIA-EO14024
GAVRYUCHENKOV, Andrei Viktorovich	NPWMD] [RUSSIA-EO14024
COMPONENT LOGISTIC LIMITED LIABILITY COMPANY	RUSSIA-EO14024
HENGSHUI YUANCHEM TRADING LIMITED	RUSSIA-EO14024
LAHIC ENERGY MAHDUD MASULIYYATLI CAMIYYATI	RUSSIA-EO14024
HENGSHUI HESHUO CELLULOSE CO., LTD.	RUSSIA-EO14024
GMM FZE	RUSSIA-EO14024
BULYGIN, Yaroslav Viktorovich	NPWMD] [RUSSIA-EO14024
GMM MANAGEMENT DMCC	RUSSIA-EO14024
ALIYEV, Jahangir Yevgenyevich	RUSSIA-EO14024
OBSHCHESTVO S ORGANICHENNOI OTVETSTVENNOSTYU BIO FARM TREID	NPWMD] [RUSSIA-EO14024
PANKRASHKIN, Aleksei Vladimirovich	RUSSIA-EO14024
HK HENGBANGWEI ELECTRONICS LIMITED	RUSSIA-EO14024
CHIP SPACE ELECTRONICS CO., LIMITED	RUSSIA-EO14024
EIDI ASHJERDI, Hamid	NPWMD] [IFSR
MORADIPOUR, Mohammad Ali	NPWMD] [IFSR
NA HAVACILIK VE TEKNIK TICARET LIMITED SIRKETI	RUSSIA-EO14024
TRO YA LLC	RUSSIA-EO14024
RED BOX ENERGY SERVICES PTE LTD	RUSSIA-EO14024
AUDAX	RUSSIA-EO14024
LIMITED LIABILITY COMPANY SOVREMENNOE OBORUDOVANIE	RUSSIA-EO14024
PUGNAX	RUSSIA-EO14024
MORNSUN GUANGZHOU SCIENCE AND TECHNOLOGY CO LTD	RUSSIA-EO14024
YANTAI IRAY TECHNOLOGY CO LTD	RUSSIA-EO14024
ANYANG FORGING PRESS NUMERICAL CONTROL EQUIPMENT CO LTD	RUSSIA-EO14024
CHONGQING ZONGSHEN AERO ENGINE MANUFACTURING CO LTD	RUSSIA-EO14024
BREDIKHIN, Aleksei Viktorovich	RUSSIA-EO14024
JOINT STOCK COMPANY RUDNIK KARALVEEM	RUSSIA-EO14024
TRANSSTROY LIMITED LIABILITY COMPANY	RUSSIA-EO14024
SFG BALTIKA	RUSSIA-EO14024
MODMER TRADING ULUSLARARASI ITHALAT VE IHRACAT LIMITED SIRKETI	RUSSIA-EO14024
ARCTICA 1	RUSSIA-EO14024
LIMITED LIABILITY COMPANY INTERVESP M	RUSSIA-EO14024
MYS ZHELANIYA	RUSSIA-EO14024
VASILY LANOVOY	RUSSIA-EO14024
LLC MASHIMPORT	RUSSIA-EO14024
LIMITED LIABILITY COMPANY AVIAKOMPANIYA POBEDA	RUSSIA-EO14024
ASAY IC VE DIS TICARET LIMITED SIRKETI	RUSSIA-EO14024
RBH TOOLS LTD	RUSSIA-EO14024
SILVER TECHNOLOGY LIMITED	RUSSIA-EO14024
LIMITED LIABILITY COMPANY VOPLOSHCHENIYE	RUSSIA-EO14024
LIMITED TRADE DEVELOPMENT MACHINE GROUP	RUSSIA-EO14024
ABDUL KARIM CONTEH HUMAN SMUGGLING ORGANIZATION	TCO
CONTEH, Abdul Karim	TCO
ROBLERO PIVARAL, Veronica	TCO
JOINT STOCK COMPANY URAL SCIENTIFIC AND TECHNOLOGICAL COMPLEX	RUSSIA-EO14024
KAMARA, Issa	TCO
LIMITED LIABILITY COMPANY LAB SERVICE	RUSSIA-EO14024
SYSTEMS OF BIOLOGICAL SYNTHESIS LLC	RUSSIA-EO14024
OBSHCHESTVO S OGRANICHENNOI OTVETSTVENNOSTIU TEKHNOLOGICHESKIE SISTEMY I SERVIS	RUSSIA-EO14024
PIDOUKOU, Pasaman Francis Marin Abbe	TCO
JOINT STOCK COMPANY RESEARCH AND PRODUCTION ASSOCIATION TRANSCOM	RUSSIA-EO14024
LSS GLOBAL INSAAT SANAYI VE TICARET LIMITED SIRKETI	RUSSIA-EO14024
LIMITED LIABILITY COMPANY SANSARA	RUSSIA-EO14024
JOINT STOCK COMPANY IPN STANKOSTROENIE	RUSSIA-EO14024
RUSATOM MACHINE TOOLS JOINT STOCK COMPANY	RUSSIA-EO14024
MARTEN EA TRADING INSAAT VE DIS TICARET PAZARLAMA LIMITED SIRKETI	RUSSIA-EO14024
LIMITED LIABILITY COMPANY PROIZVODSTVENNO TORGOVAYA KOMPANIYA APRIORI	RUSSIA-EO14024
EVOL GROUP TR YAZILIM LIMITED SIRKETI	RUSSIA-EO14024
SCIENTIFIC RESEARCH INSTITUTE OF APPLIED ACOUSTICS	RUSSIA-EO14024
LIMITED LIABILITY COMPANY PROFFLAB	RUSSIA-EO14024
RADIOLOGICAL CHEMICAL AND BIOLOGICAL DEFENSE TROOPS OF THE MINISTRY OF DEFENSE OF THE RUSSIAN FEDERATION	RUSSIA-EO14024
FEDERAL STATE BUDGETARY INSTITUTION 48TH CENTRAL SCIENTIFIC AND RESEARCH INSTITUTE OF THE MINISTRY OF DEFENSE OF THE RUSSIAN FEDERATION	RUSSIA-EO14024
JATRONICS SDN BHD	RUSSIA-EO14024
CFU SHIPPING CO LIMITED	RUSSIA-EO14024
LUKIN, Sergey Anatolyevich	RUSSIA-EO14024
HUNTER STAR	RUSSIA-EO14024
DUBONOSOV, Aleksey Gennadievich	RUSSIA-EO14024
PITIKOV, Sergey Viktorovich	RUSSIA-EO14024
NAN FENG ZHI XING	RUSSIA-EO14024
KASHIN, Valery Mikhailovich	RUSSIA-EO14024
JOINT STOCK COMPANY BRYANSK AUTOMOBILE PLANT	RUSSIA-EO14024
SDOBNOV, Alexey Borisovich	RUSSIA-EO14024
RUSSIAN ALL TERRAIN VEHICLES PLASTUN COMPANY	RUSSIA-EO14024
JOINT STOCK COMPANY REMDIZEL	RUSSIA-EO14024
VOLGOGRAD MACHINE BUILDING COMPANY LIMITED LIABILITY COMPANY	RUSSIA-EO14024
LIMITED LIABILITY COMPANY INDIGO 3D	RUSSIA-EO14024
JOINT STOCK COMPANY PRODUCTION ENTERPRISE RADAR 2633	RUSSIA-EO14024
JOINT STOCK COMPANY 99 PLANT OF AVIATION TECHNOLOGICAL EQUIPMENT	RUSSIA-EO14024
LIMITED LIABILITY COMPANY TRADING PRODUCTION COMPANY ARGUS NV	RUSSIA-EO14024
LIMITED LIABILITY COMPANY AY GOU 3DE	RUSSIA-EO14024
LIMITED LIABILITY COMPANY UNIMATIK	RUSSIA-EO14024
LIMITED LIABILITY COMPANY ALTEGRITY	RUSSIA-EO14024
LIMITED LIABILITY COMPANY GDK BAIMSKAYA	RUSSIA-EO14024
MUKHANOV, Aleksandr Aleksandrovich	RUSSIA-EO14024
KONOVEEV, Yuriy	RUSSIA-EO14024
LISYUK, Aleksey Vasilyevich	RUSSIA-EO14024
AUTOMOBILE PLANT URAL JOINT STOCK COMPANY	RUSSIA-EO14024
YAKOVLEV, Pavel Alexandrovich	RUSSIA-EO14024
ROSHCHUPKIN, Vladimir Nikolaevich	RUSSIA-EO14024
JOINT STOCK COMPANY MUROM SPECIAL DESIGN BUREAU	RUSSIA-EO14024
JOINT STOCK COMPANY TOMSK ELECTROTECHNICAL PLANT	RUSSIA-EO14024
VOLOGDIN, Boris Yakovlevich	RUSSIA-EO14024
JOINT STOCK COMPANY RAZREZ KOLYVANSKIY	UKRAINE-EO13662] [RUSSIA-EO14024
JOINT STOCK COMPANY URAL DESIGN BUREAU OF TRANSPORT ENGINEERING	RUSSIA-EO14024
EKO SHIPPING LIMITED LIABILITY COMPANY	RUSSIA-EO14024
LIMITED LIABILITY COMPANY LISTVYANSKIY ENRICHMENT COMPLEX	RUSSIA-EO14024
TERLIKOV, Andrey Leonidovich	RUSSIA-EO14024
LIMITED LIABILITY COMPANY RAZREZ VERKHNETESHSKIY	RUSSIA-EO14024
ARCTICA 2	RUSSIA-EO14024
LIMITED LIABILITY COMPANY SOVREMENNYE GORNO TRANSPORTNYE TEKHNOLOGII	RUSSIA-EO14024
BERING	RUSSIA-EO14024
LIMITED LIABILITY COMPANY SEVEROMUYSKIY TONNEL 2	RUSSIA-EO14024
MYS FLORA	RUSSIA-EO14024
LIMITED LIABILITY COMPANY SIBANTHRACITE PORT SERVICES	RUSSIA-EO14024
MYS DEZHNEVA	RUSSIA-EO14024
LIMITED LIABILITY COMPANY SIBANTHRACITE TEPLOSET	RUSSIA-EO14024
BARENTS	RUSSIA-EO14024
ANDREY OSIPOV	RUSSIA-EO14024
MIKHAIL BRITNEV	RUSSIA-EO14024
MYS SHMIDTA	RUSSIA-EO14024
MANGAZEYA	RUSSIA-EO14024
GQ SOLUTION ELEKTRONIK EKIPMAN LIMITED SIRKETI	RUSSIA-EO14024
LLC SIBCAPITAL	RUSSIA-EO14024
LIMITED LIABILITY COMPANY MANAGEMENT COMPANY SIBANTHRACITE	RUSSIA-EO14024
LIMITED LIABILITY COMPANY RAZREZ KUZNETSKIY YUZHNYY	RUSSIA-EO14024
LIMITED LIABILITY COMPANY RAZREZ MALINOVSKIY	RUSSIA-EO14024
LIMITED LIABILITY COMPANY RAZREZ VOSTOCHNYY	RUSSIA-EO14024
LIMITED LIABILITY COMPANY EMS EKSPERT	RUSSIA-EO14024
BELLUGA IC VE DIS TICARET LIMITED SIRKETI	RUSSIA-EO14024
UZAY GROUP DIS TICARET LIMITED SIRKETI	RUSSIA-EO14024
FARMACIA Y MINI SUPER TRINIDAD	ILLICIT-DRUGS-EO14059
DEMOYA HERNANDEZ, Jose Miguel	ILLICIT-DRUGS-EO14059
SANCHEZ SANCHEZ, Jose Gonzalo	ILLICIT-DRUGS-EO14059
CELIS DURANGO, Alexander	ILLICIT-DRUGS-EO14059
JOINT STOCK COMPANY CONCERN URALVAGONZAVOD	RUSSIA-EO14024
FABCENTER LLC	RUSSIA-EO14024
KSEOPROM	RUSSIA-EO14024
NICEBERG LIMITED LIABILITY COMPANY	RUSSIA-EO14024
POWERTECH LIMITED LIABILITY COMPANY	RUSSIA-EO14024
KBR TEKHNOLOGII TOO	RUSSIA-EO14024
ALPTECH MAKINA SANAYI LIMITED SIRKETI	RUSSIA-EO14024
NEW HORIZONS TRADING LIMITED	RUSSIA-EO14024
HANGZHOU KEMING INTELLIGENT TECHNOLOGY CO LTD	RUSSIA-EO14024
SHENZHEN C S IM EXPORT LTD	RUSSIA-EO14024
CHEN, Ting	RUSSIA-EO14024
SHANDONG KI FOREST NEW ADVANCED CO LTD	RUSSIA-EO14024
CAPITAL TAP HOLDING L.L.C.	SUDAN-EO14098
CAPITAL TAP MANAGEMENT AND CONSULTANCIES L.L.C.	SUDAN-EO14098
CAPITAL TAP GENERAL TRADING L.L.C.	SUDAN-EO14098
CREATIVE PYTHON L.L.C.	SUDAN-EO14098
BELOGLAZOV, Dmitrii Aleksandrovich	RUSSIA-EO14024
OBSHCHESTVO S OGRANICHENNOI OTVETSTVENNOSTIU TITUL	RUSSIA-EO14024
AKTSIONERNOE OBSHCHESTVO ILIADIS	RUSSIA-EO14024
INTERNATIONAL COMPANY JOINT STOCK COMPANY RASPERIA TRADING LIMITED	RUSSIA-EO14024
R.Y H. EL REMATE, SOCIEDAD ANONIMA DE CAPITAL VARIABLE	ILLICIT-DRUGS-EO14059
GAZARYAN, Rafael Anatolyevich	DPRK
BUDNEV, Aleksey	DPRK
RAFORT LIMITED LIABILITY COMPANY	DPRK
TEKHNOLOGIYA, OOO	DPRK
TRANS KAPITAL LIMITED LIABILITY COMPANY	DPRK
ACOSTA OVALLE, Diego	ILLICIT-DRUGS-EO14059
MOHAMED, Osman Mohamed Hamid	SUDAN-EO14098
GIBRIL, Ali Yagoub	SUDAN-EO14098
LIMITED LIABILITY COMPANY RUSSIAN EAGLE	RUSSIA-EO14024
ARREDONDO PINZON, Griselda Margarita	ILLICIT-DRUGS-EO14059
FOUBERT CADENA, Xeyda Del Refugio	ILLICIT-DRUGS-EO14059
CONSTRUCTORA SANDGRIS, S. DE R.L. DE C.V.	ILLICIT-DRUGS-EO14059
PACIFIC AXIS REAL ESTATE, S.A. DE C.V.	ILLICIT-DRUGS-EO14059
REALTY & MAINTENANCE BJ, S.A. DE C.V.	ILLICIT-DRUGS-EO14059
AZADEGAN TRANSPORTATION COMPANY	SDGT] [IRGC] [IFSR
NOORAHMADI, Masoud	SDGT] [IRGC] [IFSR
EINI SARKALLEH, Gholamreza	SDGT] [IRGC] [IFSR
ZARE, Ali	SDGT] [IRGC] [IFSR
SHARK INTERNATIONAL SHIPPING L.L.C	SDGT
ARULDHAS, John Britto	SDGT
PANDEY, Vivek Ashok	SDGT
RAYYAN SHIPPING (OPC) PRIVATE LIMITED	SDGT
SANCHEZ MARTINEZ, Emiliano	ILLICIT-DRUGS-EO14059
BONA FIDE CONSULTORES FS S.A.S.	ILLICIT-DRUGS-EO14059
AL-JAMAL, 'Abdallah Najib Ahmad	SDGT
LOS LOBOS DRUG TRAFFICKING ORGANIZATION	FTO] [SDGT] [ILLICIT-DRUGS-EO14059
CHAVARRIA BARRE, Wilmer Geovanny	ILLICIT-DRUGS-EO14059
BISIMWA, Bertrand	DRCONGO
MINING INDUSTRIES SARLU	RUSSIA-EO14024
DESIGN PARTNER MICROCHIP LLC	RUSSIA-EO14024
SHANDONG OREE LASER TECHNOLOGY CO., LTD.	RUSSIA-EO14024
ZHEJIANG ZHENHUAN CNC MACHINE TOOL CO., LTD.	RUSSIA-EO14024
SUPERCHIP LIMITED	RUSSIA-EO14024
KVANTEK LIMITED	RUSSIA-EO14024
CHICHENEV, Alexey	RUSSIA-EO14024
OLAX FINANCE LIMITED	RUSSIA-EO14024
SARIL OVERSEAS LIMITED	RUSSIA-EO14024
BARGAWINE HONG KONG LIMITED	RUSSIA-EO14024
DAYTEK CHONGQING INTERNATIONAL TRADE CO	RUSSIA-EO14024
CHONGQING XIANUOFUGELUODE INTERNATIONAL TRADE COMPANY	RUSSIA-EO14024
WAY GOOD TECHNOLOGY LIMITED	RUSSIA-EO14024
KEKOTECH EQUIPMENT LIMITED	RUSSIA-EO14024
THOMAS, Mae Toussaint	GLOMAG
HORIZON ADVANCED SOLUTIONS GENERAL TRADING - SOLE PROPRIETORSHIP L.L.C.	SUDAN-EO14098
AL JIL ALQADEM GENERAL TRADING L.L.C.	SUDAN-EO14098
TEAM MOHAMED'S RACING TEAM	GLOMAG
AL ZUMOROUD AND AL YAQOOT GOLD & JEWELLERS TRADING L.L.C.	SUDAN-EO14098
HADI'S WORLD INCORPORATED	GLOMAG
LIMITED LIABILITY COMPANY SEVERNAYA ZVEZDA	RUSSIA-EO14024
MOHAMED, Nazar	GLOMAG
MOHAMED, Azruddin Intiaz	GLOMAG
MOHAMED'S ENTERPRISE	GLOMAG
ARP INVESTMENTS LIMITED	RUSSIA-EO14024
NEWTON ITM	RUSSIA-EO14024
OBSHESTVO S OGRANICHENNOY OTVETSTVENNOSTYU NOVA PROEKT	RUSSIA-EO14024
SAFES LOJISTIK ITHALAT IHRACAT SANAYI TICARET LIMITED	RUSSIA-EO14024
CHONGQING FAGIMA ELECTROMECHANICAL EQUIPMENT CO LTD	RUSSIA-EO14024
GBL INTERNATIONAL LOGISTICS CO LTD	RUSSIA-EO14024
HOLDEN INTERNATIONAL TRADING LIMITED	RUSSIA-EO14024
LIMITED LIABILITY COMPANY BANK TOCHKA	RUSSIA-EO14024
KHAJEH FARD, Afshin	NPWMD] [IFSR
JOINT STOCK COMPANY RUSSIAN NATIONAL REINSURANCE COMPANY	UKRAINE-EO13662] [RUSSIA-EO14024
GAS INDUSTRY INSURANCE COMPANY SOGAZ	UKRAINE-EO13662] [RUSSIA-EO14024
RAYAN FAN KAV ANDISH CO	NPWMD] [IFSR
FANAVARIHAYE HAVA PISHRAN SAZEH SEPEHR CO LLC	NPWMD] [IFSR
KISH MECHATRONICS CO	NPWMD] [IFSR
MERSAD MOHAJER CO LLC	NPWMD] [IFSR
VPOWER FINANCE SECURITY HONG KONG LIMITED	RUSSIA-EO14024
TAUBE PRECIOUS HK LIMITED	RUSSIA-EO14024
BELOGORODSKAYA SHIPYARD LIMITED LIABILITY COMPANY	RUSSIA-EO14024
LIMITED LIABILITY COMPANY CARBONTEX	RUSSIA-EO14024
LKKA COMPANY LIMITED	RUSSIA-EO14024
OOO VALCOM	RUSSIA-EO14024
JSC RESEARCH AND PRODUCTION COMPANY MAGNETON	RUSSIA-EO14024
JOINT STOCK COMPANY RESEARCH AND PRODUCTION CENTER VIGSTAR	RUSSIA-EO14024
LIMITED LIABILITY COMPANY NEVA TOOL FACTORY	RUSSIA-EO14024
LIMITED LIABILITY COMPANY VOLGOGRAD SHIP ENGINEERING PLANT	RUSSIA-EO14024
NAUCHNO PROIZVODSTVENNOE OBYEDINENIE GORIZONT	RUSSIA-EO14024
JOINT STOCK COMPANY OBORONAUTO	RUSSIA-EO14024
RESEARCH AND PRODUCTION COMPANY MICRAN JOINT STOCK COMPANY	RUSSIA-EO14024
LIMITED LIABILITY COMPANY PLASTIK STROYMARKET	RUSSIA-EO14024
REGIONAL CENTER FOR LASER TECHNOLOGIES CJSC	RUSSIA-EO14024
RED COAST METALS TRADING DMCC	RUSSIA-EO14024
PJSC ROSTOV OPTICAL AND MECHANICAL PLANT	RUSSIA-EO14024
JOINT STOCK COMPANY SOEDINITEL	RUSSIA-EO14024
URAL METAL PROCESSING COMPANY LTD	RUSSIA-EO14024
JOINT STOCK COMPANY RESEARCH AND IMPLEMENTATION ENTERPRISE PROTEK	RUSSIA-EO14024
OBSHCHESTVO S ORGANICHENNOI OTVETSTVENNOSTYU RENOVATSIO-INVEST	RUSSIA-EO14024
TECHNOLOGY RESEARCH CENTRE ANK LTD	RUSSIA-EO14024
SCIENTIFIC AND PRODUCTION ASSOCIATION OF AUTOMATICS NAMED AFTER ACADEMICIAN NA SEMIKHATOV	RUSSIA-EO14024
JOINT STOCK COMPANY KB LUCH	RUSSIA-EO14024
PUBLIC JOINT STOCK COMPANY PRIBOY	RUSSIA-EO14024
LIMITED LIABILITY COMPANY AERO-HIT	RUSSIA-EO14024
LIMITED LIABILITY COMPANY SCIENTIFIC AND PRODUCTION ASSOCIATION OF STRUCTURAL MATERIALS PROMETEY	RUSSIA-EO14024
PKP SEGMENT ENERGO	RUSSIA-EO14024
JSC THE SPECIAL BOILER DESIGN BUREAU	RUSSIA-EO14024
LIMITED LIABILITY COMPANY MERKATOR HOLDING	RUSSIA-EO14024
TROITSK CRANE PLANT LIMITED LIABILITY COMPANY	RUSSIA-EO14024
LIMITED LIABILITY COMPANY PRODUCTION PLANT NAMED AFTER SHAUMYAN	RUSSIA-EO14024
AKTSIONERNOE OBSHCHESTVO NPTS SPETSELEKTRONSISTEMY	RUSSIA-EO14024
JSC RESURS	RUSSIA-EO14024
LIMITED LIABILITY COMPANY SCIENTIFIC PRODUCTION COMPANY ADVENT	RUSSIA-EO14024
LIMITED LIABILITY COMPANY ROSIZOLIT	RUSSIA-EO14024
ANISIMOV, Andrei Andreevich	RUSSIA-EO14024
LIMITED TRADE DEVELOPMENT CHIMTECH-R	RUSSIA-EO14024
SHENZHEN HUASHENG INDUSTRY CO LTD	RUSSIA-EO14024
AO PROTON PM	RUSSIA-EO14024
NAUCHNO PROIZVODSTVENNAYA FIRMA TREKOL	RUSSIA-EO14024
JOINT STOCK CORPORATION SHIPBUILDING AND SHIP REPAIR TECHNOLOGY CENTER	RUSSIA-EO14024
JOINT STOCK COMPANY ALEKSEEV CENTRAL HYDROFOIL DESIGN BUREAU	RUSSIA-EO14024
JOINT STOCK COMPANY SCIENTIFIC AND PRODUCTION ASSOCIATION IMPULS	RUSSIA-EO14024
FEDERAL RESEARCH AND PRODUCTION CENTER NIZHNY NOVGOROD RESEARCH INSTITUTE OF RADIO ENGINEERING JOINT STOCK COMPANY	RUSSIA-EO14024
ELEKTRORADIOAVTOMATIKA JSC	RUSSIA-EO14024
RESEARCH AND PRODUCTION ASSOCIATION NAMED AFTER AS POPOV	RUSSIA-EO14024
MARINE EQUIPMENT ENGINEERING CORPORATION JSC	RUSSIA-EO14024
JOINT STOCK COMPANY VORONEZH CENTRAL DESIGN BUREAU POLUS	RUSSIA-EO14024
JOINT STOCK COMPANY FACTORY CRIZO	RUSSIA-EO14024
JOINT STOCK COMPANY THE CENTRAL RESEARCH INSTITUTE KURS	RUSSIA-EO14024
SCIENTIFIC PRODUCTION CENTER OF ANTI TERRORIST AND FORENSIC EQUIPMENT SPEKTR AT LLC	RUSSIA-EO14024
AKTSIONERNOE OBSHCHESTVO MOVEN NN	RUSSIA-EO14024
RESEARCH AND PRODUCTION ENTERPRISE KALUGA BASED INSTRUMENT MAKING PLANT TYPHOON JOINT STOCK COMPANY	RUSSIA-EO14024
JOINT STOCK COMPANY NOVAYA ERA	RUSSIA-EO14024
JOINT STOCK COMPANY NPO STEKLOPLASTIC	RUSSIA-EO14024
SHIPREPAIRING AND SHIPBUILDING CORPORATION JSC	RUSSIA-EO14024
REZONIT	RUSSIA-EO14024
JOINT STOCK COMPANY TIZOL	RUSSIA-EO14024
MICROEM	RUSSIA-EO14024
OOO SOYUZ PODSHIPNIK	RUSSIA-EO14024
AKTSIONERNOE OBSHCHESTVO SINARA TRANSPORTNYE MASHINY	RUSSIA-EO14024
LAINEY SHIPPING LIMITED	SDGT] [IFSR
AKTSIONERNOE OBSHCHESTVO MALMYZHSKII ZAVOD PO REMONTU DIZELNYKH DVIGATELEI	RUSSIA-EO14024
SITEM	RUSSIA-EO14024
ALYANS RITEIL	RUSSIA-EO14024
JOINT STOCK COMPANY SR SPACE	RUSSIA-EO14024
JANET	SDGT
ARMORGRUPP	RUSSIA-EO14024
AKTSIONERNOE OBSHCHESTVO STRELA	RUSSIA-EO14024
OTKRYTOE AKTSIONERNOE OBSHCHESTVO VLADIMIRSKII ZAVOD ELEKTROPRIBOR	RUSSIA-EO14024
GRUPPA PROMAVTO	RUSSIA-EO14024
LOUIS MARINE SHIPHOLDING ENTERPRISES S.A.	SDGT] [IFSR
TPK VOSTOK RESURS	RUSSIA-EO14024
ASTROSIB	RUSSIA-EO14024
JOINT STOCK COMPANY POLEMA	RUSSIA-EO14024
BELLA 1	SDGT
LYSKOVSKII ELEKTROTEKHNICHESKII ZAVOD	RUSSIA-EO14024
LIFORS	RUSSIA-EO14024
GRUPPA KOMPANII ASTROKUPOL	RUSSIA-EO14024
AO PROTON IMPULS	RUSSIA-EO14024
DD IMEKS	RUSSIA-EO14024
AVTONOMNOE UCHREZHDENIE TEKHNOPARK MORDOVIYA	RUSSIA-EO14024
JOINT STOCK COMPANY SHIPBUILDING PLANT NAMED AFTER B YE BUTOMA	RUSSIA-EO14024
ROTOR	RUSSIA-EO14024
OOO GAZPROMMASH	RUSSIA-EO14024
JOINT STOCK COMPANY FEDERAL SCIENTIFIC AND PRODUCTION CENTER SCIENTIFIC RESEARCH INSTITUTE OF APPLIED CHEMISTRY	RUSSIA-EO14024
SPECIAL MATERIALS CORPORATION	RUSSIA-EO14024
NORDIC RESISTANCE MOVEMENT	SDGT
VEJDELAND, Tor Fredrik	SDGT
LIMITED LIABILITY COMPANY MILITARY TRANSPORTATION	RUSSIA-EO14024
BIRTRANS	RUSSIA-EO14024
CHIMMED GROUP	RUSSIA-EO14024
OBSHCHESTVO S OGRANICHENNOI OTVETSTVENNOSTYU TORGOVY DOM KHIMMED	RUSSIA-EO14024
VM TRANS GROUP OF COMPANIES LLC	RUSSIA-EO14024
OBSHCHESTVO S OGRANICHENNOI OTVETSTVENNOSTYU ELYUENTLABORATORIZ	RUSSIA-EO14024
OBSHCHESTVO S OGRANICHENNOI OTVETSTVENNOSTYU RUSMEDTORG	RUSSIA-EO14024
OBSHCHESTVO S OGRANICHENNOI OTVETSTVENNOSTYU MEDSTANDART	RUSSIA-EO14024
OBERG, Par	SDGT
BIOPHARMIST MEDIKAL URUNLER DIS TICARET LTD STI	RUSSIA-EO14024
LIMITED LIABILITY COMPANY GEOSCAN	RUSSIA-EO14024
EKLUND, Leif Robert	SDGT
OBSHCHESTVO S OGRANICHENNOI OTVETSTVENNOSTYU ANALITICHESKAYA MANUFAKTURA	RUSSIA-EO14024
LIMITED LIABILITY COMPANY ROBOAVIA UNMANNED SYSTEMS	RUSSIA-EO14024
RESEARCH AND MANUFACTURING ASSOCIATION DEVELOPMENT OF INNOVATIVE TECHNOLOGIES	RUSSIA-EO14024
LIMITED LIABILITY COMPANY KINGISEPSKY MACHINE BUILDING PLANT	RUSSIA-EO14024
LIMITED LIABILITY COMPANY PRIME RADAR TECHNOLOGY	RUSSIA-EO14024
AKTSIONERNOE OBSHCHESTVO RUSGAZDOBYCHA	UKRAINE-EO13662] [RUSSIA-EO14024
LLC APPLIED MECHANICS	RUSSIA-EO14024
JOINT STOCK COMPANY MUROM MACHINE BUILDING PLANT PRODUCTION ASSOCIATION	RUSSIA-EO14024
LIMITED LIABILITY COMPANY REVOLEMC	RUSSIA-EO14024
AKTSIONERNOE OBSHCHESTVO KAZANSKOE OPYTNOE KONSTRUKTORSKOE BYURO SOYUZ	RUSSIA-EO14024
AKTSIONERNOE OBSHCHESTVO NAUCHNO PROIZVODSTVENNOE OBYEDINENIE POISK	RUSSIA-EO14024
ONYAD BILGISAYAR TICARET SIRKETI	RUSSIA-EO14024
SHIP REPAIR YARD OF THE BLACK SEA FLEET OF THE MINISTRY OF DEFENSE OF THE RUSSIAN FEDERATION	RUSSIA-EO14024
PLATFORM ENDUSTRIYEL GIDA INSAAT ELEKTRONIK VE MADENCILIK DIS TICARET LIMITED SIRKETI	RUSSIA-EO14024
ARKTIK SPG 1	UKRAINE-EO13662] [RUSSIA-EO14024
YIWU XINGLU IMPORT AND EXPORT CO LTD	RUSSIA-EO14024
SPECIAL DESIGN BUREAU OF ELECTRIC INSTRUMENT ENGINEERING LLC	RUSSIA-EO14024
MORAN SECURITY GROUP LTD	RUSSIA-EO14024
ARKTIK SPG 3	RUSSIA-EO14024
LIMITED LIABILITY COMPANY OBSKY GAS CHEMICAL COMPLEX	UKRAINE-EO13662] [RUSSIA-EO14024
REOMAKS LIMITED LIABILITY COMPANY	RUSSIA-EO14024
BADIKOV, Alexey	RUSSIA-EO14024
LIMITED LIABILITY COMPANY INTERNATIONAL INNOVATION CENTER FOR MARINE STRUCTURES AND SHIP REPAIR	RUSSIA-EO14024
SOLARD	RUSSIA-EO14024
REGENT BALTICA COMPANY LIMITED	UKRAINE-EO13662] [RUSSIA-EO14024
PAO RADIOFIZIKA	RUSSIA-EO14024
ZAKRYTOE AKTSIONERNOE OBSHCHESTVO ZOLOTOI SHAR	RUSSIA-EO14024
OSTEC SMART TECHNOLOGIES LIMITED LIABILITY COMPANY	RUSSIA-EO14024
EAST WEST CONVERSION	RUSSIA-EO14024
LIMITED LIABILITY COMPANY YUZHPOLYMETAL HOLDING	RUSSIA-EO14024
OOO SEPO ZEM	RUSSIA-EO14024
JOINT STOCK COMPANY SITRONICS KT	RUSSIA-EO14024
JOINT STOCK COMPANY INSTITUTE FOR NETWORKING TECHNOLOGY	RUSSIA-EO14024
INSTITUTE OF HIGH CURRENT ELECTRONICS SIBERIAN BRANCH RUSSIAN ACADEMY OF SCIENCES	RUSSIA-EO14024
JOINT INSTITUTE FOR HIGH TEMPERATURES OF THE RUSSIAN ACADEMY OF SCIENCES	RUSSIA-EO14024
SERGEI WITTE	RUSSIA-EO14024
PARITET	RUSSIA-EO14024
EKODOR	RUSSIA-EO14024
AKTSIONERNOE OBSHCHESTVO KONTSERN RADIOSTROENIYA VEGA	RUSSIA-EO14024
LIMITED LIABILITY COMPANY FARAD	RUSSIA-EO14024
FEDERAL STATE AUTONOMOUS SCIENTIFIC INSTITUTION CENTRAL RESEARCH AND EXPERIMENTAL AND DESIGN INSTITUTE OF ROBOTICS AND TECHNICAL CYBERNETICS	RUSSIA-EO14024
LIMITED LIABILITY COMPANY GK TRIZ ROBOTICS	RUSSIA-EO14024
TIMKOM	RUSSIA-EO14024
ALEXEY KOSYGIN	RUSSIA-EO14024
PYOTR STOLYPIN	RUSSIA-EO14024
ZVEZDA 044	RUSSIA-EO14024
ZVEZDA 047	RUSSIA-EO14024
ZVEZDA 046	RUSSIA-EO14024
ZVEZDA 045	RUSSIA-EO14024
LENINGRAD LASER SYSTEMS	RUSSIA-EO14024
CRYOTRADE ENGINEERING	RUSSIA-EO14024
GKER LASER TECHNOLOGY CO LTD	RUSSIA-EO14024
JINAN KEWEI OPTICS CO LTD	RUSSIA-EO14024
GEPA ULUSLARARASI TICARET LIMITED SIRKETI	RUSSIA-EO14024
KAMILHAN LOJISTIK DIS TICARET LIMITED SIRKETI	RUSSIA-EO14024
RMB YAPI INSAAT TAAHHUT SANAYI VE TICARET LIMITED SIRKETI	RUSSIA-EO14024
TAKSAN MAKINA SANAYI VE TICARET ANONIM SIRKETI	RUSSIA-EO14024
DENER ITHALAT IHRACAT VE DIS TICARET ANONIM SIRKETI	RUSSIA-EO14024
JOINT STOCK COMPANY SOLIKAMSK PLANT URAL	RUSSIA-EO14024
SAMARSKII ZAVOD KOMMUNAR	RUSSIA-EO14024
SUDAKOV, Andrey Dmitriyevich	RUSSIA-EO14024
XIAOLU, Mu	RUSSIA-EO14024
LIMITED LIABILITY COMPANY UNMANNED SYSTEMS	RUSSIA-EO14024
ELEKKOM LOGISTIK	RUSSIA-EO14024
INFINITE FORCE CARGO SERVICE HK LIMITED	RUSSIA-EO14024
SHANGHAI TRANSIT INTERNATIONAL FORWARDING AGENCY	RUSSIA-EO14024
HK NICEST ELECTRIC TECHNOLOGY CO LIMITED	RUSSIA-EO14024
SHENZHEN YOUXIN TECHNOLOGY CO LTD	RUSSIA-EO14024
AL-WAZIR, Ali Abd-Al-Wahhab Muhammad	SDGT
INTERNATIONAL SMART DIGITAL INTERFACE LIMITED LIABILITY COMPANY	SDGT
LEVIN, Nikolai Aleksandrovich	RUSSIA-EO14024
AL-HAIFI, Muaadh Ahmed Mohammed	SDGT
EXPERT MACHINERY KIMYASAL URUNLER TICARET LIMITED SIRKETI	RUSSIA-EO14024
TAVIT HONG KONG CO LIMITED	RUSSIA-EO14024
BASSIRE GROUP DOO BEOGRAD	RUSSIA-EO14024
GUANGZHOU TASNEEM TRADING COMPANY LIMITED	SDGT
NAL SOLUTIONS COMPANY LIMITED	RUSSIA-EO14024
TASNEEM TRADING COMPANY LIMITED	SDGT
OOO TAV	RUSSIA-EO14024
NINGBO BEILUN SAIGE MACHINE CO., LTD.	SDGT
TANCHEV, Aleksandr Vasilyevich	RUSSIA-EO14024
DONGGUAN YUZE MACHINING TOOLS COMPANY LIMITED	SDGT
MIKLASHEVICH, Valyantsin Alfredavich	RUSSIA-EO14024
LIMITED LIABILITY COMPANY SCIENTIFIC AND PRODUCTION ASSOCIATION AMB	RUSSIA-EO14024
PUBLIC JOINT STOCK COMPANY KIROV PLANT MAYAK	RUSSIA-EO14024
ZHILKIN, Viktor Nikolaevich	RUSSIA-EO14024
JOINT STOCK COMPANY PERM SCIENTIFIC INDUSTRIAL INSTRUMENT MAKING COMPANY	RUSSIA-EO14024
PUBLIC JOINT STOCK COMPANY SCIENTIFIC PRODUCTION ASSOCIATION STRELA	RUSSIA-EO14024
JOINT STOCK COMPANY KIROV ENERGOMASH PLANT	RUSSIA-EO14024
PUBLIC JOINT STOCK COMPANY RUSOLOVO	RUSSIA-EO14024
JOINT STOCK COMPANY OLOVYANNAYA RUDNAYA KOMPANIYA	RUSSIA-EO14024
INJECT RESEARCH AND PRODUCTION ENTERPRISE LIMITED LIABILITY COMPANY	RUSSIA-EO14024
LIMITED LIABILITY COMPANY AMURSKIY METALLURGICHESKIY KOMBINAT	RUSSIA-EO14024
RESEARCH AND DEVELOPMENT INSTITUTE OF SCIENTIFIC INSTRUMENTS JOINT STOCK COMPANY	RUSSIA-EO14024
LIMITED LIABILITY COMPANY PRAVOURMISKOE	RUSSIA-EO14024
LIMITED LIABILITY COMPANY TERRITORIYA	RUSSIA-EO14024
JOINT STOCK COMPANY ALEKSINSKII OPYTNYI MEHANICHESKII ZAVOD	RUSSIA-EO14024
JOINT STOCK COMPANY OMSKIY NAUCHNO ISSLEDOVATELSKIY INSTITUT PRIBOROSTROENIYA	RUSSIA-EO14024
LIMITED LIABILITY COMPANY INDUSTRIAL PARK STANKOMASH	RUSSIA-EO14024
ITIC LLC FZ	RUSSIA-EO14024
UNITARY PRIVATE SCIENCE PRODUCTION ENTERPRISE TEHNOLIT	RUSSIA-EO14024
LIMITED LIABILITY COMPANY STANKOMASH	RUSSIA-EO14024
LIMITED LIABILITY COMPANY MODERN FORGING TECHNOLOGIES	RUSSIA-EO14024
CHOUDHARY, Sandeep Singh	SDGT] [IFSR
NIT GROUP FZE	RUSSIA-EO14024
LIMITED LIABILITY COMPANY KORNET	RUSSIA-EO14024
JOINT STOCK COMPANY URALREDMET	RUSSIA-EO14024
JOINT STOCK COMPANY KONAR	RUSSIA-EO14024
LAVRIK, Valentina Vasilevna	RUSSIA-EO14024
LIMITED LIABILITY COMPANY MAGISTRAL	RUSSIA-EO14024
JOINT STOCK COMPANY 81 ARMORED FIGHTING VEHICLES REPAIR PLANT	RUSSIA-EO14024
LIMITED LIABILITY COMPANY MEGASTEK	RUSSIA-EO14024
MILE HAO XIANG TECHNOLOGY CO LTD	RUSSIA-EO14024
LLC MURMANSK LNG	RUSSIA-EO14024
LIMITED LIABILITY COMPANY ELGA FACTORIES 3	RUSSIA-EO14024
JOINT STOCK COMPANY YAMALDORSTROY	RUSSIA-EO14024
GUTSUL, Yevgeniya Aleksandrovna	RUSSIA-EO14024
JOINT STOCK COMPANY RUSSKIE ELEKTRICHESKIE DVIGATELI	RUSSIA-EO14024
KUSOV, Ivan Sergeyevich	RUSSIA-EO14024
LIMITED LIABILITY COMPANY BAZTUBE	RUSSIA-EO14024
LIMITED LIABILITY COMPANY ELGA MINING	RUSSIA-EO14024
LIMITED LIABILITY COMPANY ELGA MINING 2	RUSSIA-EO14024
VOLKOVA, Olga Vladimirovna	RUSSIA-EO14024
LIMITED LIABILITY COMPANY ELGA TRANS	RUSSIA-EO14024
JOINT STOCK COMPANY BELARUSREZINOTEKHNIKA	RUSSIA-EO14024
LIMITED LIABILITY COMPANY ELGA DOROGA	RUSSIA-EO14024
LIMITED LIABILITY COMPANY MANAGEMENT COMPANY ELGA	RUSSIA-EO14024
LIMITED LIABILITY COMPANY ELGA STROY MINING SERVICE	RUSSIA-EO14024
BODYAKO, Aleksandr Mikhailovich	RUSSIA-EO14024
LIMITED LIABILITY COMPANY ELGA MAGISTRAL	RUSSIA-EO14024
LIMITED LIABILITY COMPANY ELGALOGISTICS	RUSSIA-EO14024
LIMITED LIABILITY COMPANY ELGA STROY	RUSSIA-EO14024
LIMITED LIABILITY COMPANY ELGA ENGINEERING	RUSSIA-EO14024
LIMITED LIABILITY COMPANY ELGAUGOL	RUSSIA-EO14024
LIMITED LIABILITY COMPANY PORT ELGA	RUSSIA-EO14024
LIMITED LIABILITY COMPANY ELGA FACTORIES 2	RUSSIA-EO14024
LIMITED LIABILITY COMPANY UNDYTKAN	RUSSIA-EO14024
LIMITED LIABILITY COMPANY ELGA MARINE	RUSSIA-EO14024
LIMITED LIABILITY COMPANY ELGA FACTORIES	RUSSIA-EO14024
LIMITED LIABILITY COMPANY KOULSTAR	RUSSIA-EO14024
JOINT STOCK COMPANY RESEARCH AND PRODUCTION ASSOCIATION ISKRA	RUSSIA-EO14024
LIMITED LIABILITY COMPANY COAL COMPANY RAZREZ BEYSKIY	RUSSIA-EO14024
LIMITED LIABILITY COMPANY RAZREZ BOGATYR	RUSSIA-EO14024
YURASOV, Sergey Pavlovich	RUSSIA-EO14024
LIMITED LIABILITY COMPANY COALSTAR TRANS	RUSSIA-EO14024
LIMITED LIABILITY COMPANY COALSTAR SEA TERMINAL	RUSSIA-EO14024
POLY TECHNOLOGIES INCORPORATED	RUSSIA-EO14024
LIMITED LIABILITY COMPANY AURORA SEA PORT	RUSSIA-EO14024
LIMITED LIABILITY COMPANY BEYSKIY PROMYSHLENNO TRANSPORTNYY KOMPLEKS	RUSSIA-EO14024
JOINT STOCK COMPANY BIZNES PROYEKT	RUSSIA-EO14024
ANALOG TECHNOLOGY LIMITED	RUSSIA-EO14024
LIMITED LIABILITY COMPANY UGOLNAYA KOMPANIYA RAZREZ MAYRYKHSKIY	RUSSIA-EO14024
VARSHAVSKIY, Boris Nikolaevich	RUSSIA-EO14024
BORODAYEV, Aleksandr Nikolayevich	RUSSIA-EO14024
LIMITED LIABILITY COMPANY ELECOM	RUSSIA-EO14024
PAKO INTERNATIONAL TRADING LIMITED	RUSSIA-EO14024
VALETUDO LIMITED	RUSSIA-EO14024
ENKA TRADING LIMITED	SDGT] [IFSR] [RUSSIA-EO14024
LIMITED LIABILITY COMPANY OIL TERMINAL BELOKAMENKA	RUSSIA-EO14024
ORG LOGISTICS FZE	RUSSIA-EO14024
LIMITED LIABILITY COMPANY PUMORI ENGINEERING INVEST	RUSSIA-EO14024
KOC GEMICILIK VE TASIMACILIK DIS TICARET LIMITED SIRKETI	RUSSIA-EO14024
JOINT STOCK COMPANY GT MORSTROY	RUSSIA-EO14024
CLOSED JOINT STOCK COMPANY MEKAMINEFT	RUSSIA-EO14024
JOINT STOCK COMPANY BOR GLASSWORKS	RUSSIA-EO14024
PALOMA FOUNDATION	RUSSIA-EO14024
LIMITED LIABILITY COMPANY KLIN GLASSWORKS	RUSSIA-EO14024
JOINT STOCK COMPANY RUSSIAN GLASS COMPANY	RUSSIA-EO14024
JOINT STOCK COMPANY GOZNAK	RUSSIA-EO14024
NOVATEK LNG FUEL KASHIRA LLC	RUSSIA-EO14024
LIMITED LIABILITY COMPANY BANKOVSKIE INNOVATSIONNYE SISTEMY	RUSSIA-EO14024
CAFAR FOUNDATION	RUSSIA-EO14024
TRACHUK, Arkady Vladimirovich	RUSSIA-EO14024
SPERO FOUNDATION	RUSSIA-EO14024
PUBLIC JOINT STOCK COMPANY SELIGDAR	RUSSIA-EO14024
NATWIN FOUNDATION	RUSSIA-EO14024
LIMITED LIABILITY COMPANY WHITE GOLD	RUSSIA-EO14024
JOINT STOCK COMPANY ZOLOTO SELIGDARA	RUSSIA-EO14024
SENTIMARE ENTERPRISES LIMITED	RUSSIA-EO14024
LIMITED LIABILITY COMPANY ARTEL STARATELEI SININDA 1	RUSSIA-EO14024
LIMITED LIABILITY COMPANY ARTEL STARATELEI POISK	RUSSIA-EO14024
SENTIMARE ME LIMITED	RUSSIA-EO14024
LIMITED LIABILITY COMPANY YURSKI	RUSSIA-EO14024
PICOTIN HOLDINGS LIMITED	RUSSIA-EO14024
LIMITED LIABILITY COMPANY SAMOLAZOVSKOE	RUSSIA-EO14024
LIMITED LIABILITY COMPANY RYABINOVOYE	RUSSIA-EO14024
SELEZNEV, Kirill Gennadievich	RUSSIA-EO14024
TYTSYK, Siarhei	RUSSIA-EO14024
FAYN LAYN LIMITED LIABILITY COMPANY	RUSSIA-EO14024
PCB LINE PTE LTD	RUSSIA-EO14024
WRIGHT AERO COMPONENTS FZE	RUSSIA-EO14024
SECRET LOGISTICS SOLUTION FZCO	RUSSIA-EO14024
SHVENK, Inna VOLODYMYRIVNA	RUSSIA-EO14024
CNCFORM GRUP MAKINA METAL INSAAT HIRDAYAT GIDA NAKLIYE OTOMOTIV ITHALAT IHRACAT SANAYI VE TICARET LIMITED SIRKETI	RUSSIA-EO14024
NAGORNY, Nikita Vladimirovich	RUSSIA-EO14024
3NOD DIGITAL HONG KONG LIMITED	RUSSIA-EO14024
BEIJING DEEPCOOL INDUSTRIES CO LTD	RUSSIA-EO14024
LIMITED LIABILITY COMPANY TBS LOGISTIKA	RUSSIA-EO14024
BEE INSAAT MIMARLIK ANONIM SIRKETI	RUSSIA-EO14024
ANKARA GLOBAL DIS TICARET LIMITED SIRKETI	RUSSIA-EO14024
LIMITED LIABILITY COMPANY BALTMASH	RUSSIA-EO14024
LIMITED LIABILITY COMPANY BVK	RUSSIA-EO14024
PRODUCTION UNITARY ENTERPRISE PLANT SVT	RUSSIA-EO14024
LIGHTSPEED DISTRIBUTION FZCO	RUSSIA-EO14024
PERESELYAK, Elena Aleksandrovna	RUSSIA-EO14024
MANKO, Dmitry Yuryevich	RUSSIA-EO14024
LIMITED LIABILITY COMPANY ABAKAN AIR	RUSSIA-EO14024
ALL RUSSIAN PUBLIC STATE MOVEMENT OF CHILDREN AND YOUTH	RUSSIA-EO14024
OBSHCHESTVO S OGRANICHENNOI OTVETSTVENNOSTIU AVIALIZING INVEST	RUSSIA-EO14024
SHPAKOV, Oleg Petrovich	RUSSIA-EO14024
PLATIN GROUP MACHINE MANUFACTURING INTERNATIONAL COMPANY LTD	RUSSIA-EO14024
AVIATECH FZC	RUSSIA-EO14024
AIRROCK SOLUTIONS LIMITED LIABILITY COMPANY	RUSSIA-EO14024
AEROSTAGE SERVICES LIMITED LIABILITY COMPANY	RUSSIA-EO14024
MAX JET SERVICE LIMITED LIABILITY COMPANY	RUSSIA-EO14024
PENGLAI JUTAL OFFSHORE ENGINEERING HEAVY INDUSTRIES CO LTD	RUSSIA-EO14024
EMITRADE FZE	RUSSIA-EO14024
LIMITED LIABILITY COMPANY TRANSIT SERVICE BISHKEK	RUSSIA-EO14024
LIMITED LIABILITY COMPANY MURMANSK TRANSGAZ	RUSSIA-EO14024
GUANGDONG PRATIC CNC TECHNOLOGY CO LTD	RUSSIA-EO14024
SILK WAY RALLY ASSOCIATION	RUSSIA-EO14024
WU, Yi Xuan	RUSSIA-EO14024
YANBORISOV, Bulat Akhatovich	RUSSIA-EO14024
LEE, Lap Shun	RUSSIA-EO14024
KVAND IS OOO	RUSSIA-EO14024
TAIBER OOO	RUSSIA-EO14024
FRESHVALE EOOD	RUSSIA-EO14024
BULUTLAR GEMI TERSANECILIK SANAYI TICARET LIMITED SIRKETI	RUSSIA-EO14024
WUHAN TIANYU INFORMATION INDUSTRY CO LTD	RUSSIA-EO14024
ASIALINK SHANGHAI INTL LOGISTICS CO LTD	RUSSIA-EO14024
ALIKHANOV, Dmitrii Vladimirovich	RUSSIA-EO14024
YANBORISOV, Amir Bulatovich	RUSSIA-EO14024
KHAMIRZAEV, Adam	SDGT
JOINT STOCK COMPANY URAL HEAVY EQUIPMENT URALVAGONZAVOD	RUSSIA-EO14024
HARAKAT ANSAR ALLAH AL-AWFIYA	FTO] [SDGT
AL-SA'IDI, Haydar Muzhir Ma'lak	SDGT
O-SMACH RESORT	GLOMAG
L.Y.P. GROUP CO., LTD	GLOMAG
DEGTYARENKO, Denis Olegovich	CYBER2
PANKRATOVA, Yuliya Vladimirovna	CYBER2
CAZARIN MOLINA, Ivan	ILLICIT-DRUGS-EO14059
NAIM, Basem	SDGT
CAZARIN MOLINA, Cesar	ILLICIT-DRUGS-EO14059
HAMAD, Ghazi	SDGT
MARI, Salama Aziz Muhammad	SDGT
AKARI, Musa Daud Muhammad	SDGT
GHANIMAT, Abd Al-Rahman Ismail Abd Al-Rahman	SDGT
NAZZAL, Mohammad	SDGT
STELLAR WAVE MARINE L.L.C	SDGT
SALYGA, Vyacheslav	SDGT
SAHIL AL MAHABA TRADING L.L.C	SDGT] [IFSR
CAREGIS TRADING HK LIMITED	SDGT] [IFSR
NOURIAN, Siavash	SDGT] [IFSR
SEYYED MOHAMMAD MOSANNA'I NAJIBI AND PARTNERS COMPANY	SDGT] [IFSR
ANVEX TRADING L.L.C.	SDGT] [IFSR
NASIR SADAQAT GENERAL TRADING L.L.C	SDGT] [IFSR
LZMAR TRADING LIMITED	SDGT] [IFSR
SIAVASH NURIAN AND PARTNERS	SDGT] [IFSR
ASTORIA STAR HEAVY EQUIPMENT TRADING L.L.C	SDGT] [IFSR
MUFFLIN TRADING L.L.C.	SDGT] [IFSR
NAJIBI, Seyyed Mohammad Mosanna'i	SDGT] [IFSR
BRIGHTEN STAR FZE	SDGT] [IFSR
CHERY STAR CO., LIMITED	SDGT] [IFSR
COLWICH TRADING L.L.C	SDGT] [IFSR
KUMU LIMITED	SDGT] [IFSR
LONG WORTH GOODS WHOLESALERS L.L.C	SDGT] [IFSR
JALALIAN, Ramin	SDGT] [IFSR
CITY BASE GROUP LIMITED	SDGT] [IFSR
BETHESDA INDUSTRIAL SOLVENTS TRADING	SDGT] [IFSR
OMID SEPAH EXCHANGE COMPANY	SDGT] [IFSR
O N C U TRADING L.L.C.	SDGT] [IFSR
GOLDEN BRONZE LIMITED	SDGT] [IFSR
PIERA GLOBAL TRADING L.L.C	SDGT] [IFSR
NET TRADING CO., LIMITED	SDGT] [IFSR
DELAITE TRADING CO., LIMITED	SDGT] [IFSR
JOCWA CO., LIMITED	SDGT] [IFSR
TENGLAN LIMITED	SDGT] [IFSR
ATROPARS COMPANY	SDGT] [IFSR
MIR MOHAMMAD ALI, Seyyed Reza	SDGT] [IFSR
KUWAN CO., LIMITED	SDGT] [IFSR
LYONED TRADING L.L.C	SDGT] [IFSR
GAINON CO., LIMITED	SDGT] [IFSR
JIANGKANG FOOD LIMITED	SDGT] [IFSR
SINO TRADE CO. LTD.	SDGT] [IFSR
ATVANTIC GOODS WHOLESALERS L.L.C	SDGT] [IFSR
MEISHUR LIMITED	SDGT] [IFSR
FENGXIAN INTERNATIONAL TRADING AND SERVICES CO LIMITED	SDGT] [IFSR
RELAN LIMITED	SDGT] [IFSR
COPEZZI INDUSTRIAL CO. LIMITED	SDGT] [IFSR
HERMEX INTERNATIONAL CORP.	SDGT] [IFSR
GOLDEN STARS KIYMETLI MADENLER TEKSTIL SANAYI TICARET LIMITED SIRKETI	SDGT] [IFSR
ROSLAMI LIMITED	SDGT] [IFSR
TURPAMI LIMITED	SDGT] [IFSR
SUESIAN CO., LIMITED	SDGT] [IFSR
BURREN CO., LIMITED	SDGT] [IFSR
HEKMAT IRANIAN EXCHANGE AND FOREIGN CURRENCY SERVICES COMPANY	SDGT] [IFSR
SAISAIPEN CO., LTD	SDGT] [IFSR
XASTER CO., LIMITED	SDGT] [IFSR
JAZIRA DAS INTERNATIONAL REFINDED OIL PRODUCTS TRADING L.L.C	IRAN-EO13846
BANUELOS RAMIREZ, Juan Carlos	ILLICIT-DRUGS-EO14059
LOPEZ HUMAN SMUGGLING ORGANIZATION	TCO
LOPEZ ESCOBAR, Ronaldo Galindo	TCO
LOPEZ AMBROSIO, Whiskey Hans	TCO
HERNANDEZ VANEGAS, Karen Stefany	TCO
AUTONOMOUS NON-PROFIT ORGANIZATION DIALOG	RUSSIA-EO14024
TABAK, Vladimir Grigoryevich	RUSSIA-EO14024
SHI, Qianpei	NPWMD
CHEN, Tianxin	NPWMD
SHI, Anhui	NPWMD
WANG, Dongliang	NPWMD
HAN, Dejian	NPWMD
RIVERA IBARRA, Gerardo	ILLICIT-DRUGS-EO14059
FORNELY LAB S.A. DE C.V.	ILLICIT-DRUGS-EO14059
INMOBILIARIA UNIVERSAL DEJA VU S.A. DE C.V.	ILLICIT-DRUGS-EO14059
YIDATONG TIANJIN METAL MATERIALS CO., LTD	NPWMD
BEIJING JINGHUA QIDI ELECTRONIC TECHNOLOGY CO., LTD.	NPWMD
BEIJING SANSHUNDA ELECTRONICS SCIENCE AND TECHNOLOGY CO., LTD.	NPWMD
QIDONG HENGCHENG ELECTRONICS FACTORY	NPWMD
TREN DE ARAGUA	FTO] [SDGT] [TCO
NIEVES Y PALETAS EVI	ILLICIT-DRUGS-EO14059
TWIRWANEHO	DRCONGO
SEMATAMA, Charles	DRCONGO
KINGSTON, Lawrence Kanyuka	DRCONGO
KINGSTON HOLDING	DRCONGO
KINGSTON FRESH LTD	DRCONGO
DU, Jiaxin	NPWMD
SHENZHEN CITY MEAN WELL ELECTRONICS CO., LTD.	NPWMD
RODRIGUEZ HERNANDEZ, Jose Saul	ILLICIT-DRUGS-EO14059
MEDINA DIAZ, Domingo	ILLICIT-DRUGS-EO14059
ALVARADO CASTILLO, Gerardo	ILLICIT-DRUGS-EO14059
BIOCOMBUSTIBLES EL JICARO, S.A. DE C.V.	ILLICIT-DRUGS-EO14059
DOS OCEANOS PASO DEL TORO, S.A. DE C.V.	ILLICIT-DRUGS-EO14059
RAPICOMBUSTIBLES DE VERACRUZ, S.A. DE C.V.	ILLICIT-DRUGS-EO14059
MAGNOCOMBUSTIBLES DE VERACRUZ, S.A. DE C.V.	ILLICIT-DRUGS-EO14059
AHORROCOMBUSTIBLES DE VERACRUZ, S.A. DE C.V.	ILLICIT-DRUGS-EO14059
ECONOCOMBUSTIBLES DE VERACRUZ, S.A. DE C.V.	ILLICIT-DRUGS-EO14059
CARBURANTES DOS OCEANOS, S.A. DE C.V.	ILLICIT-DRUGS-EO14059
EXITON	RUSSIA-EO14024
LIMITED LIABILITY COMPANY EKSITON	RUSSIA-EO14024
AKTSIONERNOE OBSHCHESTVO OPYTNOE KONSTRUKTORSKOE BYURO EKSITON	RUSSIA-EO14024
AKTSIONERNOE OBSHCHESTVO DISPLEI KOMPONENT	RUSSIA-EO14024
NORATEC HOLDINGS LTD	RUSSIA-EO14024
MATRIX METAL GROUP KORLATOLT FELELOSSEGU TARSASAG FELSZAMOLAS ALATT	RUSSIA-EO14024
ZAKRYTOE AKTSIONERNOE OBSHCHESTVO NAUCHNO VNEDRENCHESKOE PREDPRIYATIE BOLID	RUSSIA-EO14024
LIMITED LIABILITY COMPANY KHAVERIM	RUSSIA-EO14024
YLH ELECTRONICS HK CO LIMITED	RUSSIA-EO14024
HENGYE TECH LIMITED	RUSSIA-EO14024
ELEKTRORADIOKOMPONENTY SEVERO ZAPAD	RUSSIA-EO14024
ALLCHIPS LIMITED	RUSSIA-EO14024
LIMITED LIABILITY COMPANY MICROPRIBOR	RUSSIA-EO14024
DOS OCEANOS COMBUSTIBLES Y CARBURANTES, S.A. DE C.V.	ILLICIT-DRUGS-EO14059
COMBUSTIBLES EVOLUTIVOS Y ALTERNATIVOS DOS OCEANOS, S.A. DE C.V.	ILLICIT-DRUGS-EO14059
SUMINISTROS COMBUSTIBLES OCEANOS, S.A. DE C.V.	ILLICIT-DRUGS-EO14059
MAQUINAS EDJA, S.A. DE C.V.	ILLICIT-DRUGS-EO14059
TRAVER PERMISIONARIOS, S.A. DE C.V.	ILLICIT-DRUGS-EO14059
ETANOFUEL, S.A. DE C.V.	ILLICIT-DRUGS-EO14059
HERRERA MEDINA, Brandon Ernesto	ILLICIT-DRUGS-EO14059
ESTRADA MEDINA, Santos Aldair	ILLICIT-DRUGS-EO14059
CAZARIN RAMOS, Jahir	ILLICIT-DRUGS-EO14059
RIVERA GARCIA, Patricia	ILLICIT-DRUGS-EO14059
3D MODERN PRINTING PRESS	ILLICIT-DRUGS-EO14059
ACEITES Y LUBRICANTES MAYE, S.A. DE C.V.	ILLICIT-DRUGS-EO14059
ADITIVOS Y SUMINISTROS ETANOFUEL, S.A. DE C.V.	ILLICIT-DRUGS-EO14059
COMBUSTIBLES Y LUBRICANTES MAYE, S.A. DE C.V.	ILLICIT-DRUGS-EO14059
COMERCIALIZADORA BAGUETTE KLIC, S.A. DE C.V.	ILLICIT-DRUGS-EO14059
COMERCIALIZADORA COFFE KLIC, S.A. DE C.V.	ILLICIT-DRUGS-EO14059
CONSTRUCTORA JJESA S.A. DE C.V.	ILLICIT-DRUGS-EO14059
ETANOPLUS, S.A. DE C.V.	ILLICIT-DRUGS-EO14059
MAXI-GASOIL SERVICIOS, S.A. DE C.V.	ILLICIT-DRUGS-EO14059
MAYEGAS, S.A. DE C.V.	ILLICIT-DRUGS-EO14059
MULTISERVICIOS EN COMBUSTIBLE MAYE DE VERACRUZ, S.A. DE C.V.	ILLICIT-DRUGS-EO14059
SUPER TIENDAS KLIC, S.A. DE C.V.	ILLICIT-DRUGS-EO14059
VERACRUZANA DE SERVICIOS HOTELEROS Y GASTRONOMICOS LOS ANGELES, S.A. DE C.V.	ILLICIT-DRUGS-EO14059
ORLOFF, Alexandre	RUSSIA-EO14024
ALEXANDRE ORLOFF LTD	RUSSIA-EO14024
ZVIGENI TECHNOLOGICAL SYSTEMS LIMITED	RUSSIA-EO14024
9105 2829 QUEBEC INC	RUSSIA-EO14024
DOUGONG TRADING HONG KONG LIMITED	RUSSIA-EO14024
HAKIMAN SHARGH RESEARCH COMPANY	NPWMD] [IFSR
DIGITAL MARKETING AWARDS FZ LLC	RUSSIA-EO14024
SHANGHAI TECHINITAL MATERIALS CO LTD	RUSSIA-EO14024
ZHUANG, Liang	SDGT
FORNACIS ENERGY TRADING CO. L.L.C	SDGT
BIN AHMAD, Mohammad Roslan	SDGT
BARCO SHIP MANAGEMENT INC	SDGT
WANJI	SDGT
OCEANIC II	SDGT
TIREX	SDGT
ASCENT GENERAL INSURANCE COMPANY	SDGT
SEA KNOT SHIPPING INC.	SDGT
MIROVA DYNAMIC	SDGT
ABDOLLAHI, Mohammad	NPWMD] [IFSR
TONG, Thomas Ho Ming	NPWMD] [IFSR
ALPHA SHINE MARINE SERVICES L.L.C	SDGT
KASPER	SDGT
TAS TECHNOLOGY COMPANY LIMITED	NPWMD] [IFSR
CLOUD ELEMENT COMPANY LIMITED	NPWMD] [IFSR
BTW INTERNATIONAL LIMITED	NPWMD] [IFSR
SILIBORN TECHNOLOGY LIMITED	RUSSIA-EO14024
SMART KIT TECHNOLOGY LIMITED	RUSSIA-EO14024
INZHINIRING GRUPP OOO	RUSSIA-EO14024
PALOMA PRECIOUS DMCC	RUSSIA-EO14024
TRIO JEWELLS LLC	RUSSIA-EO14024
FAGIMA FRESATRICI SPA	RUSSIA-EO14024
FALCHINI, Massimo	RUSSIA-EO14024
SHAMS GOLD TRADING FZE	RUSSIA-EO14024
UNIVERSAL GOLD HONG KONG LIMITED	RUSSIA-EO14024
BRIGHT UNIVERSE INTERNATIONAL LIMITED	RUSSIA-EO14024
SWISS LUXURY FZE	RUSSIA-EO14024
JAVAR, Saeed Hamidi	NPWMD] [IFSR
LIMITED LIABILITY COMPANY VECTOR	RUSSIA-EO14024
BUY BEST ELECTRONIC PARS COMPANY	NPWMD] [IFSR
KATOD	RUSSIA-EO14024
HASHEMI, Sayyed Ali Seraj	NPWMD] [IFSR
AZMOON PAJOHAN HESGAR LIMITED LIABILITY COMPANY	NPWMD] [IFSR
SORBANI, Ezzatullah Ghasemian	NPWMD] [IFSR
SHENZHEN RION TECHNOLOGY CO., LTD.	SDGT] [NPWMD] [IFSR
SNABINTER	RUSSIA-EO14024
XIN QUAN ELECTRONICS CO LIMITED	RUSSIA-EO14024
HONGKONG CHIP LINE INTERNATIONAL CO	RUSSIA-EO14024
MAVERIKS	RUSSIA-EO14024
GREEN CHIP LIMITED LIABILITY COMPANY	RUSSIA-EO14024
SHENZHEN ROYO TECHNOLOGY CO LIMITED	RUSSIA-EO14024
QINGDAO HEHUIXIN INTERNATIONAL TRADE CO LTD	RUSSIA-EO14024
JINHUA HAIRUN POWER TECHNOLOGY CO LTD	RUSSIA-EO14024
SPEECH TECHNOLOGY CENTER LIMITED	RUSSIA-EO14024
STC INNOVATIONS LIMITED	RUSSIA-EO14024
STC SOFT LIMITED	RUSSIA-EO14024
SFERA JSC	RUSSIA-EO14024
KRIBRUM JSC	RUSSIA-EO14024
LIMITED LIABILITY COMPANY EKSIKYUSHN ER DI SI	RUSSIA-EO14024
LIMITED LIABILITY COMPANY TSIFRA	RUSSIA-EO14024
LIMITED LIABILITY COMPANY DRONOPORT	RUSSIA-EO14024
LIMITED LIABILITY COMPANY SIMBIRSKOE KONSTRUKTORSKOE BYURO PIRANYA	RUSSIA-EO14024
NAUCHNO PROIZVODSTVENNOE OBYEDINENIE GRAN	RUSSIA-EO14024
LIMITED LIABILITY COMPANY AMITRON ELEKTRONIKS	RUSSIA-EO14024
OPEN JOINT STOCK COMPANY MSTATOR	RUSSIA-EO14024
ZAO SVETLANA EP	RUSSIA-EO14024
NAUCHNO PROIZVODSTVENNOE PREDPRIYATIE TOMILINSKII ELEKTRONNYI ZAVOD	RUSSIA-EO14024
FEDERAL STATE BUDGETARY INSTITUTION TECHNOLOGICAL INSTITUTION FOR SUPERHARD AND NOVEL CARBON MATERIALS	RUSSIA-EO14024
LIMITED LIABILITY COMPANY INTEM LAB	RUSSIA-EO14024
LIMITED LIABILITY COMPANY UMNYI SKLAD	RUSSIA-EO14024
AKTSIONERNOE OBSHCHESTVO KORPORATSIYA GALAKTIKA	RUSSIA-EO14024
SCIENTIFIC RESEARCH CENTER RESONANCE JOINT STOCK COMPANY	RUSSIA-EO14024
LIMITED LIABILITY COMPANY URALDRONZAVOD	RUSSIA-EO14024
JOINT STOCK COMPANY AEROCON	RUSSIA-EO14024
LIMITED LIABILITY COMPANY KB RUS	RUSSIA-EO14024
RADIOLINE LTD	RUSSIA-EO14024
PROTEH CO LTD	RUSSIA-EO14024
LIMITED LIABILITY COMPANY PT ELEKTRONIK	RUSSIA-EO14024
ELPROM LIMITED LIABILITY COMPANY	RUSSIA-EO14024
LIMITED LIABILITY COMPANY HEAD POINT	RUSSIA-EO14024
PALITRUMLAB LIMITED LIABILITY COMPANY	RUSSIA-EO14024
LIMITED LIABILITY COMPANY VEKTOR IKS	RUSSIA-EO14024
JOINT STOCK COMPANY AKMETRON	RUSSIA-EO14024
KUGEL LIMITED LIABILITY COMPANY	RUSSIA-EO14024
SWALLEH, Abubakar	SDGT
NABAGALA, Hamidah	SDGT
GANGAT, Zayd	SDGT
BRIGHT SHORE INC LIMITED	NPWMD
SONG, Kum Hyok	CYBER4
BAKINA, Alla	RUSSIA-EO14024
DIASOFT LTD	RUSSIA-EO14024
ATOL	RUSSIA-EO14024
CENTRE OF FINANCIAL TECHNOLOGIES GROUP	RUSSIA-EO14024
LIMITED LIABILITY COMPANY MEKHATRONIKA	RUSSIA-EO14024
JOINT STOCK COMPANY 31 STATE DESIGN INSTITUTE FOR SPECIAL CONSTRUCTION	RUSSIA-EO14024
SCIENTIFIC PRODUCTION ASSOCIATION COMPUTING SYSTEMS	RUSSIA-EO14024
OJSC VLADIMIR RADIO COMMUNICATIONS DESIGN BUREAU	RUSSIA-EO14024
FOSHAN GOLDEN AGE MOTOR TECHNOLOGY CO., LTD.	RUSSIA-EO14024
NAUCHNO ISSLEDOVATELSKAYA LABORATORIYA AEROKOSMICHESKOI TEKHNIKI DOSAAF	RUSSIA-EO14024
JOINT STOCK COMPANY RESEARCH AND PRODUCTION CENTER NII MICRODEVICES	RUSSIA-EO14024
RESEARCH AND PRODUCTION ASSOCIATION LEPTON	RUSSIA-EO14024
FGUP PO OKTYABR	RUSSIA-EO14024
SCIENTIFIC RESEARCH INSTITUTE FOR OPTOELECTRONIC INSTRUMENT ENGINEERING	RUSSIA-EO14024
AO NPP SAIT	RUSSIA-EO14024
JOINT STOCK COMPANY RESEARCH INSTITUTE OF POLYMERIC MATERIAL	RUSSIA-EO14024
LIMITED LIABILITY COMPANY 4TEST	RUSSIA-EO14024
SCIENTIFIC AND PRODUCTION ASSOCIATION STATE INSTITUTE OF APPLIED OPTICS	RUSSIA-EO14024
LIMITED LIABILITY COMPANY AFINOR	RUSSIA-EO14024
LIMITED LIABILITY COMPANY ALFA INSTRUMENTS	RUSSIA-EO14024
LIMITED LIABILITY COMPANY TC ELEMENT	RUSSIA-EO14024
LIMITED LIABILITY COMPANY ETM PHOTONICS	RUSSIA-EO14024
LIMITED LIABILITY COMPANY COMPANY SCAN	RUSSIA-EO14024
LIMITED LIABILITY COMPANY NPK TESART	RUSSIA-EO14024
FEDERAL STATE GOVERNMENTAL INSTITUTION 4 CENTRAL RESEARCH INSTITUTE OF THE MINISTRY OF DEFENSE OF THE RUSSIAN FEDERATION	RUSSIA-EO14024
FEDERAL STATE GOVERNMENTAL INSTITUTION 27 CENTRAL RESEARCH INSTITUTE OF THE MINISTRY OF DEFENSE OF THE RUSSIAN FEDERATION	RUSSIA-EO14024
46TH CENTRAL RESEARCH AND DEVELOPMENT INSTITUTE OF THE MINISTRY OF DEFENSE	RUSSIA-EO14024
JOINT STOCK COMPANY SPECIAL DESIGN BUREAU OF THE RUSSIAN MINISTRY OF DEFENSE	RUSSIA-EO14024
AUDAX TRUST CONSULTING ESTABLISHMENT	RUSSIA-EO14024
WYSS, Anton Daniel	RUSSIA-EO14024
ONE ASSET MANAGEMENT AG	RUSSIA-EO14024
LMG LIGHTHOUSE TRUST REG	RUSSIA-EO14024
LINS, Alexander Franz Josef	RUSSIA-EO14024
WOLF, Stefan Anton	RUSSIA-EO14024
PUBLICHNOE AKTSIONERNOE OBSHCHESTVO RASPADSKAYA	UKRAINE-EO13662] [RUSSIA-EO14024
FEDERAL STATE INSTITUTION FEDERAL RESEARCH CENTER INFORMATICS AND MANAGEMENT OF THE RUSSIAN ACADEMY OF SCIENCES	RUSSIA-EO14024
AUTONOMOUS NON PROFIT ORGANIZATION ARTIFICIAL INTELLIGENCE RESEARCH INSTITUTE	RUSSIA-EO14024
AKTSIONERNOE OBSHCHESTVO EVRAZ KACHKANARSKI GORNO OBOGATITELNY KOMBINAT	RUSSIA-EO14024
AKTSIONERNOE OBSHCHESTVO ZAVOD REKOND	RUSSIA-EO14024
RUSSIAN ARTIFICIAL INTELLIGENCE RESEARCH INSTITUTE OF THE RUSSIAN ACADEMY OF SCIENCES	RUSSIA-EO14024
AKTSIONERNOE OBSHCHESTVO EVRAZ NIZHNETAGILSKI METALLURGICHESKI KOMBINAT	RUSSIA-EO14024
AKTSIONERNOE OBSHCHESTVO EVRAZ OBEDINENNY ZAPADNO SIBIRSKI METALLURGICHESKI KOMBINAT	RUSSIA-EO14024
AKTSIONERNOE OBSHCHESTVO EVRAZ VANADI TULA	RUSSIA-EO14024
AL-KINAI, Maher Yahya Muhammad Mutahar	SDGT
YEMEN TELECOMMUNICATION ASSET COMPANY FOR INFORMATION TECHNOLOGY	SDGT
AL-SHAHARI UNITED CORPORATION LTD	SDGT
GUANGZHOU ALSHAHARI UNITED CORPORATION LIMITED	SDGT
HONGKONG ALSHAHARI UNITED CORPORATION LIMITED	SDGT
AL-SHAHARE, Ahmed Khaled Yahya	SDGT
ARAFAT SHIPPING COMPANY	SDGT
RAHA GAS	SDGT
TRANSMARINE NAVIGATION M SDN. BHD.	SDGT
K F D GENERAL TRADING L.L.C	SDGT
DP SHIPPING LIMITED	SDGT
DIVINE POWER	SDGT
KDS SHIPPING LIMITED	SDGT
LPG OM	SDGT
TINOS I	IRAN-EO13902
OBSHCHESTVO S OGRANICHENNOI OTVETSTVENNOSTYU KONSTRUKTORSKOE BYURO VOSTOK	RUSSIA-EO14024
ONX TRADING FZE	SDGT
TRV ENGINEERING JSC	RUSSIA-EO14024
KOLESNIKOV, Mikhail Vladimirovich	RUSSIA-EO14024
EW-001PB	BELARUS-EO14038
ASIA MATERIAL SOLUTIONS COMPANY LIMITED	RUSSIA-EO14024
FEPOOD ELECTRONICS HK CO LIMITED	RUSSIA-EO14024
DALKOS CO LTD	RUSSIA-EO14024
PUSHKOV, Aleksandr Aleksandrovich	RUSSIA-EO14024
KALINOV, Konstantin Svyatoslavovich	RUSSIA-EO14024
SPE OU	RUSSIA-EO14024
AKTSIONERNOE OBSHCHESTVO OBYEDINENNAYA UGOLNAYA KOMPANIYA YUZHKUZBASSUGOL	RUSSIA-EO14024
OBSHCHESTVO S OGRANICHENNOI OTVETSTVENNOSTYU SHAKHTA ALARDINSKAYA	RUSSIA-EO14024
OBSHCHESTVO S OGRANICHENNOI OTVETSTVENNOSTYU SHAKHTA ESAULSKAYA	RUSSIA-EO14024
OBSHCHESTVO S OGRANICHENNOI OTVETSTVENNOSTYU RASPADSKAYA UGOLNAYA KOMPANIYA	RUSSIA-EO14024
AO EVRAZ MARKET	RUSSIA-EO14024
OBSHCHESTVO S OGRANICHENNOI OTVETSTVENNOSTYU EVRAZKHOLDING FINANS	RUSSIA-EO14024
HK CINTY CO LIMITED	RUSSIA-EO14024
LL ELECTRONIC LIMITED	RUSSIA-EO14024
ACE ERA CO LIMITED	RUSSIA-EO14024
FEVA DIS TICARET LIMITED SIRKETI	RUSSIA-EO14024
ASPECTRIYM LIMITED TRADE DEVELOPMENT	RUSSIA-EO14024
ENUTEK MAKINA SANAYI VE TICARET LIMITED SIRKETI	RUSSIA-EO14024
CONFIENZA GIDA PAZARLAMA VE TICARET ANONIM SIRKETI	RUSSIA-EO14024
GRUN GROUP CO LIMITED	RUSSIA-EO14024
KIRA INTERNATIONAL TRADE CO LIMITED	RUSSIA-EO14024
MOST DEVELOPMENT LIMITED	RUSSIA-EO14024
PRIKLADNYE TEKHNOLOGII	RUSSIA-EO14024
NEW WALLY TARGET INTERNATIONAL TRADE CO LIMITED	RUSSIA-EO14024
HONG KONG YAYANG TRADING LIMITED	RUSSIA-EO14024
JOINT STOCK COMPANY KT - UNMANNED SYSTEMS	RUSSIA-EO14024
GIL PACHECO, Rosalba	VENEZUELA
FIGUEROA ARIZALETA, Inocencio Antonio	VENEZUELA
GIL RODRIGUEZ, Malaquias	VENEZUELA
HIDALGO PANDARES, Juan Carlos	VENEZUELA
MENESES RODRIGUEZ, Antonio Jose	VENEZUELA
GARDEN CITY HOTEL	GLOMAG
FARZANEGAN PROPULSION SYSTEMS DESIGN BUREAU	RUSSIA-EO14024
POURFARZANEH, Hossein	RUSSIA-EO14024
POURFARZANEH, Zahra	RUSSIA-EO14024
POURFARZANEH, Hassan	RUSSIA-EO14024
KHOT, Arif Ibrahim	SDGT
INFANTE APARICIO, Pedro Jose	VENEZUELA
OBSHCHESTVO S OGRANICHENNOI OTVETSTVENNOSTYU NORILSKNIKELREMONT	RUSSIA-EO14024
OBSHCHESTVO S OGRANICHENNOI OTVETSTVENNOSTYU NORILSKI OBESPECHIVAYUSHCHI KOMPLEKS	RUSSIA-EO14024
OBSHCHESTVO S OGRANICHENNOI OTVETSTVENNOSTYU PECHENGSKOE STROITELNOE OBEDINENIE	RUSSIA-EO14024
OBSHCHESTVO S OGRANICHENNOI OTVETSTVENNOSTYU ZAPOLYARNAYA STROITELNAYA KOMPANIYA	RUSSIA-EO14024
OBSHCHESTVO S OGRANICHENNOI OTVETSTVENNOSTYU VOSTOKGEOLOGIYA	RUSSIA-EO14024
LIMITED LIABILITY COMPANY NORNIKEL TECHNICAL SERVICES	RUSSIA-EO14024
OBSHCHESTVO S OGRANICHENNOI OTVETSTVENNOSTYU INSTITUT GIPRONIKEL	RUSSIA-EO14024
OBSHCHESTVO S OGRANICHENNOI OTVETSTVENNOSTYU NN DEVELOPMENT	RUSSIA-EO14024
LIMITED LIABILITY COMPANY NORNICKEL SPUTNIK	RUSSIA-EO14024
LIMITED LIABILITY COMPANY NORNICKEL SFERA	RUSSIA-EO14024
OOO SOFT PLYUS	RUSSIA-EO14024
CLOUDRUN LLC	RUSSIA-EO14024
KIBER SERVIS, OOO	RUSSIA-EO14024
DIDZHITAL SEKYURITI SERVISIS, OOO	RUSSIA-EO14024
DIDZHITAL KOMPLAENS, OOO	RUSSIA-EO14024
MACHINE LEARNING LAB S.R.O.	RUSSIA-EO14024
KAMBO, Taranjeet	RUSSIA-EO14024
EVDOKIMOV, Dmitriy	RUSSIA-EO14024
CHASTUHIN, Dmitriy	RUSSIA-EO14024
KLIMINA, Yevgeniya	RUSSIA-EO14024
MEDVEDOVSKY, Ilya	RUSSIA-EO14024
LIMITED LIABILITY COMPANY BASEALT	RUSSIA-EO14024
SERENITY CYBER SECURITY LIMITED LIABILITY COMPANY	RUSSIA-EO14024
AKTSIONERNOE OBSHCHESTVO NORILSKI GORNO METALLURGICHESKI KOMBINAT IM AP ZAVENYAGINA	RUSSIA-EO14024
OBSHCHESTVO S OGRANICHENNOI OTVETSTVENNOSTYU AP INVEST	RUSSIA-EO14024
OBSHCHESTVO S OGRANICHENNOI OTVETSTVENNOSTYU NORILSKI PROMYSHLENNY TRANSPORT	RUSSIA-EO14024
AKTSIONERNOE OBSHCHESTVO TAIMYRSKAYA TOPLIVNAYA KOMPANIYA	RUSSIA-EO14024
LIMITED LIABILITY COMPANY GRK BYSTRINSKOE	RUSSIA-EO14024
AKTSIONERNOE OBSHCHESTVO NORILSK AVIA	RUSSIA-EO14024
OOO RUCHSERVOMOTOR	BELARUS-EO14038
INTERASIA TRADING GROUP LIMITED	RUSSIA-EO14024
REUTOV, Igor Aleksandrovich	RUSSIA-EO14024
FREE SKY SOLUTIONS OU	RUSSIA-EO14024
AERIALIA	RUSSIA-EO14024
ZHARSKI, Aliaksandr Uladzimiravich	BELARUS-EO14038
TAHA SAVUNMA SANAYI VE TICARET ANONIM SIRKETI	RUSSIA-EO14024
TAHIRBEYOGLU, Hayri	RUSSIA-EO14024
GABITOV, Marat Khanbalevich	RUSSIA-EO14024
KB UNMANNED HELICOPTERS LLC	BELARUS-EO14038
CHUDAKOV, Vladimir Vladimirovich	BELARUS-EO14038
JOINT STOCK COMPANY PLANT LEGMASH	BELARUS-EO14038
PAVLENKO, Vladislav Nikolaevich	BELARUS-EO14038
VLATE LOGISTIK LLC	BELARUS-EO14038
RUZEKSPEDITSIYA LLC	BELARUS-EO14038
GERASIM, Oleg Romualdovich	BELARUS-EO14038
PETROV, Oleg Vladimirovich	BELARUS-EO14038
BARABANOV, Oleg Fedorovich	BELARUS-EO14038
ZAMULEVICH, Dmitriy Mikhailovich	BELARUS-EO14038
ARKADIEV, Vladimir Mikhailovich	BELARUS-EO14038
KROKHOTIN, Evgeniy Yurievich	BELARUS-EO14038
AVIAKOMPANIYA RADA LLC	RUSSIA-EO14024] [BELARUS-EO14038
AVIAKOMPANIYA BELKANTO LLC	BELARUS-EO14038
UE RUBISTAR	RUSSIA-EO14024] [BELARUS-EO14038
SIDARUK, Siarhei Mikalaevich	BELARUS-EO14038
LLC LABORATORY OF ADDITIVE TECHNOLOGIES	BELARUS-EO14038
LLC ALYURTEKH	BELARUS-EO14038
ALC DISKOMS	BELARUS-EO14038
LLC MOT	BELARUS-EO14038
LLC GROSVER GRUP	BELARUS-EO14038
LIMITED LIABILITY COMPANY TOCHNAYA MEKHANIKA	BELARUS-EO14038
CHIVEL, Yuri Aleksandrovich	BELARUS-EO14038
YAVORSKI, Aleksey Nikolaevich	BELARUS-EO14038
DIMENSHTEIN, Arkady Samuilovich	BELARUS-EO14038
SAVRUK, Viktoriya Orestovna	BELARUS-EO14038
KASTSIANOK, Siarhei Uladzimiravich	BELARUS-EO14038
LESCHANKA, Aliaksandr Mikalayevich	BELARUS-EO14038
ISHCHENKO, Dmitry Olegovich	RUSSIA-EO14024] [BELARUS-EO14038
NAREIKO, Ivan Nikolaevich	RUSSIA-EO14024] [BELARUS-EO14038
MIKHOLAP, Evgeniy Ivanovich	RUSSIA-EO14024] [BELARUS-EO14038
JOINT STOCK COMPANY ZAVOLZHSKY CRAWLER VEHICLE PLANT	RUSSIA-EO14024
DESIGN BUREAU OF CHEMICAL MACHINE BUILDING KBKHM	RUSSIA-EO14024
FEDERAL STATE ENTERPRISE AMUR CARTRIDGE PLANT VYMPEL	RUSSIA-EO14024
MILITARY ENGINEERING CENTRE LIMITED LIABILITY COMPANY	RUSSIA-EO14024
OPEN JOINT STOCK COMPANY ROGACHEVSKY ZAVOD DIAPROEKTOR	RUSSIA-EO14024
JOINT STOCK COMPANY 41 CENTRAL PLANT OF THE RAILWAY TECHNOLOGY	RUSSIA-EO14024
KUZMENKO, Igor Vladimirovich	RUSSIA-EO14024
JOINT STOCK COMPANY STRATIM	RUSSIA-EO14024
JOINT STOCK COMPANY SCIENTIFIC PRODUCTION ENTERPRISE SALYUT	RUSSIA-EO14024
ISAYKIN, Alexey Ivanovich	RUSSIA-EO14024
FEDERALNOE KAZENNOE PREDPRIIATIE AVANGARD	RUSSIA-EO14024
FEDERALNOE KAZENNOE PREDPRIIATIE GOSUDARSTVENNYI NAUCHNO ISSLEDOVATELSKII INSTITUT KHIMICHESKIKH PRODUKTOV	RUSSIA-EO14024
DYACHKOV, Sergey Adolfovich	RUSSIA-EO14024
TITOVA, Elena Vladimirovna	RUSSIA-EO14024
FILIPPOV, Gennady Anatolievich	RUSSIA-EO14024
GABRIEL, Valery Alexandrovich	RUSSIA-EO14024
LAVRENTIEV, Anton Konstantinovich	RUSSIA-EO14024
STATE SCIENTIFIC AND PRODUCTION ASSOCIATION OF POWDER METALLURGY	RUSSIA-EO14024
ZINUROV, Vildan Khanifovich	RUSSIA-EO14024
JOINT STOCK COMPANY EKA	RUSSIA-EO14024
JOINT STOCK COMPANY SCIENTIFIC PRODUCTION ASSOCIATION ORION	RUSSIA-EO14024
FEDERAL AUTONOMOUS ENTERPRISE THE CENTRAL AEROHYDRODYNAMIC INSTITUTE NAMED AFTER PROFESSOR NE ZHUKOVSKY	RUSSIA-EO14024
SYPALO, Kirill Ivanovich	RUSSIA-EO14024
JOINT STOCK COMPANY RESEARCH AND PRODUCTION SPACE CENTRE PROGRESS	RUSSIA-EO14024
BARANOV, Dmitrii Aleksandrovich	RUSSIA-EO14024
RUSSIAN ACADEMY OF SCIENCES SIBERIAN BRANCH KHRISTIANOVICH INSTITUTE OF THEORETICAL AND APPLIED MECHANICS	RUSSIA-EO14024
JOINT STOCK COMPANY ELECTRONIC COMPANY ELKUS	RUSSIA-EO14024
SHKLIANIK, Sergei Ivanovich	RUSSIA-EO14024
SOROKIN, Dmitrii Sergeevich	RUSSIA-EO14024
OBSHCHESTVO S OGRANICHENNOI OTVETSTVENNOSTIU REINOLDS	RUSSIA-EO14024
REINOLDS INZHINIRING	RUSSIA-EO14024
GUZEY, Vladislav Faridovich	RUSSIA-EO14024
CHERBOV, Gleb Sergeyevich	RUSSIA-EO14024
GUSEV, Nikita Vladimirovich	RUSSIA-EO14024
STRATIM LIMITED LIABILITY COMPANY	RUSSIA-EO14024
JOINT STOCK COMPANY RESEARCH PRODUCTION ENTERPRISE KVANT	RUSSIA-EO14024
LIMITED LIABILITY COMPANY VOLGA DNEPR AIRLINES	UKRAINE-EO13662] [RUSSIA-EO14024
AKSENOV, Igor Borisovich	RUSSIA-EO14024
LIMITED LIABILITY COMPANY VOLGA DNEPR MOSCOW	RUSSIA-EO14024
JOINT STOCK COMPANY STRATIM TECH	RUSSIA-EO14024
ATRAN LIMITED LIABILITY COMPANY	RUSSIA-EO14024
JOINT STOCK COMPANY GEOFIZICA COSMOS	RUSSIA-EO14024
AIRBRIDGECARGO AIRLINES LIMITED LIABILITY COMPANY	RUSSIA-EO14024
KOROBKO, Nikolai Alekseevich	RUSSIA-EO14024
OBSHCHESTVO S OGRANICHENNOI OTVETSTVENNOSTIU NORGAU RUSSLAND	RUSSIA-EO14024
CHIP EXPERT LIMITED LIABILITY COMPANY	RUSSIA-EO14024
ISTOK ENGINEERING AND CONSTRUCTION JOINT STOCK COMPANY	RUSSIA-EO14024
ILYUSHCHENKO, Aleksandr Fedorovich	RUSSIA-EO14024
GREDSTONE PTE LTD	RUSSIA-EO14024
KHVOSHCH, Sergei Timofeevich	RUSSIA-EO14024
LIMITED LIABILITY COMPANY RESEARCH AND DEVELOPMENT CENTER ECOPROMSERTIFIKA	RUSSIA-EO14024
JOINT STOCK COMPANY OKTAVA	RUSSIA-EO14024
K A VOLODIN INSTRUMENT ENGINEERING PLANT FEDERAL STATE UNITARY ENTERPRISE	RUSSIA-EO14024
KALININ, Aleksandr Olegovich	RUSSIA-EO14024
BELOBROV, Vladislav Vladimirovich	RUSSIA-EO14024
JOINT STOCK COMPANY RESEARCH INSTITUTE FOR AUTOMATED APPARATUS NAMED AFTER ACADEMICIAN V S SEMENIKHIN	RUSSIA-EO14024
WHITESTONE BILISM TIC VE SANAYI LTD STI	RUSSIA-EO14024
ZGHEIB, Ali Nayef	SDGT
SFOGLIETTI, Giulio	RUSSIA-EO14024
INDUSTRIAL TECHNOLOGIES GROUP FRANCE	RUSSIA-EO14024
S M S TELECOM FZCO	RUSSIA-EO14024
WHITE FOX SHIP MANAGEMENT FZCO	RUSSIA-EO14024
LIMITED LIABILITY COMPANY YATEK LOGISTIKA	RUSSIA-EO14024
PUBLIC JOINT STOCK COMPANY YAKUTSKAYA TOPLIVNO ENERGETICHESKAYA KOMPANIYA	RUSSIA-EO14024
LIMITED LIABILITY COMPANY MTM PROIZVODSTVO	RUSSIA-EO14024
YIWU WEISHUO IMPORT AND EXPORT CO LTD	RUSSIA-EO14024
LIMITED LIABILITY COMPANY KLER END KLARTE	RUSSIA-EO14024
LIMITED LIABILITY COMPANY YATEK INVEST	RUSSIA-EO14024
BELOUSOV, Pavel Andreyevich	RUSSIA-EO14024
LIMITED LIABILITY COMPANY VOSTOCHNO SIBIRSKAYA KOMPANIYA	RUSSIA-EO14024
BELOUSOVA, Yevgeniya Alekseyevna	RUSSIA-EO14024
LIMITED LIABILITY COMPANY MAIGEOPROM	RUSSIA-EO14024
LIMITED LIABILITY COMPANY MINT	RUSSIA-EO14024
LIMITED LIABILITY COMPANY KATRADE	RUSSIA-EO14024
JOINT STOCK COMPANY HOLDINGOVAYA KOMPANIYA SDS UGOL	RUSSIA-EO14024
JOINT STOCK COMPANY RAZREZ SHESTAKI	RUSSIA-EO14024
LIMITED LIABILITY COMPANY QUANTUM	RUSSIA-EO14024
LIMITED LIABILITY COMPANY SHAKHTOUPRAVLENIYE MAISKOYE	RUSSIA-EO14024
LIMITED LIABILITY COMPANY STOTECHNO	RUSSIA-EO14024
SALVADORI, Fulvio	RUSSIA-EO14024
LIMITED LIABILITY COMPANY SPETSPROEKT 2	RUSSIA-EO14024
JOINT STOCK COMPANY CHERNIGOVETS	RUSSIA-EO14024
LIMITED LIABILITY COMPANY COMBIT	RUSSIA-EO14024
LIMITED LIABILITY COMPANY SHAKHTA N 12	RUSSIA-EO14024
NORTH SKY	RUSSIA-EO14024
META CNC SANAYI VE TICARET LIMITED SIRKETI	RUSSIA-EO14024
LIMITED LIABILITY COMPANY UPRAVLYAYUSHCHAYA KOMPANIYA MECHEL MAINING	RUSSIA-EO14024
NORTH AIR	RUSSIA-EO14024
OPEN JOINT STOCK COMPANY GUBAKHINSKIY KOKS	RUSSIA-EO14024
NORTH MOUNTAIN	RUSSIA-EO14024
JOINT STOCK COMPANY SALEK	RUSSIA-EO14024
NORTH WAY	RUSSIA-EO14024
LIMITED LIABILITY COMPANY SHAKHTA LISTVYAZHNAYA	RUSSIA-EO14024
LIMITED LIABILITY COMPANY CHELYABINSKIY ZAVOD PO PROIZVODSTVU KOKSOKHIMICHESKOY PRODUKTSII	RUSSIA-EO14024
LIMITED LIABILITY COMPANY LIQUIFIED NATURAL GAS YAKUTIA	RUSSIA-EO14024
LIMITED LIABILITY COMPANY KAPITAL GRUPP	RUSSIA-EO14024
LIMITED LIABILITY COMPANY MECHEL INFORMATSIONNYYE TEKHNOLOGII	RUSSIA-EO14024
ALICE COMPONENTS CO LIMITED	RUSSIA-EO14024
OPEN JOINT STOCK COMPANY MOSKOVSKII YUVELIRNYI ZAVOD	RUSSIA-EO14024
LIMITED LIABILITY COMPANY OBYEDINENIYE POSTAVSHIKOV	RUSSIA-EO14024
JOINT STOCK COMPANY HOLDING COMPANY YAKUTUGOL	RUSSIA-EO14024
LIMITED LIABILITY COMPANY YAKUTSKAYA RUDNAYA KOMPANIYA	RUSSIA-EO14024
LIMITED LIABILITY COMPANY SOL GROUP	RUSSIA-EO14024
JOINT STOCK COMPANY PROIZVODSTVENNOE OBYEDINENIE KRISTALL	RUSSIA-EO14024
LIMITED LIABILITY COMPANY PROTEKTOR	RUSSIA-EO14024
CHENGDU JINGXIN TECHNOLOGY CO LTD	RUSSIA-EO14024
SHENZHEN HUASHUO SEMICONDUCTOR CO LTD	RUSSIA-EO14024
LIMITED LIABILITY COMPANY EKROPROMSTROY	RUSSIA-EO14024
STE SOKAMAR SHIPPING AGENCY	RUSSIA-EO14024
AGU INFORMATION TECHNOLOGY CO LIMITED	RUSSIA-EO14024
RADIOFID SYSTEMS	RUSSIA-EO14024
PUBLIC JOINT STOCK COMPANY KORSHUNOV MINING PLANT	RUSSIA-EO14024
LIMITED LIABILITY COMPANY ENERGETICHESKAYA KOMPANIYA SIBMAINING	RUSSIA-EO14024
TIME ART INTERNATIONAL LIMITED	RUSSIA-EO14024
LIMITED LIABILITY COMPANY SAKHA DOICH DIAMAN	RUSSIA-EO14024
KAYRA ELEKTRONIK LIMITED SIRKETI	RUSSIA-EO14024
PUBLIC JOINT STOCK COMPANY UGOLNAYA KOMPANIYA YUZHNYI KUZBASS	RUSSIA-EO14024
DONGGUAN SHENGYIN CNC EQUIPMENT CO LTD	RUSSIA-EO14024
LIMITED LIABILITY COMPANY TVK	RUSSIA-EO14024
LIMITED LIABILITY COMPANY SP ROMANTIKA	RUSSIA-EO14024
LIMITED LIABILITY COMPANY ASR	RUSSIA-EO14024
JOINT STOCK COMPANY STROISERVIS	RUSSIA-EO14024
GUANGZHOU CHIPHOME INFORMATION TECHNOLOGY LIMITED	RUSSIA-EO14024
LIMITED LIABILITY COMPANY SIBIRSKIY INSTITUT GORNOVO DELA	RUSSIA-EO14024
LIMITED LIABILITY COMPANY BELOVSKII PROMYSHLENNYI ZHELEZNODOROZHNYI TRANSPORT	RUSSIA-EO14024
JOINT STOCK COMPANY GALICHSKII AVTOKRANOVYI ZAVOD	RUSSIA-EO14024
GUROV, Grigoriy Aleksandrovich	RUSSIA-EO14024
LIMITED LIABILITY COMPANY MEZHREGIONSTROY	RUSSIA-EO14024
LIMITED LIABILITY COMPANY BELTRANS	RUSSIA-EO14024
LIMITED LIABILITY COMPANY BRIZANT	RUSSIA-EO14024
SKY WALK COMPANY FZCO	RUSSIA-EO14024
LIMITED LIABILITY COMPANY SERVISNYY TSENTR SDS UGOL	RUSSIA-EO14024
STROYSERVICE TRADING LIMITED	RUSSIA-EO14024
LIMITED LIABILITY COMPANY TORGOVYY DOM SDS TREYD	RUSSIA-EO14024
LIMITED LIABILITY COMPANY URALKRAN	RUSSIA-EO14024
LIMITED LIABILITY COMPANY RAZREZ BEREZOVSKIY	RUSSIA-EO14024
LIMITED LIABILITY COMPANY STROYITELNAYA DNOUGLUBITELNAYA KOMPANIA	RUSSIA-EO14024
LIMITED LIABILITY COMPANY TRADE INDUSTRIAL COMPLEX RZM	RUSSIA-EO14024
LIMITED LIABILITY COMPANY SDS INNOVATSII	RUSSIA-EO14024
LIMITED LIABILITY COMPANY RAZREZ PERMYAKOVSKIY	RUSSIA-EO14024
LIMITED LIABILITY COMPANY MEZHREGIONSTROY RVS	RUSSIA-EO14024
LIMITED LIABILITY COMPANY SOVMESTNOE PREDPRIYATIE BARZASSKOYE TOVARISHTESTVO	RUSSIA-EO14024
JOINT STOCK COMPANY SIBUGOLINVEST	RUSSIA-EO14024
JOINT STOCK COMPANY EXMASH	RUSSIA-EO14024
JOINT STOCK COMPANY MECHEL MAINING	RUSSIA-EO14024
JOINT STOCK COMPANY TECHNOROS	RUSSIA-EO14024
LIMITED LIABILITY COMPANY MEZHREGIONGIDROSTROY	RUSSIA-EO14024
LIMITED LIABILITY COMPANY ITECO KRAN	RUSSIA-EO14024
LIMITED LIABILITY COMPANY REGIONALNYE PROEKTNO STROITELNYE SISTEMY	RUSSIA-EO14024
LIMITED LIABILITY COMPANY MTM PRO	RUSSIA-EO14024
LIMITED LIABILITY COMPANY PROFI GLASS PLUS	RUSSIA-EO14024
CLOSED JOINT STOCK COMPANY SMM	RUSSIA-EO14024
LIMITED LIABILITY COMPANY EPLEKS GRUPP	RUSSIA-EO14024
JOINT STOCK COMPANY OKTOGLASS	RUSSIA-EO14024
ERSHOV, Aleksandr Sergeyevich	RUSSIA-EO14024
LIMITED LIABILITY COMPANY INTERREGIONGASCONSTRUCTION	RUSSIA-EO14024
LIMITED LIABILITY COMPANY SD RUD	RUSSIA-EO14024
LIMITED LIABILITY COMPANY TECHSTROYKOMPLEKS	RUSSIA-EO14024
MEZHREGIONSTROJ OOO MAGYARORSZAGI FIOKTELEPE	RUSSIA-EO14024
LIMITED LIABILITY COMPANY ARMOR ENGINEERING	RUSSIA-EO14024
LIMITED LIABILITY COMPANY POWER OF YAKUTIA	RUSSIA-EO14024
LIMITED LIABILITY COMPANY YAKUTSTROIPROEKT	RUSSIA-EO14024
LIMITED LIABILITY COMPANY MENSOR GRUPP	RUSSIA-EO14024
EXGO INTERNATIONAL FZCO	RUSSIA-EO14024
NOVATEK CHINA HOLDINGS CO LTD	RUSSIA-EO14024
MOLCHANOVA, Anna Stanislavovna	RUSSIA-EO14024
LIMITED LIABILITY COMPANY REMSTAL	RUSSIA-EO14024
COMUS FZCO	RUSSIA-EO14024
COMUS INTERNATIONAL FZCO	RUSSIA-EO14024
WATERFALL ENGINEERING LTD	RUSSIA-EO14024
SHENZHEN SHENCHUANGHUI TECHNOLOGY CO LTD	RUSSIA-EO14024
LETT TRONIC GROUP LIMITED	RUSSIA-EO14024
HWACHENG CO LIMITED	RUSSIA-EO14024
JOINT STOCK COMPANY NAUCHNO ISSLEDOVATELSKII INSTITUT STALI	RUSSIA-EO14024
M STAR INTERNATIONAL TRADING CO LTD	RUSSIA-EO14024
GENERAL TECHNOLOGY GROUP DALIAN MACHINE TOOL IMPORT & EXPORT CO LTD	RUSSIA-EO14024
BEIJING TIMINGTRON CORPORATION	RUSSIA-EO14024
LIMITED LIABILITY COMPANY LEGION KOMPLEKT	RUSSIA-EO14024
LIMITED LIABILITY COMPANY STUDIYA PIKSADZHIO	RUSSIA-EO14024
MARKIN, KIRILL VIKTOROVICH	RUSSIA-EO14024
O G SERVICES FZE LIMITED LIABILITY COMPANY	RUSSIA-EO14024
LIMITED LIABILITY COMPANY RUSTEKH TD	RUSSIA-EO14024
DONGGUAN BINONG TECHNOLOGY CO LTD	RUSSIA-EO14024
RUI EN KOO TECHNOLOGY CO LIMITED	RUSSIA-EO14024
LIMITED LIABILITY COMPANY ELESAR GRUPP	RUSSIA-EO14024
NET SISTEM DANISMANLIK VE EGITIM HIZMETLERI LIMITED SIRKETI	RUSSIA-EO14024
MEDITERRANEAN INTERNATIONAL TRADING DIS TICARET LIMITED SIRKETI	RUSSIA-EO14024
LIMITED LIABILITY COMPANY TU RITEYL	RUSSIA-EO14024
DIGTLWORLD LIMITED LIABILITY COMPANY	RUSSIA-EO14024
OBSHCHESTVO S OGRANICHENNOY OTVETSTVENNOSTYU 1M	RUSSIA-EO14024
LGM PROCESS DIS TICARET LIMITED	RUSSIA-EO14024
CATU TECH LIMITED LIABILITY COMPANY	RUSSIA-EO14024
LIMITED LIABILITY COMPANY AKFORTA	RUSSIA-EO14024
JIANG PING SHIPPING INCORPORATED	RUSSIA-EO14024
CHERNOBAY, DENIS SERGEYEVICH	RUSSIA-EO14024
WORLD VISION FREIGHT SYSTEMS FZE	RUSSIA-EO14024
PEARL LOTUS LIMITED LIABILITY COMPANY	RUSSIA-EO14024
KAI HENG LONG GLOBAL ENERGY LIMITED	SDGT
FENGSHUN	SDGT
VICTORIA	SDGT
LADY LIBERTY	SDGT
PARVATI	SDGT
TEKHEKSPERTIZA, AO	RUSSIA-EO14024
LLC SEMICOR	RUSSIA-EO14024
AL-SAYYID, Muhammad Ibrahim Habib	SDGT
OBEID, Boutros Georges	SDGT
HEAVY OIL DISTRIBUTION COMPANY HODICO S.A.L.	SDGT
TECHNOMAR	RUSSIA-EO14024
IDRONAUT S.R.L.	RUSSIA-EO14024
SHANGHAI OCEANEN ENVIRONMENTAL SCIENCE AND TECHNOLOGY CO., LTD.	RUSSIA-EO14024
GRAZIOTTIN, Flavio	RUSSIA-EO14024
YANG, Liu	RUSSIA-EO14024
SPIRIDONOV, Viktor Georgiyevich	RUSSIA-EO14024
VORONKOV, Alexander Petrovich	RUSSIA-EO14024
HEAVY INDUSTRIAL FUELS SAL HIF	SDGT
HERNANDEZ LAREZ, Johan Alexander	VENEZUELA
EUROPEAN LEBANESE INTERNATIONAL TRADE S.A.R.L. ELIT	SDGT
O.H.G. HOLDING SAL	SDGT
OCEAN SPEEDSTAR SOLUTIONS OPC PRIVATE LIMITED	RUSSIA-EO14024
HEAVY OIL DISTRIBUTION COMPANY HODICO SAL OFFSHORE	SDGT
ALPHA GAS	SDGT
ZARA SHIPHOLDING CO	RUSSIA-EO14024
PIONEER	RUSSIA-EO14024
MARINA	SDGT
ASYA ENERGY	RUSSIA-EO14024
EVEREST ENERGY	RUSSIA-EO14024
ESTRADA PAREDES, Elio Ramon	VENEZUELA
MUNOZ PALACIOS, Miguel Antonio	VENEZUELA
BRITO HERNANDEZ, Asdrubal Jose	VENEZUELA
HERNANDEZ LAREZ, Domingo Antonio	VENEZUELA
RODRIGUEZ RODRIGUEZ, Caryslia Beatriz	VENEZUELA
BITZIOS, Felix	CYBER2
JA'FARABADI, Ali	NPWMD] [IRGC] [IFSR
KARAOLI, Panagiota	CYBER2
ARTEMIOU, Artemis	CYBER2
ALIADA GROUP, INC.	CYBER2
INTEGRITY TECHNOLOGY GROUP, INCORPORATED	CYBER2
AUTONOMOUS NON-PROFIT ORGANIZATION DIALOG REGIONS	RUSSIA-EO14024
JALILI, Masoud	IRGC] [IFSR] [ELECTION-EO13848
CASTELLANOS MEZA, Roberto	ILLICIT-DRUGS-EO14059
CASTANEDA MEZA, Giovanni	ILLICIT-DRUGS-EO14059
CASTANEDA MEZA, Ivan Atzayacatl	ILLICIT-DRUGS-EO14059
CASTANEDA MEZA, Juan Carlos	ILLICIT-DRUGS-EO14059
AMAD BEHINEH SAZ ENGINEERING COMPANY	SDGT] [IRGC] [IFSR
TALIEH SABZ JEHAN GROUP COMPANY	SDGT] [IRGC] [IFSR
SANJESH GOSTAR DANA ENGINEERING AND QUALITY CONTROL INSPECTION COMPANY	SDGT] [IRGC] [IFSR
MAHDAVIAN, Ali	ELECTION-EO13848
SADEGHI, Fatemeh	ELECTION-EO13848
YAZDI, Elaheh	ELECTION-EO13848
RAHIMI HAJJIABADI, Sayyed Mehdi	ELECTION-EO13848
ABDOLRAHIMI, Mohammad Hosein	ELECTION-EO13848
ASKARIZADEH, Rahmatollah	ELECTION-EO13848
BARAKALLAH, Abdel Rahman Joma'a	SUDAN-EO14098
GARASHCHENKO, Aleksey Alekseyevich	RUSSIA-EO14024
YERMOSHKINA, Anastasiya Igorevna	RUSSIA-EO14024
NEZHENTSEV, Aleksandr Vitalyevich	RUSSIA-EO14024
SIMONYAN, Margarita Simonovna	RUSSIA-EO14024
BRODSKAIA, Elizaveta Yuryevna	RUSSIA-EO14024
KIYASHKO, Andrey Vladimirovich	RUSSIA-EO14024
ANISIMOV, Anton Sergeevich	RUSSIA-EO14024
AFANASYEVA, Elena Mikhaylovna	RUSSIA-EO14024
KALASHNIKOV, Konstantin Sergeyevich	RUSSIA-EO14024
BORIS KUSTODIEV	RUSSIA-EO14024
PORT OLYA-4	RUSSIA-EO14024
PORT OLYA-3	RUSSIA-EO14024
KOMPOZITOR RAKHMANINOV	RUSSIA-EO14024
LY, Yong Phat	GLOMAG
EFTEKHARI, Sayyed Hosein Majid Musavi	NPWMD] [IRGC] [IFSR] [IRAN-CON-ARMS-EO
VAFA WHOLESALE LTD	RUSSIA-EO14024
VAFA	RUSSIA-EO14024
VAFA-1	RUSSIA-EO14024
SEA RIVER SERVICE LIMITED LIABILITY COMPANY	RUSSIA-EO14024
OMSKIY-103	RUSSIA-EO14024
OMSKIY-119	RUSSIA-EO14024
ZAKAMSK	RUSSIA-EO14024
KATEBI, Ruhollah	NPWMD] [IFSR
BAHRAMI, Ebrahim	NPWMD] [IFSR
MARQUEZ CORDERO, Fanny Beatriz	VENEZUELA
KOH KONG RESORT	GLOMAG
NIKULIN, Dmitry Yuryevich	DPRK3] [RUSSIA-EO14024
MRB BANK	DPRK3] [RUSSIA-EO14024
NZENZE, John Imani	DRCONGO
STROYTREYD LLC	DPRK3] [RUSSIA-EO14024
KUBWAYO, Gustave	DRCONGO
TIMER BANK, AO	DPRK3] [RUSSIA-EO14024
AL-KUHLANI, Hasan Ahmad Hasan Muhammad	SDGT
SHENZHEN BOYU IMPORTS AND EXPORTS CO., LTD.	SDGT
SHENZHEN JINGHON ELECTRONICS LIMITED	SDGT
GOTIK SHIPPING CO	RUSSIA-EO14024
PLIO ENERGY CARGO SHIPPING OPC PRIVATE LIMITED	RUSSIA-EO14024
NEW ENERGY	RUSSIA-EO14024
MULAN	RUSSIA-EO14024
YAKUBETS, Viktor Grigoryevich	CYBER2] [RUSSIA-EO14024
RYZHENKOV, Aleksandr Viktorovich	CYBER2
SHCHETININ, Aleksey Yevgenevich	CYBER2
RYZHENKOV, Sergey Viktorovich	CYBER2
RAMAZANOV, Beyat Enverovich	CYBER2
POGODIN, Vadim Gennadievich	CYBER2
BEIJING RESEARCH INSTITUTE OF AUTOMATION FOR MACHINERY INDUSTRY CO. LTD.	NPWMD
CORDOBA QUINTO, Jose Emilson	ILLICIT-DRUGS-EO14059
ALCARAZ MORALES, Wilder de Jesus	ILLICIT-DRUGS-EO14059
CRYPTEX	CYBER2] [RUSSIA-EO14024
PASHAEV, Dzhamaldin Emirmagomedovich	RUSSIA-EO14024
PHNOM PENH HOTEL	GLOMAG
IVANOV, Sergey Sergeevich	RUSSIA-EO14024
BAGHLANI, Mahmud	IRGC] [IRAN-HR
DUENEZ REYES, Luis Ernesto	VENEZUELA
ABDI, Ali	IRAN-HR
FARSANI, Alireza Babaei	IRAN-HR
BRICENO CISNEROS, Edward Miguel	VENEZUELA
KHORRAMDEL, Hamid	IRGC] [IRAN-HR
AZADEH, Ahmad Reza	IRAN-HR
BAZVAND, Mustafa	IRGC] [IRAN-HR
SHAHKOUI, Ali Malek	IRGC] [IRAN-HR
ROSHAN, Gholamreza	IRAN-HR
BEHESHTI RAD, Saeed	IRGC] [IRAN-HR
EP-MEH	SDGT] [IFSR
EP-MMU	SDGT] [IFSR
EP-MJA	SDGT] [IFSR
MORGOSHIA, Konstantine	GLOMAG
MAKHARADZE, Zurab	GLOMAG
KHARAZISHVILI, Zviad	GLOMAG
LAGAZAURI, Mileri	GLOMAG
EP-MJE	SDGT] [IFSR
EP-MEB	SDGT] [IFSR
EP-MJF	SDGT] [IFSR
FEDERAL STATE UNITARY ENTERPRISE INTERNATIONAL INFORMATION AGENCY ROSSIYA SEGODNYA	RUSSIA-EO14024
KISELEV, Dmitry Konstantinovich	RUSSIA-EO14024
AUTONOMOUS NON PROFIT ORGANIZATION TV NOVOSTI	RUSSIA-EO14024
AVTONOMNAYA NEKOMMERCHESKAYA ORGANIZATSIYA SODEYSTVIYA RAZVITIYU MEZHDUNARODNOVO SOTRUDNICHESTVA EVRAZIYA	RUSSIA-EO14024
PARUTENKO, Nelli Alekseyevna	RUSSIA-EO14024
PANJAKI, Yahya Hosseini	IRAN-HR
ZAREIKAJOSANGI, Hamid	IRGC] [IRAN-HR
GHAFFARHADDADI, Javad	IRGC] [IRAN-HR
SOTIS	RUSSIA-EO14024
TELECOM INTEGRATION LIMITED LIABILITY COMPANY	RUSSIA-EO14024
ZAKRYTOE AKTSIONERNOE OBSHCHESTVO MPO ELEKTROMONTAZH	RUSSIA-EO14024
AO NPO ANGSTREM	RUSSIA-EO14024
SOLUCIONES TECNOLOGICAS Y PAQUETERIA TRES, SOCIEDAD ANONIMA DE CAPITAL VARIABLE	ILLICIT-DRUGS-EO14059
BARAKAT, Khaled	SDGT
HANOUN, Muhammad Mahoud Ahmad Awad	SDGT
ASSOCIAZIONE BENEFICA DI SOLIDARIETA CON IL POPOLO PALESTINESE	SDGT
JSC FINVAL ENERGY	RUSSIA-EO14024
NAUCHNO PROIZVODSTVENNOE PREDPRIYATIE IRVIS	RUSSIA-EO14024
ZAVOD GORELTEX CO LTD	RUSSIA-EO14024
KAMSKII KABEL	RUSSIA-EO14024
MOSCOW AVIATION INSTITUTE	RUSSIA-EO14024
STATE UNITARY ENTERPRISE CENTER FOR TECHNICAL DEVELOPMENT AND SERVICES NAMED AFTER P A SUDOPLATOV OF THE MILITARY AND CIVIL ADMINISTRATION OF THE ZAPORIZHZHIA REGION	RUSSIA-EO14024
JOINT STOCK COMPANY YAROSLAVSKY EXPERIMENTAL MACHINES PLANT	RUSSIA-EO14024
FEDERAL STATE BUDGETARY INSTITUTION RUSSIAN ACADEMY OF ROCKET AND ARTILLERY SCIENCES	RUSSIA-EO14024
AUTONOMOUS NON PROFIT ORGANIZATION INSTITUTE FOR TESTING AND CERTIFICATION OF ARMAMENT AND MILITARY MATERIEL	RUSSIA-EO14024
JOINT STOCK COMPANY SCIENTIFIC RESEARCH INSTITUTE OF COMMUNICATION SYSTEMS AND AUTOMATED CONTROL SYSTEMS	RUSSIA-EO14024
JOINT STOCK COMPANY RESEARCH AND PRODUCTION ASSOCIATION VOLNA	RUSSIA-EO14024
RUSSKAYA MEKHANIKA JOINT STOCK COMPANY	RUSSIA-EO14024
ATHREE COMPANY LIMITED	RUSSIA-EO14024
LIMITED LIABILITY COMPANY ASTRON AERO	RUSSIA-EO14024
JOINT STOCK COMPANY INTELLECT MASHINE	RUSSIA-EO14024
OOO NAUCHNO PROIZVODSTVENNOE OBYEDINENIE TSVBP	RUSSIA-EO14024
OOO KONSTRUKTORSKOE BYURO SPEKTR INZHINIRING	RUSSIA-EO14024
LIMITED LIABILITY COMPANY NAUCHNO PROIZVODSTVENNOE OBYEDINENIE KAISANT	RUSSIA-EO14024
LIMITED LIABILITY COMPANY SCIENTIFIC RESEARCH INSTITUTE OF ORGANIC TECHNOLOGIES INORGANIC CHEMISTRY AND BIOTECHNOLOGY	RUSSIA-EO14024
NAUCHNO PROIZVODSTVENNOE PREDPRIYATIE TRIM SSHP IZMERITELNYE SISTEMY	RUSSIA-EO14024
AKTSIONERNOE OBSHCHESTVO TAMBOVSKII ZAVOD OKTYABR	RUSSIA-EO14024
CENTURY OF TECHNOLOGIES HTE COMPANY LIMITED	RUSSIA-EO14024
SOLDREAM SPB LTD	RUSSIA-EO14024
JOINT STOCK COMPANY BERG AB	RUSSIA-EO14024
TECHNOBEARING LIMITED COMPANY	RUSSIA-EO14024
OOO KOLOVRAT	RUSSIA-EO14024
OOO BLM SINERZHI	RUSSIA-EO14024
OOO KRASMK	RUSSIA-EO14024
EMSYSTECH	RUSSIA-EO14024
TD ESKO LIMITED	RUSSIA-EO14024
OBORON HOLDING LLC	RUSSIA-EO14024
KHROMOS ENGINEERING	RUSSIA-EO14024
OOO NAUCHNO PROIZVODSTVENNAYA FIRMA AVEK	RUSSIA-EO14024
AURORATOOLS LIMITED LIABILITY COMPANY	RUSSIA-EO14024
AVTODOM LTD	RUSSIA-EO14024
ASF DEVELOPMENT LIMITED LIABILITY COMPANY	RUSSIA-EO14024
POINTER ELECTRONICS	RUSSIA-EO14024
JOINT STOCK COMPANY EXPERIMENTAL DESIGN AND TECHNOLOGICAL BUREAU VALDAY	RUSSIA-EO14024
VYATKA MACHINE TOOL PLANT LLC	RUSSIA-EO14024
OOO DST URAL	RUSSIA-EO14024
JOINT STOCK COMPANY LASERSERVICE	RUSSIA-EO14024
JOINT STOCK COMPANY AIRCRAFT SERVICE COMPANY	RUSSIA-EO14024
LIMITED LIABILITY COMPANY KRIOGENAVIA NN	RUSSIA-EO14024
JOINT STOCK COMPANY MOSCOW SCIENTIFIC AND PRODUCTION COMPLEX OF AVIONICA O V USPENSKY	RUSSIA-EO14024
JOINT STOCK COMPANY ENGINEERING CENTER IKAR	RUSSIA-EO14024
LIMITED LIABILITY COMPANY AEROMAKS	RUSSIA-EO14024
LIMITED LIABILITY COMPANY PTERO	RUSSIA-EO14024
LIMITED LIABILITY COMPANY KB ATAMANOVA	RUSSIA-EO14024
INNOVIO VENTURES	RUSSIA-EO14024
LIMITED LIABILITY COMPANY JSC UNMANNED TECHNOLOGIES	RUSSIA-EO14024
LIMITED LIABILITY COMPANY UNMANNED TECHNOLOGIES OF MORDOVIA	RUSSIA-EO14024
CENTER FOR UNMANNED SYSTEMS OF THE TULA REGION	RUSSIA-EO14024
LIMITED LIABILITY COMPANY MOLOT AERO	RUSSIA-EO14024
ETS SIBERIA	RUSSIA-EO14024
LIMITED LIABILITY COMPANY HORIZON AERO	RUSSIA-EO14024
LIMITED LIABILITY COMPANY NPO UTESOV	RUSSIA-EO14024
LIMITED LIABILITY COMPANY ELEKTROPROFI	RUSSIA-EO14024
LIMITED LIABILITY COMPANY DELAZIYA	RUSSIA-EO14024
DENVAS SERVICES PRIVATE LIMITED	RUSSIA-EO14024
LIMITED LIABILITY COMPANY KONSTRUKTORSKOE BYURO VALKIRIYA	RUSSIA-EO14024
LIMITED LIABILITY COMPANY NEBESNAYA MEKHANIKA	RUSSIA-EO14024
LIMITED LIABILITY COMPANY RUSSKAYA LABORATORIYA VOZDUSHNOGO TRANSPORTA	RUSSIA-EO14024
METALLOTORGOVAYA KOMPANIYA KRASO	RUSSIA-EO14024
LIMITED LIABILITY COMPANY VOZDUSHNYI TRAKTAT	RUSSIA-EO14024
AREA JOINT STOCK COMPANY	RUSSIA-EO14024
KHUSHBU HONING PRIVATE LIMITED	RUSSIA-EO14024
AGM SYSTEMS LLC	RUSSIA-EO14024
LIMITED LIABILITY COMPANY INZHINIRINGOVYI TSENTR PO OSNASHCHENIYU PROIZVODSTV	RUSSIA-EO14024
LIMITED LIABILITY COMPANY MASHEKS SERVICE	RUSSIA-EO14024
LIMITED LIABILITY COMPANY VEGA OM	RUSSIA-EO14024
LIMITED LIABILITY COMPANY MAPPER	RUSSIA-EO14024
COMPANY LIMITED KOMAX	RUSSIA-EO14024
LIMITED LIABILITY COMPANY OPYTNO KONSTRUKTORSKOE BYURO SOKOL	RUSSIA-EO14024
LIMITED LIABILITY COMPANY MEEHANITE	RUSSIA-EO14024
CLOSED JOINT STOCK COMPANY TESTRON ASSOCIATION	RUSSIA-EO14024
LIMITED LIABILITY COMPANY PK KOMPRESSOR CHLB	RUSSIA-EO14024
SMOLENSKOE PROIZVODSTVENNOE OBYEDINENIE ANALITPRIBOR	RUSSIA-EO14024
LIMITED LIABILITY COMPANY MELYTEC TESTING	RUSSIA-EO14024
LIMITED LIABILITY COMPANY STM	RUSSIA-EO14024
LIMITED LIABILITY COMPANY STROITELNYE I KOMMUNALNYE TEKHNOLOGII	RUSSIA-EO14024
LIMITED LIABILITY COMPANY ADVANTA M SPB	RUSSIA-EO14024
AKTSIONERNOE OBSHCHESTVO STALEPROMYSHLENNAYA KOMPANIYA	RUSSIA-EO14024
LIMITED LIABILITY COMPANY TSK GRANDAVTO	RUSSIA-EO14024
LLC ARSENAL	RUSSIA-EO14024
LIMITED LIABILITY COMPANY MASTER RM	RUSSIA-EO14024
LIMITED LIABILITY COMPANY ENERGO ARSENAL	RUSSIA-EO14024
JST GROUP LIMITED	RUSSIA-EO14024
LIMITED LIABILITY COMPANY REOLGREID SERVICE	RUSSIA-EO14024
LIMITED LIABILITY COMPANY RESEARCH AND PRODUCTION CENTER KROPUS PO	RUSSIA-EO14024
LIMITED LIABILITY COMPANY TM TECH	RUSSIA-EO14024
LIMITED LIABILITY COMPANY TEKHNOLOGIYA RAZVITIYA OTKRYTYKH SISTEM	RUSSIA-EO14024
LLC DELION	RUSSIA-EO14024
LIMITED LIABILITY COMPANY LIONTECH S	RUSSIA-EO14024
JOVE HK LIMITED	RUSSIA-EO14024
ZG OPTIQUE SA	RUSSIA-EO14024
OOO VEKTOR GRUPP	RUSSIA-EO14024
YAZD INTERNATIONAL AIRWAYS COMPANY	SDGT] [IFSR
PROMSVYAZRADIO	RUSSIA-EO14024
ZAO BUDAPHONE LTD	RUSSIA-EO14024
CENTRE CHINOIS DE DEVELOPPEMENT ECONOMIQUE ET COMMERCIAL AU BENIN SARL	RUSSIA-EO14024
GOLDVAST ENTERPRISES COMPANY LIMITED	RUSSIA-EO14024
GUANGZHOU TENGYUE CHEMICAL CO., LTD.	ILLICIT-DRUGS-EO14059
KHOMENKO, Igor Vladimirovich	RUSSIA-EO14024
KHOMENKO, Tatyana Valentinovna	RUSSIA-EO14024
OOO UZSTANEX	RUSSIA-EO14024
STAR OCEAN SHIPMANAGE LTD	SDGT
VICTOR, Prophane	GLOMAG
ETERNAL SUCCESS	SDGT
ETERNAL PEACE	SDGT
ETERNAL 8	SDGT
ELAN, Luckson	GLOMAG
AL-MALLAH, Luay	SDGT
ORYX DENIZCILIK LIMITED SIRKETI	SDGT
CONFIDENCE P	SDGT
DRAGON ROAD LTD	SDGT
TIYARA	SDGT
SERENE I	SDGT
NOVA	SDGT
TAI FENG HAI SHIPPING LIMITED	SDGT
RIVAL	SDGT
FENG TAI	SDGT
MAGHFOORI, Mohammad Mahdi	SDGT] [IFSR
NAVARRO QUEZADA, Luis Alonso	ILLICIT-DRUGS-EO14059
CASTILLO LOPEZ, Jose Adrian	ILLICIT-DRUGS-EO14059
CASTILLO PEINADO, Araceli	ILLICIT-DRUGS-EO14059
CASTRO ALVAREZ, Jose Sinue	ILLICIT-DRUGS-EO14059
ARIAS PONCE, Erandiny Jazmin	ILLICIT-DRUGS-EO14059
INTRACORP COMPANY LIMITED	RUSSIA-EO14024
JAHROMI, Mohammad Reza Moaref	SDGT] [IFSR
HUANG, Zhanpeng	ILLICIT-DRUGS-EO14059
HUANG, Xiaojun	ILLICIT-DRUGS-EO14059
HEIDARI, Reza	SDGT] [IFSR
NAMAKSHENAS, Reza	SDGT] [IFSR
KRIP TEKHNO	RUSSIA-EO14024
STOCK COMPANY MORION INC	RUSSIA-EO14024
JOINT STOCK COMPANY RESEARCH INSTITUTE OF SEMICONDUCTOR DEVICES	RUSSIA-EO14024
FEDERAL STATE BUDGETARY INSTITUTION OF SCIENCE INSTITUTE OF PROBLEMS OF MECHANICS NAMED AFTER A YU ISHLINSKY RUSSIAN ACADEMY OF SCIENCES	RUSSIA-EO14024
LAVRENTYEV INSTITUTE OF HYDRODYNAMICS OF SIBERIAN BRANCH OF RUSSIAN ACADEMY OF SCIENCES	RUSSIA-EO14024
JSC CSPA LENINETZ	RUSSIA-EO14024
LIMITED LIABILITY COMPANY EMT	RUSSIA-EO14024
JSC MODELING AND DIGITAL DOUBLES	RUSSIA-EO14024
INSTITUTE FOR SYSTEM PROGRAMMING OF THE RUSSIAN ACADEMY OF SCIENCES	RUSSIA-EO14024
INSTITUTE FOR INFORMATION TRANSMISSION PROBLEMS OF THE RUSSIAN ACADEMY OF SCIENCES	RUSSIA-EO14024
V A TRAPEZNIKOV INSTITUTE OF CONTROL SCIENCES OF RUSSIAN ACADEMY OF SCIENCES	RUSSIA-EO14024
LIMITED LIABILITY COMPANY AFM SERVERS	RUSSIA-EO14024
LIMITED LIABILITY COMPANY ORGANIC AND PRINTED ELECTRONICS TECHNOLOGIES	RUSSIA-EO14024
LIMITED LIABILITY COMPANY TEKHSPETSKOMPLEKT	RUSSIA-EO14024
JOINT STOCK COMPANY SCIENCE AND PRODUCTION ENTERPRISE AIR AND MARINE ELECTRONICS	RUSSIA-EO14024
OOO FABRIKON	RUSSIA-EO14024
LIMITED LIABILITY COMPANY AXALIT LAB	RUSSIA-EO14024
LIMITED LIABILITY COMPANY AXALIT SOFT	RUSSIA-EO14024
OPYTNO KONSTRUKTORSKOE BYURO PRIBOR	RUSSIA-EO14024
LLC SINTO	RUSSIA-EO14024
TEKHNOMAKS KRASNOYARSK	RUSSIA-EO14024
ENERGOTEST LLC	RUSSIA-EO14024
IPC2U LLC	RUSSIA-EO14024
GIGANT COMPUTER SYSTEMS LLC	RUSSIA-EO14024
LLC INTERRESURS	RUSSIA-EO14024
AO CHIP I DIP	RUSSIA-EO14024
MIG ELEKTRO	RUSSIA-EO14024
LIMITED LIABILITY COMPANY NTC ARSENAL	RUSSIA-EO14024
BASTION EK	RUSSIA-EO14024
VOLTAG LLC	RUSSIA-EO14024
AUTONOMOUS NON PROFIT ORGANIZATION INSTITUTE OF ENGINEERING PHYSICS	RUSSIA-EO14024
NAUCHNO PROIZVODSTVENNOE OBYEDINENIE PROGRAMMNYE KOMPLEKSY REALNOGO VREMENI	RUSSIA-EO14024
JOINT STOCK COMPANY PRIBORY SERVICE TORGOVLYA	RUSSIA-EO14024
ENERGON	RUSSIA-EO14024
LLC GRANT INSTRUMENT	RUSSIA-EO14024
CRESTA LOJISTIK ITHALAT IHRACAT TICARET SIRKETI	RUSSIA-EO14024
ABLEFAST LOGISTICS SHENZHEN LIMITED	RUSSIA-EO14024
RICHTEK HONGKONG ELECTRONIC CO LIMITED	RUSSIA-EO14024
HK LINK ASIA ELECTRONICS LIMITED	RUSSIA-EO14024
3K GROUP LIMITED	RUSSIA-EO14024
SHENZHEN ONE WORLD INTERNATIONAL LOGISTICS CO LTD	RUSSIA-EO14024
SHENZHEN A TECHNOLOGY CO LTD	RUSSIA-EO14024
GROUP YEOH LIMITED	RUSSIA-EO14024
SUNSHINE LOGISTICS SHENZHEN CO LTD	RUSSIA-EO14024
SHANGHAI ZHANJIA TRADING CO LTD	RUSSIA-EO14024
ROFO TRADING CO LTD	RUSSIA-EO14024
ELMAK	RUSSIA-EO14024
CELIK, Ozgur Hasan	RUSSIA-EO14024
AUSPICIOUS SUN LIMITED	RUSSIA-EO14024
KAZSTANEX	RUSSIA-EO14024
CARGO LINKEDIN INTERNATIONAL LIMITED	RUSSIA-EO14024
SHANGHAI WINSON IMP AND EXP CO LTD	RUSSIA-EO14024
FK HK LIMITED	RUSSIA-EO14024
DRUSTVO SA OGRANICENOM ODGOVORNOSCU INTERNATIONAL BUSINESS CORPORATION BAR	RUSSIA-EO14024
HONG KONG QISU ELECTRONIC TECHNOLOGY CO LIMITED	RUSSIA-EO14024
MINHOO LOGISTICS LIMITED	RUSSIA-EO14024
HONESTWIN TECHNOLOGY CO LIMITED	RUSSIA-EO14024
BEYOND CENTER LIMITED	RUSSIA-EO14024
CHIPGOO ELECTRONICS LIMITED	RUSSIA-EO14024
ACS SYSTEMS LIMITED	RUSSIA-EO14024
BHOOMI HK LIMITED	RUSSIA-EO14024
ELE TECHNOLOGY CO LTD	RUSSIA-EO14024
JIAXING YONGCHI MECHANICAL AND ELECTRICAL CO LTD	RUSSIA-EO14024
EK IMPORT	RUSSIA-EO14024
KALININ, Alexander Vladimirovich	RUSSIA-EO14024
ALBAYRAK, Ahmet Furgan	RUSSIA-EO14024
CONTOGURIS, Petros Nikolaos	RUSSIA-EO14024
SANLITUN YATIRIM DIS TICARET LIMITED SIRKETI	RUSSIA-EO14024
AL ANSSARI, Ali Mohammed Ghulam Hussein	SDGT] [IFSR
AL BAIDHANI, Ali Meften Khafeef	SDGT] [IFSR
AL BAIDHANI, Aqeel Meften Khafeef	SDGT] [IFSR
LLC AM LOGISTICS	RUSSIA-EO14024
GUREYEV, Aleksey Viktorovich	RUSSIA-EO14024
KLEMENTYEV, Mikhail Alekseyevich	RUSSIA-EO14024
GNO INVESTMENT LTD OOD	RUSSIA-EO14024
SLD LOJISTIK LC VE DIS TICARET LIMITED SIRKETI	RUSSIA-EO14024
SHACHENOK, Daria Aleksandrovna	RUSSIA-EO14024
PNEVMORESURS LLC	RUSSIA-EO14024
AKTSIONERNOE OBSHCHESTVO AKUSTICHESKI INSTITUT IMENI AKADEMIKA NN ANDREEVA	RUSSIA-EO14024
LIMITED LIABILITY COMPANY RESEARCH INSTITUTION ISON ORBITAL DYNAMICS	RUSSIA-EO14024
GEMINI MARINE LIMITED	SDGT] [IFSR
IZUMO	SDGT] [IFSR
FRUNZE	SDGT] [IFSR
MOLOTOV, Stanislav Igorevich	RUSSIA-EO14024
MIREX BG LTD OOD	RUSSIA-EO14024
NEW WAY GROUP GLOBAL DANISMANLIK TICARET LIMITED SIRKETI	RUSSIA-EO14024
MIREX HAVACILIK VE SAVUNMA SANAYI TICARET ANONIM SERKETI	RUSSIA-EO14024
PNEVMORESURS	RUSSIA-EO14024
ARMALIT JOINT STOCK COMPANY	RUSSIA-EO14024
TOS VARNSDORF RUS CO LTD	RUSSIA-EO14024
GIT SISTEMS	RUSSIA-EO14024
JOINT STOCK COMPANY CORDIANT	RUSSIA-EO14024
AKTSIONERNOE OBSHCHESTVO KAZANSKII ZAVOD SINTETICHESKOGO KAUCHUKA	RUSSIA-EO14024
MAGNITOGORSKII ELEKTRODNYI ZAVOD	RUSSIA-EO14024
AO NPP ZVEZDA	RUSSIA-EO14024
JSC FAB RASSVET	RUSSIA-EO14024
RESTART LIMITED LIABILITY COMPANY	RUSSIA-EO14024
SAINT PETERSBURGS AVIATION REPAIR COMPANY ZAO	RUSSIA-EO14024
SPETS PROZHEKT GRUPP	RUSSIA-EO14024
OTKRYTOE AKTSIONERNOE OBSHCHESTVO ELEKTROMASHINOSTROITELNYI ZAVOD VELKONT	RUSSIA-EO14024
AO VOLZHSKII DIZEL IMENI MAMINYKH	RUSSIA-EO14024
STD RADIKS OOO	RUSSIA-EO14024
NEW TECHNOLOGIES	RUSSIA-EO14024
SHPINNER	RUSSIA-EO14024
DELCO, Fabio Libero	RUSSIA-EO14024
BAUMGARTNER, Andres Paul	RUSSIA-EO14024
REYES RIVERO, Luis Gerardo	VENEZUELA
BRK ULUSLARARASI NAKLIYAT VE TICARET LIMITED SIRKETI	RUSSIA-EO14024
BP DIS TICARET VE DANISMANLIK LIMITED SIRKETI	RUSSIA-EO14024
SINERJI ENDUSTRIYEL EKIPMAN VE INSAAT MALZEMELERI DIS TICARET LIMITED SIRKETI	RUSSIA-EO14024
MUSA, Algoney Hamdan Daglo	SUDAN-EO14098
DERECTTOR COMPANY LIMITED	IRAN-EO13846
CATHAY HARVEST MARINE LTD	IRAN-EO13846
CRYSTAL ROSE	IRAN-EO13846
LUNA PRIME	IRAN-EO13846
CARINA	IRAN-EO13846
ELZA SHIPPING SA	IRAN-EO13846
TOOL COMPANY GUT LIMITED LIABILITY COMPANY	RUSSIA-EO14024
ELZA	IRAN-EO13846
LIMITED LIABILITY COMPANY MOBULA	RUSSIA-EO14024
SALVIA	IRAN-EO13846
CARNATIC	IRAN-EO13846
ATWI, Silvana	SDGT
DAVINA SHIPPING INC	IRAN-EO13846
DIAMANTE TANKERS INCORPORATED	IRAN-EO13846
SATINA	IRAN-EO13846
AVENTUS I	IRAN-EO13846
DELNAZ SHIP MANAGEMENT SDN BHD	IRAN-EO13846
GHAFFAR, Haidar Houssam Al-Din Abdul	SDGT
RITA SHIPPING INC	IRAN-EO13846
DIMITRA II	IRAN-EO13846
DAVINA	IRAN-EO13846
SPIRIT OF CASPER	IRAN-EO13846
TYCHE I	IRAN-EO13846
HARRY VICTOR SHIP MANAGEMENT AND OPERATION L.L.C	IRAN-EO13846
CROSS OCEAN	IRAN-EO13846
GOODWIN	IRAN-EO13846
ANHONA	IRAN-EO13846
WEN YAO	IRAN-EO13846
STRONG ROOTS PROVIDER NV	IRAN-EO13846
ELIT LIMITED LIABILITY COMPANY	RUSSIA-EO14024
BERG 1	IRAN-EO13846
GLAZING FUTURE MANAGEMENT NV	IRAN-EO13846
VORAS	IRAN-EO13846
GLOBAL TRADELINE SARL	SDGT
ENGEN MANAGEMENT NV	IRAN-EO13846
INTELLEKT TELEKOM LIMITED LIABILITY COMPANY	RUSSIA-EO14024
GABBARO SHIP SERVICES PVT LTD	IRAN-EO13846
HORNET	IRAN-EO13846
ALYA MARINE SENDIRIAN BERHAD	IRAN-EO13846
AVIEK LIMITED LIABILITY COMPANY	RUSSIA-EO14024
SHANAYE QUEEN	IRAN-EO13846
KSIAN LIMITED LIABILITY COMPANY	RUSSIA-EO14024
LIBAN OUI SARL	SDGT
CAROL	IRAN-EO13846
UNITED SONS	SDGT
CELIA ARMAS LTD	IRAN-EO13846
HAMADI, Houssam Hasan	SDGT
EKVIK LIMITED LIABILITY COMPANY	RUSSIA-EO14024
OCTANS	IRAN-EO13846
LIMITED LIABILITY COMPANY BAIKAL TRADING COMPANY	RUSSIA-EO14024
GM FARM	SDGT
SEVERNYI VETER - TB LIMITED LIABILITY COMPANY	RUSSIA-EO14024
LIMITED LIABILITY COMPANY CNC VOLGA	RUSSIA-EO14024
MATHEUS MELENDEZ, Alberto Alexander	VENEZUELA
VILLAMIZAR GOMEZ, Jesus Rafael	VENEZUELA
ABHAR TECHNOLOGIES AND SERVICES PRIVATE LIMITED	RUSSIA-EO14024
KDG ENGINEERING PRIVATE LIMITED	RUSSIA-EO14024
ORBIT FINTRADE LLP	RUSSIA-EO14024
SHARPLINE AUTOMATION PRIVATE LIMITED	RUSSIA-EO14024
SHREEGEE IMPEX PRIVATE LIMITED	RUSSIA-EO14024
NANCHANG KUDOS IMPORT AND EXPORT COMPANY LIMITED	RUSSIA-EO14024
TSEZAR GROUP COMPANY LIMITED	RUSSIA-EO14024
RBW LAB CO LTD	RUSSIA-EO14024
BENTOZER COMPANY LIMITED	RUSSIA-EO14024
BENGUIAT JIMENEZ, Alberto David	SDGT] [ILLICIT-DRUGS-EO14059
SCATMAN AND HATMAN CORP, S.A.P.I. DE C.V.	SDGT] [ILLICIT-DRUGS-EO14059
PERSONAS UNIDAS HOAS, S.A.P.I. DE C.V.	SDGT] [ILLICIT-DRUGS-EO14059
GRUPO ZIPFEL DE MEXICO S.A. DE C.V.	SDGT] [ILLICIT-DRUGS-EO14059
GRUPO UNTER EMPRESARIAL S.A. DE C.V.	SDGT] [ILLICIT-DRUGS-EO14059
PRODUCTIONS PIPO S. DE R.L. DE C.V.	SDGT] [ILLICIT-DRUGS-EO14059
JOINT STOCK COMPANY 171 SEPARATE DESIGN TECHNOLOGICAL BUREAU	RUSSIA-EO14024
JOINT STOCK COMPANY 18TH NAVY SPECIAL DESIGN AND ENGINEERING OFFICE	RUSSIA-EO14024
JOINT STOCK COMPANY 51 CENTRAL DESIGN TECHNOLOGICAL INSTITUTE SHIP REPAIR	RUSSIA-EO14024
OOO IP NTSVO FOTONIKA	RUSSIA-EO14024
ASTRON OPTO MECHANICAL DESIGN BUREAU	RUSSIA-EO14024
JOINT STOCK COMPANY MAINTENANCE BASE OF AIRCRAFT INSTRUMENTS AND AERODROME EQUIPMENT	RUSSIA-EO14024
JOINT STOCK COMPANY RESEARCH CENTRE VITYAZ	RUSSIA-EO14024
JOINT STOCK COMPANY SPETSTECHNIKA	RUSSIA-EO14024
MOROTACK TIANJIN TECHNOLOGY CO LTD CHINA	RUSSIA-EO14024
UNITED ENGINE CORPORATION PERM ENGINES RESEARCH AND PRODUCTION COMPLEX	RUSSIA-EO14024
ROSATOM DIGITAL SOLUTIONS LIMITED LIABILITY COMPANY	RUSSIA-EO14024
JOINT STOCK COMPANY REMVOORUZHENIE	RUSSIA-EO14024
JOINT STOCK COMPANY 780 NAVIGATION TECHNICAL MEANS REPAIR PLANT	RUSSIA-EO14024
JOINT STOCK COMPANY 103 ARSENAL	RUSSIA-EO14024
DUBEN, Andrei Vladimirovich	RUSSIA-EO14024
JOINT STOCK COMPANY SCIENTIFIC PRODUCTION ENTERPRISE PLANT ISKRA	RUSSIA-EO14024
FOMIN, Alexander Vasilyevich	RUSSIA-EO14024
BULYGA, Andrey Mikhaylovich	RUSSIA-EO14024
JOINT STOCK COMPANY 63 ARSENAL	RUSSIA-EO14024
GOREMYKIN, Viktor Petrovich	RUSSIA-EO14024
TSIVILEVA, Anna Evgenyevna	RUSSIA-EO14024
JOINT STOCK COMPANY 5 ARSENAL	RUSSIA-EO14024
LIMITED LIABILITY COMPANY PRECISION LASER SYSTEMS	RUSSIA-EO14024
JOINT STOCK COMPANY 6 ARSENAL	RUSSIA-EO14024
FRADKOV, Pavel Mikhaylovich	RUSSIA-EO14024
JOINT STOCK COMPANY 261 REPAIR FACTORY OF FUEL FILLING AND TRANSPORTATION	RUSSIA-EO14024
JOINT STOCK COMPANY 78 CENTRAL ENGINEERING BASE	RUSSIA-EO14024
OPEN JOINT STOCK COMPANY 136 CENTRALNAY BAZA PROIZVODSTVA I REMONTA VOORYGENIY I CREDSTV RADIACIONNOI HIMICHESKOI I BIOLOGICHESKOI ZACHITU	RUSSIA-EO14024
AVINEX GLOBAL LIMITED	RUSSIA-EO14024
JOINT STOCK COMPANY SEPARATELY CONSTRUCTOR TECHNOLOGIC OFFICE VEKTOR	RUSSIA-EO14024
LIN, Qing	RUSSIA-EO14024
PENG, Minbo	RUSSIA-EO14024
AIR LEO FZE	RUSSIA-EO14024
AIR LEO M AND E LTD EOOD	RUSSIA-EO14024
FUTREVO	RUSSIA-EO14024
LIMITED LIABILITY COMPANY 4U AIRCRAFT TECHNIK	RUSSIA-EO14024
ASCEND AVIATION INDIA PRIVATE LIMITED	RUSSIA-EO14024
4U AIRCRAFT DESIGN AND ENGINEERING GMBH	RUSSIA-EO14024
SINNO GROUP LIMITED	RUSSIA-EO14024
CHIPS RESOURCES LIMITED	RUSSIA-EO14024
ALLPARTS TRADING CO., LTD.	RUSSIA-EO14024
ZEOLITE MANSFORD SDN BHD	RUSSIA-EO14024
ALIGN TRADING CO., LIMITED	RUSSIA-EO14024
AVTEX SEMICONDUCTOR LIMITED	RUSSIA-EO14024
MAXTRONIC GLOBAL LIMITED	RUSSIA-EO14024
GPZ77 LIMITED LIABILITY COMPANY	RUSSIA-EO14024
MEGACHIPS LIMITED	RUSSIA-EO14024
POLAR BEAR ELECTRONICS CO., LIMITED	RUSSIA-EO14024
SUVARI GLOBAL ENDUSTRIYEL EKIPMANLAR ITHALAT IHRACAT TICARET LIMITED SIRKETI	RUSSIA-EO14024
MAS LOGEX DIS TICARET VE LOJISTIK SANAYI LIMITED SIRKETI	RUSSIA-EO14024
OBSHCHESTVO S OGRANICHENNOI OTVETSTVENNOSTYU PROGRESS	RUSSIA-EO14024
LIMITED LIABILITY COMPANY BS TRADE	RUSSIA-EO14024
CBG TECH DIS TICARET LIMITED SIRKETI	RUSSIA-EO14024
MISHRA, Vivek Kumar	RUSSIA-EO14024
LIMITED LIABILITY COMPANY INTER PODSHIPNIK GROUP	RUSSIA-EO14024
LIMITED LIABILITY COMPANY EVROSEL	RUSSIA-EO14024
APILINE TRADING FZE	RUSSIA-EO14024
KUMAR, Sudhir	RUSSIA-EO14024
GYNTEC CARBON SDN BHD	RUSSIA-EO14024
LIMITED LIABILITY COMPANY POWERCOM RUS	RUSSIA-EO14024
WUHAN HUAZHONG NUMERICAL CONTROL CO LTD	RUSSIA-EO14024
JOINT STOCK COMPANY KOLOMENSKY ZAVOD	RUSSIA-EO14024
LIMITED LIABILITY COMPANY TORGOVYY DOM PPZ	RUSSIA-EO14024
LIPA, Kirill Valerievich	RUSSIA-EO14024
SMART SOLUTIONS LTD	RUSSIA-EO14024
MAXTRUM CAPITAL SDN BHD	RUSSIA-EO14024
SHANGYIYUAN RESOURCES QINGDAO CO LTD	RUSSIA-EO14024
MELIX GLOBAL SDN BHD	RUSSIA-EO14024
KRUPS MM LIMITED LIABILITY COMPANY	RUSSIA-EO14024
TURBOSHAFT FZE	RUSSIA-EO14024
ALTERNATE HAVACILIK SANAYI VE DIS TICARET EGITIM DANISMANLIK LIMITED SIRKETI	RUSSIA-EO14024
TURBOSHAFT DIS TICARET LIMITED SIRKETI	RUSSIA-EO14024
BADR, Timur	RUSSIA-EO14024
ABU RAGUEB GENERAL TRADING LLC	RUSSIA-EO14024
SOLID TARIM INOVASYON ANONIM SIRKETI	RUSSIA-EO14024
MORALABILITY INDUSTRIAL SDN BHD	RUSSIA-EO14024
LLC SERVICE FLY BISHKEK	RUSSIA-EO14024
LIMITED LIABILITY COMPANY GERMES	RUSSIA-EO14024
LIMITED LIABILITY COMPANY TD ELEKTROTEKHMONTAZH	RUSSIA-EO14024
LIMITED LIABILITY COMPANY WAREHOUSE FORESS	RUSSIA-EO14024
MOTO EXPORT DWC LLC	RUSSIA-EO14024
LIMITED LIABILITY COMPANY ELEKTROPANEL	RUSSIA-EO14024
AVAT ENDUSTRIYEL SISTEMLERI IC VE DIS TICARET LIMITED SIRKETI	RUSSIA-EO14024
YAMSHCHIKOV, Artem Mikhailovich	RUSSIA-EO14024
LIMITED LIABILITY COMPANY OPITNO KONSTRUKTORSKOE BUREAU AVIAAVTOMATIKA	RUSSIA-EO14024
PUBLIC JOINT STOCK COMPANY SCIENTIFIC PRODUCTION ENTERPRISE IMPULSE	RUSSIA-EO14024
LIMITED LIABILITY COMPANY TRADING HOUSE VECTOR	RUSSIA-EO14024
ETOP ELECTRONICS HK CO LIMITED	RUSSIA-EO14024
YIWU VORTEX IMPORT AND EXPORT CO LIMITED	RUSSIA-EO14024
ROMERO BOLIVAR, Orlando Ramon	VENEZUELA
FERNANDEZ ALAYON, Jesus Ramon	VENEZUELA
ZHUHAI RAYSHARP TECHNOLOGY CO LTD	RUSSIA-EO14024
V LINK AVIATION MANAGEMENT FZCO	RUSSIA-EO14024
MASK TRANS	RUSSIA-EO14024
BEIJING DYNAMIC POWER CO LIMITED	RUSSIA-EO14024
LIMITED LIABILITY COMPANY VERESK	RUSSIA-EO14024
ROSATOM MICROELECTRONICS JOINT STOCK COMPANY	RUSSIA-EO14024
OBSHCHESTVO S OGRANICHENNOI OTVETSTVENNOSTYU RTK TECHNOLOGIES	RUSSIA-EO14024
AUTO PARTS EAST FZCO	RUSSIA-EO14024
GRANTS PROMOTION SERVICE LIMITED	RUSSIA-EO14024
AO TSIFROVYE PLATFORMY I RESHENIYA UMNOGO GORODA	RUSSIA-EO14024
XH SMART TECH CHINA CO LTD	RUSSIA-EO14024
LIMITED LIABILITY COMPANY FATTURA	RUSSIA-EO14024
ZHEJIANG HEADMAN MACHINERY CO LTD	RUSSIA-EO14024
LIMITED LIABILITY COMPANY INTECHCARD	RUSSIA-EO14024
TMSD GLOBAL PRIVATE LIMITED	RUSSIA-EO14024
WIN KEY LIMITED	RUSSIA-EO14024
LIMITED LIABILITY COMPANY ELEKTRON KOMPONENT	RUSSIA-EO14024
JIANGSU CATOFISH GENERAL ELECTRIC CO LTD	RUSSIA-EO14024
CLF GLOBAL LIMITED	RUSSIA-EO14024
CENTRINA UNITED SDN BHD	RUSSIA-EO14024
DINAMIKA LIMITED LIABILITY COMPANY	RUSSIA-EO14024
LIMITED LIABILITY COMPANY BERG ENGINEERING	RUSSIA-EO14024
LIMITED LIABILITY COMPANY EKSPRESS IMPORT	RUSSIA-EO14024
REKA GRUP DANISMANLIK VE TICARET LIMITED SIRKETI	RUSSIA-EO14024
OZ RULMAN TICARET VE SANAYI LIMITED SIRKETI	RUSSIA-EO14024
LIMITED LIABILITY COMPANY AVIATION ENGINEERING AND SERVICES COMPANY	RUSSIA-EO14024
LIMITED LIABILITY COMPANY EURASIAN TECHNOLOGICAL ALLIANCE	RUSSIA-EO14024
MMP ELECTRONICS COMP CO LTD	RUSSIA-EO14024
LIMITED LIABILITY COMPANY KSP TREID	RUSSIA-EO14024
OBSHCHESTVO S OGRANICHENNOI OTVETSTVENNOSTIU MODUL ELEKTRONIKA	RUSSIA-EO14024
HERRERA DUARTE, Jose Yunior	VENEZUELA
AIGSTER VILLAMIZAR, Carlos Eduardo	VENEZUELA
BALESTRINI JARAMILLO, Angel Daniel	VENEZUELA
LIZANO COLMENTER, Pablo Ernesto	VENEZUELA
ELEKTROPANEL MUHENDISLIK SANAYI VE TICARET LIMITED SIRKETI	RUSSIA-EO14024
TIOSEAL ISI VE IZOLASYON MALZEMELERI SANAYI TICARET LIMITED SIRKETI	RUSSIA-EO14024
RIVERA BASTARDO, Jose Alfredo	VENEZUELA
SANTIAGO SERVIGNA, Ruben	VENEZUELA
ACE ELECTRONIC HK CO., LIMITED	RUSSIA-EO14024
CORONADO MILLAN, Anibal Eduardo	VENEZUELA
MIDAS LIGHTING LIMITED	RUSSIA-EO14024
REDLEPUS VECTOR INDUSTRY SHENZHEN CO LTD	RUSSIA-EO14024
GARCIA ZERPA, Julio Jose	VENEZUELA
LIMITED LIABILITY COMPANY TREYDSTROYTSENTR	RUSSIA-EO14024
CASTILLO BOLLE, William Alfredo	VENEZUELA
CABELLO CONTRERAS, Daniella Desiree	VENEZUELA
MENENDEZ PRIETO, Ricardo Jose	VENEZUELA
NAZARET NANEZ CONTRERAS, Freddy Alfred	VENEZUELA
PEREZ DAVILA, America Valentina	VENEZUELA
POWERMAN INTERNATIONAL PTE LTD	RUSSIA-EO14024
MNR LOJISTIK VE DIS TICARET LIMITED SIRKETI	RUSSIA-EO14024
ICON ENDUSTRI IHRACAT TICARET LIMITED SIRKETI	RUSSIA-EO14024
LIMITED LIABILITY COMPANY PROFISTAIL	RUSSIA-EO14024
LNG ALPHA SHIPPING PTE LTD	RUSSIA-EO14024
KHIUS ULUSLARARASI TICARET VE LOJISTIK ANONIM SIRKETI	RUSSIA-EO14024
NEW TRANSSHIPMENT FZE	RUSSIA-EO14024
LNG BETA SHIPPING PTE LTD	RUSSIA-EO14024
LIMITED LIABILITY COMPANY FASTEIR INTERNESHNL	RUSSIA-EO14024
SERATAN LOJISTIK VE DIS TICARET LIMITED SIRKETI	RUSSIA-EO14024
LNG DELTA SHIPPING PTE LTD	RUSSIA-EO14024
LNG GAMMA SHIPPING PTE LTD	RUSSIA-EO14024
GUCLU GLOBAL LOJISTIK LIMITED SIRKETI	RUSSIA-EO14024
THE ELITE INVESTMENT GROUP MAS'ULIYATI CHEKLANGAN JAMIYAT	RUSSIA-EO14024
AFOX CORPORATION LIMITED	RUSSIA-EO14024
TRADESTORY LLC	RUSSIA-EO14024
SUPERWAVE GROUP LLC	RUSSIA-EO14024
O-SI-ES-TSENTR, OOO	RUSSIA-EO14024
TORNETCOM LLC	RUSSIA-EO14024
VEKTOR, OOO	RUSSIA-EO14024
HAMIDEH, Abdellatif	PAARSSR-EO13894
FALHOUT, Raji	PAARSSR-EO13894
HAMIEH, Khaldoun	PAARSSR-EO13894
SHREYA LIFE SCIENCES PRIVATE LIMITED	RUSSIA-EO14024
XIAMEN LIMBACH AIRCRAFT ENGINE CO., LTD.	RUSSIA-EO14024
SAAD SAZEH FARAZ SHARIF	IRAN-CON-ARMS-EO
CHEKAD SANAT FARAZ ASIA	IRAN-CON-ARMS-EO
MOTIONAVIGATIONS LIMITED	SDGT
INDO GULF SHIP MANAGEMENT LLC	SDGT
WARIKOO RATTANLAL, Rahul Rattanlal	SDGT
KEOT, Dipankar Mohan	SDGT
DURRANI, Wahid Ullah	SDGT
BARKHORDAR, Ali	SDGT
CHANGTAI SHIPPING LIMITED	SDGT
SKRIABIN, Yevhen	SDGT
ECO MAX FZE	SDGT
ECO MAX TRADING FZE	SDGT
MARBEL	SDGT
KUKKI	SDGT
TROPHY	SDGT
ONYX	SDGT
GRATIA	SDGT
JUVENIS	SDGT
RODRIGUEZ DIAZ, Dilio Guillermo	VENEZUELA
YURIMAGUAS LTD	IRAN-EO13902
MEIN CHEIN	RUSSIA-EO14024
KAPOK	SDGT
VENTRADE DOO	RUSSIA-EO14024
USHKO, Sergei Petrovich	RUSSIA-EO14024
USHKO, Aleksandr Sergeyevich	RUSSIA-EO14024
SULEIMAN, Mirghani Idris	SUDAN-EO14098
KIM, Myong Jin	DPRK
RI, Chang Ho	DPRK2
JU, Chang Il	DPRK2
KRAYUSHKIN, Evgeniy	RUSSIA-EO14024
SLEPOV, Valery Mikhaylovich	RUSSIA-EO14024
INEKO LLC	RUSSIA-EO14024
KOKOREV, Sergei	RUSSIA-EO14024
CJSC PERSPECTIVE TECHNOLOGIES AGENCY	RUSSIA-EO14024
STRELCHENKO, Alexey Alekseyevich	RUSSIA-EO14024
JSC TRANSPORT FREIGHT AGENCY	RUSSIA-EO14024
JOINT STOCK COMPANY PERSPECTIVE TECHNOLOGIES CENTER	RUSSIA-EO14024
MOSTRELLO COMMERCIAL LTD	RUSSIA-EO14024
NIKESTO INVESTMENTS LTD	RUSSIA-EO14024
BEREZIA MANAGEMENT LTD	RUSSIA-EO14024
TONIL	IRAN-EO13902
CERES I	IRAN-EO13902
LIGHTSHIP MANAGEMENT LTD	IRAN-EO13902
FIONA II	IRAN-EO13902
YURI	IRAN-EO13902
CERES SHIPPING LIMITED	IRAN-EO13902
EUNOMIA LIMITED	IRAN-EO13902
LADY LUCY	IRAN-EO13902
ELVA	IRAN-EO13902
LUFINDO HOLDING LIMITED	IRAN-EO13902
INAYA SHIP MANAGEMENT PRIVATE LIMITED	IRAN-EO13902
JAYA	IRAN-EO13902
GALILEOS MARINE SERVICES L.L.C	IRAN-EO13902
MASAL	IRAN-EO13902
FT ISLAND	IRAN-EO13902
OCEAN GLORY GIANT OGG SA	IRAN-EO13902
GAFFODIL CO., LIMITED	IRAN-EO13902
PHONIX	IRAN-EO13902
VISION SHIP MANAGEMENT LLP	IRAN-EO13902
LARA II	IRAN-EO13902
RIO NAPO	IRAN-EO13902
OLIVE	IRAN-EO13902
TIGHTSHIP SHIPPING MANAGEMENT (OPC) PRIVATE LIMITED	IRAN-EO13902
BLACK PANTHER	IRAN-EO13902
LIONESS	IRAN-EO13902
BERTHA	IRAN-EO13902
SHANGHAI LEGENDARY SHIP MANAGEMENT COMPANY LIMITED	IRAN-EO13902
MIN HANG	UKRAINE-EO13662] [IRAN-EO13902] [RUSSIA-EO14024
VESNA	UKRAINE-EO13662] [IRAN-EO13902] [RUSSIA-EO14024
SHANGHAI FUTURE SHIP MANAGEMENT CO LTD	IRAN-EO13902
MEROPE	UKRAINE-EO13662] [IRAN-EO13902] [RUSSIA-EO14024
VERONICA III	IRAN-EO13902
RODRIGUEZ CABELLO, Alexis Jose	VENEZUELA
CONSTELLATION MARITIME SERVICES LIMITED	IRAN-EO13902
GUERRA SALINAS, Ismael	ILLICIT-DRUGS-EO14059
GUERRA SALINAS, Omar	ILLICIT-DRUGS-EO14059
DECUIR GARCIA, Raul	ILLICIT-DRUGS-EO14059
CARRILLO SAPIEN, Ildelfonso	ILLICIT-DRUGS-EO14059
SIERRA ANGULO, Francisco Javier	ILLICIT-DRUGS-EO14059
COGNITIVE DESIGN PRODUCTION CENTER	IRGC] [IFSR] [ELECTION-EO13848
KARPAVICIUS, Rokas	ILLICIT-DRUGS-EO14059
LABUTIS, Virginijus	ILLICIT-DRUGS-EO14059
KARPIS AG	ILLICIT-DRUGS-EO14059
DRAGON SECURE GMBH	ILLICIT-DRUGS-EO14059
LAKE FOREST SP Z O O	ILLICIT-DRUGS-EO14059
GRINEVICIUS, Arnas	ILLICIT-DRUGS-EO14059
KARPE, Jurga	ILLICIT-DRUGS-EO14059
MB PTERA	ILLICIT-DRUGS-EO14059
UAB FLAVOUR LABS	ILLICIT-DRUGS-EO14059
ATIYA S A S	ILLICIT-DRUGS-EO14059
PERRILLA SANDOVAL, Allende	ILLICIT-DRUGS-EO14059
BETANCOURT ROSERO, Camilo Esteban	ILLICIT-DRUGS-EO14059
STASKUS, Saulius	ILLICIT-DRUGS-EO14059
THACKRAY, David Jonathan	ILLICIT-DRUGS-EO14059
LEUNG, Ho Kai	ILLICIT-DRUGS-EO14059
JT TRADING LIMITED	ILLICIT-DRUGS-EO14059
MARCANO TABATA, Javier Jose	VENEZUELA
INTERNATIONAL NON-PROFIT FOUNDATION CENTER FOR GEOPOLITICAL EXPERTISE	CYBER2] [CAATSA - RUSSIA] [ELECTION-EO13848] [RUSSIA-EO14024
ESPARRAGOZA ROSAS, Enrique Dann	SDGT] [ILLICIT-DRUGS-EO14059
TAPGAS MEXICO S.A. DE C.V.	SDGT] [ILLICIT-DRUGS-EO14059
JOINT STOCK COMPANY AKTIV	RUSSIA-EO14024
AKTSIONERNOE OBSHCHESTVO REGISTRATSIONNAYA KOMPANIYA TSENTR INVEST	RUSSIA-EO14024
AKTSIONERNOE OBSHCHESTVO DEPOZITARNAYA KOMPANIYA REGION	RUSSIA-EO14024
SPETSIALIZIROVANNYI DEPOZITARII DEPO PLAZA	RUSSIA-EO14024
LIMITED LIABILITY COMPANY DEPOSITARY AND CORPORATE TECHNOLOGIES	RUSSIA-EO14024
JSC DRAGA	RUSSIA-EO14024
EVROAZIATSKII REGISTRATOR	RUSSIA-EO14024
ZAKRYTOE AKTSIONERNOE OBSHCHESTVO PERVYI SPETSIALIZIROVANNYI DEPOZITARII	RUSSIA-EO14024
JOINT STOCK COMPANY INDUSTRIA REESTR	RUSSIA-EO14024
AO SPETSIALIZIROVANNYI DEPOZITARII INFINITUM	RUSSIA-EO14024
JOINT STOCK COMPANY REGISTRATOR INTRACO	RUSSIA-EO14024
AKTSIONERNOE OBSHCHESTVO SPETSIALIZIROVANNYI REGISTRATOR KOMPAS	RUSSIA-EO14024
KORPORATIVNAYA REGISTRATORSKAYA KOMPANIYA	RUSSIA-EO14024
REGISTRATOR KRTS	RUSSIA-EO14024
MOSKOVSKII FONDOVYI TSENTR	RUSSIA-EO14024
AKTSIONERNOE OBSHCHESTVO MEZHREGIONALNYI REGISTRATORSKII TSENTR	RUSSIA-EO14024
JSC NOVIY REGISTRATOR	RUSSIA-EO14024
NATIONAL CUSTODIAL COMPANY STOCK CLOSED CORPORATION	RUSSIA-EO14024
AKTSIONERNOE OBSHCHESTVO NEZAVISIMAYA REGISTRATORSKAYA KOMPANIYA R.O.S.T.	RUSSIA-EO14024
AKTSIONERNOE OBSHCHESTVO NATSIONALNAYA SPETSIALIZIROVANNAYA FINANSOVAYA KOMPANIYA	RUSSIA-EO14024
TNK TRADING LIMITED	ILLICIT-DRUGS-EO14059
KOROVIN, Valery Mikhaylovich	ELECTION-EO13848] [RUSSIA-EO14024
OBSHCHESTVO S OGRANICHENNOY OTVETSTVENNOSTYU OBORONREGISTR	RUSSIA-EO14024
CENTROCREDIT BANK	RUSSIA-EO14024
OOO PARTNER	RUSSIA-EO14024
AKTSIONERNOE OBSHCHESTVO PROFESSIONALNYI REGISTRATSIONNYI TSENTR	RUSSIA-EO14024
JOINT STOCK COMPANY RDC PARITET	RUSSIA-EO14024
FORA BANK JOINT STOCK COMMERCIAL BANK	RUSSIA-EO14024
AO REESTR	RUSSIA-EO14024
COMMERCIAL BANK KREMLYOVSKIY	RUSSIA-EO14024
OOO REESTR RN	RUSSIA-EO14024
AKTSIONERNOE OBSHCHESTVO REGISTRATOR KAPITAL	RUSSIA-EO14024
OOO REGISTRATOR GARANT	RUSSIA-EO14024
NEW MOSCOW BANK	RUSSIA-EO14024
SPETSIALIZIROVANNYI REGISTRATOR REKOM	RUSSIA-EO14024
AKTSIONERNOE OBSHCHESTVO AGENTSTVO REGIONALNYI NEZAVISIMYI REGISTRATOR	RUSSIA-EO14024
PUBLIC JOINT STOCK COMPANY BANK SINARA	RUSSIA-EO14024
JSC RT REGISTRAR	RUSSIA-EO14024
LIMITED LIABILITY COMPANY SPECIAL DEPOSITORY PARTNER	RUSSIA-EO14024
LIMITED LIABILITY COMPANY SPECIALIZED DEPOSITORY COMPANY GARANT	RUSSIA-EO14024
JSC SERVICE REESTR	RUSSIA-EO14024
JOINT STOCK COMPANY REGISTRY SOCIETY STATUS	RUSSIA-EO14024
AKTSIONERNOE OBSHCHESTVO SURGUTINVESTNEFT	RUSSIA-EO14024
TSENTR UCHETA I REGISTRATSII	RUSSIA-EO14024
AKTSIONERNOE OBSHCHESTVO VEDENIE REESTROV KOMPANII	RUSSIA-EO14024
JSC REPUBLICAN SPECIALREGISTRAR YAKUT FUND CENTER	RUSSIA-EO14024
YUZHNO REGIONALNYI REGISTRATOR	RUSSIA-EO14024
AKTSIONERNOE OBSHCHESTVO INDEPENDENT SPECIALIZED DEPOSITORY	RUSSIA-EO14024
CAPTAIN KOSTICHEV	UKRAINE-EO13662] [RUSSIA-EO14024
KAPITAN GOTSKY	UKRAINE-EO13662] [RUSSIA-EO14024
KIRILL LAVROV	UKRAINE-EO13662] [RUSSIA-EO14024
MIKHAIL LAZAREV	UKRAINE-EO13662] [RUSSIA-EO14024
MIKHAIL ULYANOV	UKRAINE-EO13662] [RUSSIA-EO14024
NIKOLAY ZADORNOV	UKRAINE-EO13662] [RUSSIA-EO14024
OKEANSKY PROSPECT	UKRAINE-EO13662] [RUSSIA-EO14024
PATHFINDER	UKRAINE-EO13662] [RUSSIA-EO14024
PAVEL CHERNYSH	UKRAINE-EO13662] [RUSSIA-EO14024
SIRIUS	UKRAINE-EO13662] [RUSSIA-EO14024
SHTURMAN ALBANOV	UKRAINE-EO13662] [RUSSIA-EO14024
SHTURMAN OVTSYN	UKRAINE-EO13662] [RUSSIA-EO14024
SHTURMAN MALYGIN	UKRAINE-EO13662] [RUSSIA-EO14024
TIMOFEY GUZHENKO	UKRAINE-EO13662] [RUSSIA-EO14024
VASILY DINKOV	UKRAINE-EO13662] [RUSSIA-EO14024
VICTOR KONETSKY	UKRAINE-EO13662] [RUSSIA-EO14024
VIKTOR TITOV	UKRAINE-EO13662] [RUSSIA-EO14024
ZALIV AMERIKA	UKRAINE-EO13662] [RUSSIA-EO14024
ZALIV BAIKAL	UKRAINE-EO13662] [RUSSIA-EO14024
ZALIV VOSTOK	UKRAINE-EO13662] [RUSSIA-EO14024
SUNOR ILLC	UKRAINE-EO13662] [RUSSIA-EO14024
BORAY	UKRAINE-EO13662] [RUSSIA-EO14024
SANAR 7	UKRAINE-EO13662] [RUSSIA-EO14024
SANAR 8	UKRAINE-EO13662] [RUSSIA-EO14024
ARGO TANKER GROUP LLC	UKRAINE-EO13662] [RUSSIA-EO14024
DIGNITY	UKRAINE-EO13662] [RUSSIA-EO14024
JOINT STOCK COMPANY OFS TECHNOLOGIES	UKRAINE-EO13662] [RUSSIA-EO14024
RPK NORD LIMITED LIABILITY COMPANY	UKRAINE-EO13662] [RUSSIA-EO14024
LK VOLGA LIMITED LIABILITY COMPANY	UKRAINE-EO13662] [RUSSIA-EO14024
AKTSIONERNOE OBSHCHESTVO SAMOTLORNEFTEPROMKHIM	UKRAINE-EO13662] [RUSSIA-EO14024
UMBA	UKRAINE-EO13662] [RUSSIA-EO14024
ENERGY OF OIL AND GAS SERVICE LLC	UKRAINE-EO13662] [RUSSIA-EO14024
AKTSIONERNOE OBSHCHESTVO UPRAVLENIE PO POVYSHENIYU NEFTEOTDACHI PLASTOV I KAPITALNOMU REMONTU SKVAZHIN	UKRAINE-EO13662] [RUSSIA-EO14024
BUK	UKRAINE-EO13662] [RUSSIA-EO14024
ARGOS	UKRAINE-EO13662] [RUSSIA-EO14024
VYAZ	UKRAINE-EO13662] [RUSSIA-EO14024
JOINT STOCK COMPANY INVESTGEOSERVIS	UKRAINE-EO13662] [RUSSIA-EO14024
TIS	UKRAINE-EO13662] [RUSSIA-EO14024
KOLA	UKRAINE-EO13662] [RUSSIA-EO14024
TNG GRUPP	UKRAINE-EO13662] [RUSSIA-EO14024
UDS NEFT	UKRAINE-EO13662] [RUSSIA-EO14024
GAZPROMNEFT ZAPOLYARYE LIMITED LIABILITY COMPANY	UKRAINE-EO13662] [RUSSIA-EO14024
RN VANKOR	UKRAINE-EO13662] [RUSSIA-EO14024
RN BURENIE LIMITED LIABILITY COMPANY	UKRAINE-EO13662] [RUSSIA-EO14024
LIMITED LIABILITY COMPANY RN SERVICE	UKRAINE-EO13662] [RUSSIA-EO14024
RUSGAZALYANS	UKRAINE-EO13662] [RUSSIA-EO14024
RN-GRP LLC	UKRAINE-EO13662] [RUSSIA-EO14024
LIMITED LIABILITY COMPANY NAFTAGAZ DRILLING	UKRAINE-EO13662] [RUSSIA-EO14024
AKTSIONERNOE OBSHCHESTVO GAZPROM SHELFPROEKT	UKRAINE-EO13662] [RUSSIA-EO14024
SAO VIET PETROL TRANSPORTATION COMPANY LIMITED	UKRAINE-EO13662] [IRAN-EO13846] [RUSSIA-EO14024
PANDA	UKRAINE-EO13662] [IRAN-EO13846] [RUSSIA-EO14024
IVY	UKRAINE-EO13662] [IRAN-EO13846] [RUSSIA-EO14024
LEOPARD	UKRAINE-EO13662] [RUSSIA-EO14024
OWENS	UKRAINE-EO13662] [RUSSIA-EO14024
AKTSIONERNOE OBSHCHESTVO ACHIMGAZ	UKRAINE-EO13662] [RUSSIA-EO14024
ALEXANDER BEGGROV	UKRAINE-EO13662] [RUSSIA-EO14024
FRAKDZHET VOLGA	UKRAINE-EO13662] [RUSSIA-EO14024
LIMITED LIABILITY COMPANY CATKONEFT	UKRAINE-EO13662] [RUSSIA-EO14024
LENINOGORSKREMSERVICE LIMITED LIABILITY COMPANY	UKRAINE-EO13662] [RUSSIA-EO14024
PAKER SERVICE	UKRAINE-EO13662] [RUSSIA-EO14024
NAUCHNO PROIZVODSTVENNOE PREDPRIYATIE BURENIE	UKRAINE-EO13662] [RUSSIA-EO14024
TAIMYRBURSERVIS	UKRAINE-EO13662] [RUSSIA-EO14024
TSS LIMITED LIABILITY COMPANY	UKRAINE-EO13662] [RUSSIA-EO14024
PETRO WELT TECHNOLOGIES	UKRAINE-EO13662] [RUSSIA-EO14024
ALEXEY BOGOLYUBOV	UKRAINE-EO13662] [RUSSIA-EO14024
ARIADNE	UKRAINE-EO13662] [RUSSIA-EO14024
DIAMOND	UKRAINE-EO13662] [RUSSIA-EO14024
IVAN AIVAZOVSKY	UKRAINE-EO13662] [RUSSIA-EO14024
JUPITER	UKRAINE-EO13662] [RUSSIA-EO14024
NS PRIDE	UKRAINE-EO13662] [RUSSIA-EO14024
VANITY	IRAN-EO13902
NS SILVER	UKRAINE-EO13662] [RUSSIA-EO14024
PREMIER	UKRAINE-EO13662] [RUSSIA-EO14024
ARIA	UKRAINE-EO13662] [RUSSIA-EO14024
DENKARS	UKRAINE-EO13662] [RUSSIA-EO14024
PROMINENT SHIPMANAGEMENT LIMITED	UKRAINE-EO13662] [RUSSIA-EO14024
TANGO	UKRAINE-EO13662] [RUSSIA-EO14024
FJORD SEAL	UKRAINE-EO13662] [RUSSIA-EO14024
TALISMAN	UKRAINE-EO13662] [RUSSIA-EO14024
CORUM	UKRAINE-EO13662] [RUSSIA-EO14024
TOPAZ	UKRAINE-EO13662] [RUSSIA-EO14024
SALTY WOLF	UKRAINE-EO13662] [RUSSIA-EO14024
ATLAS NNB	UKRAINE-EO13662] [RUSSIA-EO14024
SAKARYA	UKRAINE-EO13662] [RUSSIA-EO14024
TRUST	UKRAINE-EO13662] [RUSSIA-EO14024
SABLE	UKRAINE-EO13662] [RUSSIA-EO14024
TRIUMPH	UKRAINE-EO13662] [RUSSIA-EO14024
GAZPROMNEFT TECHNOLOGICAL PARTNERSHIPS LIMITED LIABILITY COMPANY	UKRAINE-EO13662] [RUSSIA-EO14024
CANKIRI	UKRAINE-EO13662] [RUSSIA-EO14024
ELEGANCE	UKRAINE-EO13662] [RUSSIA-EO14024
LIMITED LIABILITY COMPANY OIL SERVICE GARANT	UKRAINE-EO13662] [RUSSIA-EO14024
UNIVERSAL	UKRAINE-EO13662] [RUSSIA-EO14024
TSENTR NAUCHNO ISSLEDOVATELSKIKH I PROIZVODSTVENNYKH RABOT	UKRAINE-EO13662] [RUSSIA-EO14024
VENTURE	UKRAINE-EO13662] [RUSSIA-EO14024
VALOUR	UKRAINE-EO13662] [RUSSIA-EO14024
SERVICE PROM KOMPLEKTATSIYA	UKRAINE-EO13662] [RUSSIA-EO14024
TEKHNRAIZ	UKRAINE-EO13662] [RUSSIA-EO14024
SAMSUN	UKRAINE-EO13662] [RUSSIA-EO14024
NEWTECK WELL SERVICE LLC	UKRAINE-EO13662] [RUSSIA-EO14024
LLC GOLFSTRIM	UKRAINE-EO13662] [RUSSIA-EO14024
SIVAS	UKRAINE-EO13662] [RUSSIA-EO14024
LIMITED LIABILITY COMPANY WELLTECH	UKRAINE-EO13662] [RUSSIA-EO14024
ORIENT VISION	UKRAINE-EO13662] [RUSSIA-EO14024
VETERAN	UKRAINE-EO13662] [RUSSIA-EO14024
SINO SHIP MANAGEMENT COMPANY LIMITED	UKRAINE-EO13662] [RUSSIA-EO14024
DEYNA	UKRAINE-EO13662] [RUSSIA-EO14024
ORIENT HARMONY	UKRAINE-EO13662] [RUSSIA-EO14024
SIRIUS 1	UKRAINE-EO13662] [RUSSIA-EO14024
TURACO	UKRAINE-EO13662] [RUSSIA-EO14024
GAZPROMNEFT MARINE BUNKER LIMITED LIABILITY COMPANY	UKRAINE-EO13662] [RUSSIA-EO14024
GAZPROMNEFT ZUID EAST	UKRAINE-EO13662] [RUSSIA-EO14024
OMSK	UKRAINE-EO13662] [RUSSIA-EO14024
TYMEN	UKRAINE-EO13662] [RUSSIA-EO14024
OLANGA	UKRAINE-EO13662] [RUSSIA-EO14024
MURMANSK	UKRAINE-EO13662] [RUSSIA-EO14024
DMITRY MENDELEEV	UKRAINE-EO13662] [RUSSIA-EO14024
SHTURMAN KOSHELEV	UKRAINE-EO13662] [RUSSIA-EO14024
SHTURMAN SHCHERBININ	UKRAINE-EO13662] [RUSSIA-EO14024
SHTURMAN SKURATOV	UKRAINE-EO13662] [RUSSIA-EO14024
GAZPROMNEFT NORDWEST	UKRAINE-EO13662] [RUSSIA-EO14024
CALLISTO	UKRAINE-EO13662] [RUSSIA-EO14024
CHRISTOPHE DE MARGERIE	UKRAINE-EO13662] [RUSSIA-EO14024
KOVRIGIN, Mikhail Anatolyevich	RUSSIA-EO14024
LEO	UKRAINE-EO13662] [RUSSIA-EO14024
PRONIN, Kirill	RUSSIA-EO14024
MEGHAN GROUP LIMITED	UKRAINE-EO13662] [RUSSIA-EO14024
LIBERTY	UKRAINE-EO13662] [RUSSIA-EO14024
NEREUS SOPHIA	UKRAINE-EO13662] [RUSSIA-EO14024
POLYAKOVA, Olga Vasilyevna	RUSSIA-EO14024
SERPENS LIMITED	UKRAINE-EO13662] [RUSSIA-EO14024
MOSKOVSKY PROSPECT	UKRAINE-EO13662] [RUSSIA-EO14024
NURKEZ	UKRAINE-EO13662] [RUSSIA-EO14024
CHISTYUKHIN, Vladimir	RUSSIA-EO14024
KHAIDARSHINA, Gulnara	RUSSIA-EO14024
ARISTOS MARITIME INCORPORATED	UKRAINE-EO13662] [RUSSIA-EO14024
DANILOVA, Elizaveta	RUSSIA-EO14024
OLIA	UKRAINE-EO13662] [IRAN-EO13846] [RUSSIA-EO14024
LOZGACHEVA, Ekaterina	RUSSIA-EO14024
ALFASTRAKHOVANIE GROUP	UKRAINE-EO13662] [RUSSIA-EO14024
TULIN, Dmitry	RUSSIA-EO14024
SHABLYA, Bogdan	RUSSIA-EO14024
GARANT INVEST BANK JOINT STOCK	RUSSIA-EO14024
BOLERO	UKRAINE-EO13662] [RUSSIA-EO14024
JSC EXI BANK	RUSSIA-EO14024
MOROZOV, Alexandr	RUSSIA-EO14024
RUSSIAN UNIVERSAL BANK	RUSSIA-EO14024
PSKOV	UKRAINE-EO13662] [RUSSIA-EO14024
PAVLOV, Vadim Alekseevich	UKRAINE-EO13662] [RUSSIA-EO14024
SEMENOV, Dmitry Borisovich	UKRAINE-EO13662] [RUSSIA-EO14024
RIGEL	UKRAINE-EO13662] [RUSSIA-EO14024
SAGA	UKRAINE-EO13662] [RUSSIA-EO14024
BBR BANK JOINT STOCK COMPANY	RUSSIA-EO14024
INTERSTATE BANK	RUSSIA-EO14024
BCS BANK AO	RUSSIA-EO14024
JOINT STOCK COMPANY BANK UNITED CAPITAL	RUSSIA-EO14024
JOINT STOCK COMMERCIAL BANK NATIONAL RESERVE BANK JOINT STOCK COMPANY	RUSSIA-EO14024
NATIONAL STANDARD BANK JOINT STOCK COMPANY	RUSSIA-EO14024
SUNNE CO LIMITED	UKRAINE-EO13662] [RUSSIA-EO14024
SHEREMETTSEV, Eduard Mikhailovich	UKRAINE-EO13662] [RUSSIA-EO14024
JOINT STOCK COMPANY BANK DOM RF	UKRAINE-EO13662] [RUSSIA-EO14024
PUBLIC JOINT STOCK COMPANY NATIONAL BANK TRUST	RUSSIA-EO14024
BOBYLEV, Peter Mikhailovich	UKRAINE-EO13662] [RUSSIA-EO14024
FRINA EXPRESS CORPORATION	UKRAINE-EO13662] [RUSSIA-EO14024
AMBER 6	UKRAINE-EO13662] [RUSSIA-EO14024
VERHOV, Artem Aleksandrovich	UKRAINE-EO13662] [RUSSIA-EO14024
OLIVIA	UKRAINE-EO13662] [RUSSIA-EO14024
KAMSKY COMMERCIAL BANK	RUSSIA-EO14024
OCEAN WATERS MARITIME CORPORATION	UKRAINE-EO13662] [RUSSIA-EO14024
MARSHAVIN, Roman Anatolyevich	UKRAINE-EO13662] [RUSSIA-EO14024
PYTHON	UKRAINE-EO13662] [RUSSIA-EO14024
WAYBANK JSC	RUSSIA-EO14024
CELESTIAL STAR CORPORATION	UKRAINE-EO13662] [RUSSIA-EO14024
AQUATICA	UKRAINE-EO13662] [RUSSIA-EO14024
APUS	UKRAINE-EO13662] [RUSSIA-EO14024
AQUILA II	UKRAINE-EO13662] [RUSSIA-EO14024
SERENADE	UKRAINE-EO13662] [RUSSIA-EO14024
BRATSKY NARODNY BANK JSC	RUSSIA-EO14024
ELGON MARITIME CORPORATION	UKRAINE-EO13662] [RUSSIA-EO14024
EMILY S	UKRAINE-EO13662] [RUSSIA-EO14024
COMMERCIAL BANK ENERGOTRANSBANK JOINT STOCK COMPANY	RUSSIA-EO14024
ATTICA	UKRAINE-EO13662] [RUSSIA-EO14024
HEIDI A	UKRAINE-EO13662] [RUSSIA-EO14024
SUCCESS	UKRAINE-EO13662] [RUSSIA-EO14024
LAUREN II	UKRAINE-EO13662] [RUSSIA-EO14024
JOINT STOCK COMMERCIAL MORTGAGE BANK AKIBANK PUBLIC JOINT STOCK COMPANY	RUSSIA-EO14024
M SOPHIA	UKRAINE-EO13662] [RUSSIA-EO14024
LUSEIA MARINE SERVICES CO LTD	UKRAINE-EO13662] [RUSSIA-EO14024
MINERVA M	UKRAINE-EO13662] [RUSSIA-EO14024
SAGITTA	UKRAINE-EO13662] [RUSSIA-EO14024
VELIKIY NOVGOROD	UKRAINE-EO13662] [RUSSIA-EO14024
TASCA	UKRAINE-EO13662] [IRAN-EO13846] [RUSSIA-EO14024
BOREY G	UKRAINE-EO13662] [RUSSIA-EO14024
JOINT STOCK COMPANY AUTO FINANCE BANK	RUSSIA-EO14024
VOSTOCHNY PROSPECT	UKRAINE-EO13662] [RUSSIA-EO14024
CUBE VENTURES SHIPPING SA	UKRAINE-EO13662] [RUSSIA-EO14024
RUSSIAN PUBLIC JOINT STOCK COMMERCIAL ROADS BANK	RUSSIA-EO14024
CARL	UKRAINE-EO13662] [RUSSIA-EO14024
ZALIV ANIVA	UKRAINE-EO13662] [RUSSIA-EO14024
REX 1	SDGT
ZENITH	UKRAINE-EO13662] [RUSSIA-EO14024
LIMITED LIABILITY COMPANY BANK ROUND	RUSSIA-EO14024
NK BANK JOINT STOCK COMPANY	RUSSIA-EO14024
FORNAX SHIP MANAGEMENT FZCO	UKRAINE-EO13662] [RUSSIA-EO14024
HYPERION	UKRAINE-EO13662] [RUSSIA-EO14024
PUBLIC JOINT STOCK COMPANY METKOMBANK	RUSSIA-EO14024
PEGASUS	UKRAINE-EO13662] [RUSSIA-EO14024
COLUMBA LIMITED	UKRAINE-EO13662] [RUSSIA-EO14024
CEPHEUS	UKRAINE-EO13662] [RUSSIA-EO14024
SOFTWATER NAVIGATION HOLDING LTD.	SDGT
PUBLIC JOINT STOCK COMPANY BANK ALEXANDROVSKY	RUSSIA-EO14024
SYMPHONY	UKRAINE-EO13662] [RUSSIA-EO14024
PUBLIC JOINT STOCK SOCIAL COMMERCIAL BANK OF PRIMORYE PRIMSOTSBANK	RUSSIA-EO14024
HONG KONG YONGYE SHIPPING LIMITED	UKRAINE-EO13662] [RUSSIA-EO14024
PROXIMA	UKRAINE-EO13662] [RUSSIA-EO14024
JOINT STOCK COMMERCIAL BANK SLAVIA JOINT STOCK COMPANY	RUSSIA-EO14024
CLIO	UKRAINE-EO13662] [RUSSIA-EO14024
JOINT STOCK COMPANY GUTA BANK	RUSSIA-EO14024
STREAM SHIP MANAGEMENT FZCO	UKRAINE-EO13662] [RUSSIA-EO14024
ATLAS	UKRAINE-EO13662] [RUSSIA-EO14024
CRIUS LIMITED	UKRAINE-EO13662] [RUSSIA-EO14024
ROSSITA BANK	RUSSIA-EO14024
CRIUS	UKRAINE-EO13662] [RUSSIA-EO14024
BLUEJOURNEY SHIPPING LIMITED	UKRAINE-EO13662] [RUSSIA-EO14024
CUP	UKRAINE-EO13662] [RUSSIA-EO14024
COMMERCIAL JOINT STOCK BANK VIKING	RUSSIA-EO14024
CAPELLA	UKRAINE-EO13662] [RUSSIA-EO14024
LIMITED LIABILITY COMPANY KRONA BANK	RUSSIA-EO14024
JOINT STOCK COMPANY ROYAL CREDIT BANK	RUSSIA-EO14024
CASSIOPEIA	UKRAINE-EO13662] [RUSSIA-EO14024
GALAXY	UKRAINE-EO13662] [RUSSIA-EO14024
LIMITED LIABILITY COMPANY BANK ORANGE	RUSSIA-EO14024
LEGACY	UKRAINE-EO13662] [RUSSIA-EO14024
HERA GAM LIMITED	UKRAINE-EO13662] [RUSSIA-EO14024
LOENGO SHIPPING AND TRADER LIMITED	UKRAINE-EO13662] [RUSSIA-EO14024
JOINT STOCK COMPANY COMMERCIAL BANK URAL FD	RUSSIA-EO14024
SI HE	UKRAINE-EO13662] [RUSSIA-EO14024
FREDA	UKRAINE-EO13662] [RUSSIA-EO14024
JOINT STOCK COMPANY BANK ACCEPT	RUSSIA-EO14024
VANGUARD	UKRAINE-EO13662] [RUSSIA-EO14024
AKTSIONERNOE OBSHCHESTVO BANK AGROROS	RUSSIA-EO14024
JOINT STOCK COMPANY BANK FINSERVICE	RUSSIA-EO14024
VLADIMIR ARSENYEV	UKRAINE-EO13662] [RUSSIA-EO14024
BANK ITURUP LLC	RUSSIA-EO14024
VOYAGER	UKRAINE-EO13662] [RUSSIA-EO14024
JOINT STOCK COMPANY COALMETBANK	RUSSIA-EO14024
SURREY QUAYS COMPANY  LIMITED	UKRAINE-EO13662] [RUSSIA-EO14024
YURI SENKEVICH	UKRAINE-EO13662] [RUSSIA-EO14024
HENGTAI SHIPPING LIMITED	UKRAINE-EO13662] [RUSSIA-EO14024
SURREY QUAYS	UKRAINE-EO13662] [RUSSIA-EO14024
COMMERCIAL BANK KHLYNOV JOINT STOCK COMPANY	RUSSIA-EO14024
HENG TAI	UKRAINE-EO13662] [RUSSIA-EO14024
SELENA LIVELY LIMITED	UKRAINE-EO13662] [RUSSIA-EO14024
CORPORATE FINANCE BANK LLC	RUSSIA-EO14024
THALIA III	UKRAINE-EO13662] [RUSSIA-EO14024
VITABANK PJSC	RUSSIA-EO14024
LELIA	SDGT
ALEKSEY CHIRIKOV	UKRAINE-EO13662] [RUSSIA-EO14024
JSCB ENERGOBANK	RUSSIA-EO14024
DANIKA ROBERT LIMITED	UKRAINE-EO13662] [RUSSIA-EO14024
GENNADIY NEVELSKOY	UKRAINE-EO13662] [RUSSIA-EO14024
JOINT STOCK INVESTMENT COMMERCIAL BANK ENISEISK UNITED BANK	RUSSIA-EO14024
AMSHA MARITIME	UKRAINE-EO13662] [RUSSIA-EO14024
SCF ENDEAVOUR	UKRAINE-EO13662] [RUSSIA-EO14024
SALINA SHIP MANAGEMENT PVT LTD	SDGT
XINGFU HAI SHIPPING LIMITED	UKRAINE-EO13662] [RUSSIA-EO14024
JOINT STOCK COMPANY NS BANK	RUSSIA-EO14024
KRISHNA 1	UKRAINE-EO13662] [RUSSIA-EO14024
WEI FENG	UKRAINE-EO13662] [RUSSIA-EO14024
PRIMORSKY TERRITORIAL COMMERCIAL BANK SOCIETY WITH LIMITED LIABILITY	RUSSIA-EO14024
JOINT STOCK COMPANY PUBLIC TRUST BANK	RUSSIA-EO14024
JOINT STOCK COMPANY SEVERGAZBANK	RUSSIA-EO14024
ELINE	SDGT
JOINT STOCK COMPANY ROSNEFTEFLOT	UKRAINE-EO13662] [RUSSIA-EO14024
PUBLIC JOINT STOCK COMPANY FINSTAR BANK	RUSSIA-EO14024
CELINE	SDGT
SCF ENDURANCE	UKRAINE-EO13662] [RUSSIA-EO14024
PUBLIC JOINT STOCK COMMERCIAL BANK DERZHAVA	RUSSIA-EO14024
SCF ENTERPRISE	UKRAINE-EO13662] [RUSSIA-EO14024
MAGANOV, Nail Ulfatovich	UKRAINE-EO13662] [RUSSIA-EO14024
BLUESPECTRUM SHIPPING S.A.	SDGT
INGOSSTRAKH INSURANCE COMPANY	UKRAINE-EO13662] [RUSSIA-EO14024
GIFTED PEAK LIMITED	UKRAINE-EO13662] [RUSSIA-EO14024
CHERNOV, Vladimir Nikolaevich	UKRAINE-EO13662] [RUSSIA-EO14024
HIMALAYAN	UKRAINE-EO13662] [RUSSIA-EO14024
AKTSIONERNOE OBSHCHESTVO TSENTR EKSPLUATATSIONNYKH USLUG	UKRAINE-EO13662] [RUSSIA-EO14024
JOEL	SDGT
CHLOE	SDGT
HUIHAI HONG KONG SHIPPING CO LIMITED	UKRAINE-EO13662] [RUSSIA-EO14024
DYUKOV, Aleksandr Valeryevich	UKRAINE-EO13662] [RUSSIA-EO14024
HUI HAI ATLANTIC	UKRAINE-EO13662] [RUSSIA-EO14024
AKADEMIK GUBKIN	UKRAINE-EO13662] [RUSSIA-EO14024
HONG KONG HANYUAN SHIPPING CO LIMITED	UKRAINE-EO13662] [RUSSIA-EO14024
SCF SAKHALIN	UKRAINE-EO13662] [RUSSIA-EO14024
KUDRYASHOV, Sergei Ivanovich	UKRAINE-EO13662] [RUSSIA-EO14024
HUIHAI PACIFIC	UKRAINE-EO13662] [RUSSIA-EO14024
AMITIS JAZIREH KISH SHIP MANAGEMENT CO LLC	SDGT
VOROBYEV, Vadim Nikolaevich	UKRAINE-EO13662] [RUSSIA-EO14024
ROMINA	SDGT
ALEKPEROV, Yusuf Vagitovich	UKRAINE-EO13662] [RUSSIA-EO14024
DOBRYNYA	UKRAINE-EO13662] [RUSSIA-EO14024
DEMEX TRADING LIMITED DMCC	UKRAINE-EO13662] [RUSSIA-EO14024
STEPAN MAKAROV	UKRAINE-EO13662] [RUSSIA-EO14024
HAIMA SHIPPING LIMITED	UKRAINE-EO13662] [RUSSIA-EO14024
NURSULTAN NAZARBAYEV	UKRAINE-EO13662] [RUSSIA-EO14024
LOTUS	SDGT
LI BAI	UKRAINE-EO13662] [RUSSIA-EO14024
VYACHESLAV TIKHONOV	UKRAINE-EO13662] [RUSSIA-EO14024
MARION COMMODITY DMCC	UKRAINE-EO13662] [RUSSIA-EO14024
OKEANSKY PROSPECT	UKRAINE-EO13662] [RUSSIA-EO14024
KAT DENNINGS LIMITED	UKRAINE-EO13662] [RUSSIA-EO14024
YEVGENY PRIMAKOV	UKRAINE-EO13662] [RUSSIA-EO14024
RN AMUR	UKRAINE-EO13662] [RUSSIA-EO14024
LYRA	UKRAINE-EO13662] [RUSSIA-EO14024
MARSA ENERGY TRADING DMCC	UKRAINE-EO13662] [RUSSIA-EO14024
ZALIV AMURSKIY	UKRAINE-EO13662] [RUSSIA-EO14024
RN SAKHALIN	UKRAINE-EO13662] [RUSSIA-EO14024
DOUBLE HARMONY MARINE CORPORATION	UKRAINE-EO13662] [RUSSIA-EO14024
MAKALU	UKRAINE-EO13662] [RUSSIA-EO14024
SUNRISE X TRADING CO LIMITED	UKRAINE-EO13662] [RUSSIA-EO14024
RN USSURI	UKRAINE-EO13662] [RUSSIA-EO14024
PEARL SHIPPING & TRADING LTD	SDGT
SVYATOY KNYAZ VLADIMIR	UKRAINE-EO13662] [RUSSIA-EO14024
MERLUZA GROUP LIMITED	UKRAINE-EO13662] [RUSSIA-EO14024
MERMAR	UKRAINE-EO13662] [RUSSIA-EO14024
ZION TRADE LIMITED	UKRAINE-EO13662] [RUSSIA-EO14024
ARCTOS SHIPPING AND TRADE DMCC	UKRAINE-EO13662] [RUSSIA-EO14024
LEPUS SAI LIMITED	UKRAINE-EO13662] [RUSSIA-EO14024
VALENTIN PIKUL	UKRAINE-EO13662] [RUSSIA-EO14024
VLADIMIR MONOMAKH	UKRAINE-EO13662] [RUSSIA-EO14024
HARMONY GROVE CORPORATION	UKRAINE-EO13662] [RUSSIA-EO14024
BARON	SDGT
MERU	UKRAINE-EO13662] [RUSSIA-EO14024
AMBRA LIMITED	UKRAINE-EO13662] [RUSSIA-EO14024
VLADIMIR VINOGRADOV	UKRAINE-EO13662] [RUSSIA-EO14024
PRATUM OIL TRADING LLC	UKRAINE-EO13662] [RUSSIA-EO14024
MOSHTAQ TEJARAT SANAT CO JSC	SDGT
ETERRA CRUDE OIL ABROAD TRADING LLC	UKRAINE-EO13662] [RUSSIA-EO14024
ODINE MARINE INCORPORATED	UKRAINE-EO13662] [RUSSIA-EO14024
GURON TRADING LIMITED	UKRAINE-EO13662] [RUSSIA-EO14024
YARD NO.131040 ZVEZDA-DSME	UKRAINE-EO13662] [RUSSIA-EO14024
YARD NO.131080 ZVEZDA-DSME	UKRAINE-EO13662] [RUSSIA-EO14024
ELIAS SHIPPING & TRADING GROUP SA	SDGT
AQUAQUASAR HOLDING LIMITED	UKRAINE-EO13662] [RUSSIA-EO14024
MUM	UKRAINE-EO13662] [RUSSIA-EO14024
RAMONA I	SDGT
FEDOR USHAKOV	UKRAINE-EO13662] [RUSSIA-EO14024
VELINE SHIPTRADE INCORPORATED	SDGT
VITUS BERING	UKRAINE-EO13662] [RUSSIA-EO14024
STAR 5	SDGT
NATIVA MANAGEMENT LTD	SDGT
GPB FINANCIAL SERVICES HONG KONG LIMITED	RUSSIA-EO14024
GPB AFRICA AND MIDDLE EAST PTY LTD	RUSSIA-EO14024
YAKOVLEV, Yuri Vladimirovich	RUSSIA-EO14024
OBOZOV, Sergei Aleksandrovich	RUSSIA-EO14024
OLENIN, Yurii Aleksandrovich	RUSSIA-EO14024
NOVIKOV, Sergei Gennadyevich	RUSSIA-EO14024
DENISOV, Konstantin Ivanovich	RUSSIA-EO14024
KRYUKOV, Oleg Vasilyevich	RUSSIA-EO14024
LIKHACHEV, Alexey Evgenyevich	RUSSIA-EO14024
QATIRJI, Muhammad Agha Ahmed Rashdi	SDGT
NIKIPELOV, Andrei Vladimirovich	RUSSIA-EO14024
KOMAROV, Kirill Borisovich	RUSSIA-EO14024
LOKSHIN, Alexander Markovich	RUSSIA-EO14024
PETROV, Andrei Yuvenalyevich	RUSSIA-EO14024
REBROV, Ilya Vasilyevich	RUSSIA-EO14024
RUKSHA, Vyacheslav Vladimirovich	RUSSIA-EO14024
SPASSKIY, Nikolay Nikolayevich	RUSSIA-EO14024
PETROENGINEERING LIMITED LIABILITY COMPANY	RUSSIA-EO14024
LIMITED LIABILITY COMPANY SEA COMMERCIAL PORT LAVNA	RUSSIA-EO14024
LIMITED LIABILITY COMPANY LAYAVOZHNEFTEGAZ	RUSSIA-EO14024
LIMITED LIABILITY COMPANY GAZPROMNEFT DEVELOPMENT	RUSSIA-EO14024
LIMITED LIABILITY COMPANY NEFTSERVICEHOLDING	RUSSIA-EO14024
SKYHART MANAGEMENT SERVICES PRIVATE LIMITED	RUSSIA-EO14024
LIMITED LIABILITY COMPANY GAZPROMNEFT ANGARA	RUSSIA-EO14024
GAZPROM SPG PORTOVAYA LIMITED LIABILITY COMPANY	RUSSIA-EO14024
LIMITED LIABILITY COMPANY NSKH AZIYA DRILLING	RUSSIA-EO14024
LIMITED LIABILITY COMPANY POLAR LITHIUM	RUSSIA-EO14024
AVISION SHIPPING SERVICES PRIVATE LIMITED	RUSSIA-EO14024
LIMITED LIABILITY COMPANY PERMNEFTEOTDACHA	RUSSIA-EO14024
ONYX	RUSSIA-EO14024
LIMITED LIABILITY COMPANY PERM ENGINEERING TECHNICAL CENTER GEOFIZIKA	RUSSIA-EO14024
PRAVASI	RUSSIA-EO14024
JOINT STOCK COMPANY UGOLNAYA KOMPANIYA KUZBASSRAZREZUGOL	UKRAINE-EO13662] [RUSSIA-EO14024
LIMITED LIABILITY COMPANY KUZBASSRAZREZUGOL VZRYVPROM	RUSSIA-EO14024
XUANWU LUCUN SEA FREIGHT SHANGHAI CO LTD	RUSSIA-EO14024
LIMITED LIABILITY COMPANY TECHNICAL SERVICE CENTER	RUSSIA-EO14024
LIMITED LIABILITY COMPANY TPK SIB	RUSSIA-EO14024
XUANWU TIANJI SEA FREIGHT SHANGHAI CO LTD	RUSSIA-EO14024
LIMITED LIABILITY COMPANY RIGINTEL	RUSSIA-EO14024
LIMITED LIABILITY COMPANY TALDINSKOYE POGRUZOCHNO TRANSPORTNOYE UPRAVLENIYE	RUSSIA-EO14024
JOINT STOCK COMPANY KISELEVSKOYE POGRUZOCHNO TRANSPORTNOYE UPRAVLENIYE	RUSSIA-EO14024
LIMITED LIABILITY COMPANY FLEK	RUSSIA-EO14024
LIMITED LIABILITY COMPANY NEFTGAZISSLEDOVANIYE	RUSSIA-EO14024
FEDERAL STATE UNITARY ENTERPRISE ALL RUSSIAN RESEARCH INSTITUTE OF OIL GEOLOGY	RUSSIA-EO14024
LIMITED LIABILITY COMPANY KAPRON	RUSSIA-EO14024
JOINT STOCK COMPANY MINING AND COAL PREPARATION COMPLEX INAGLINSKIY	RUSSIA-EO14024
JOINT STOCK COMPANY MINING AND COAL PREPARATION COMPLEX DENISOVSKIY	RUSSIA-EO14024
XUANWU TIANKUI SEA FREIGHT SHANGHAI CO LTD	RUSSIA-EO14024
SHANDONG UNITED ENERGY PIPELINE TRANSPORTATION CO LTD	RUSSIA-EO14024
XUANWU TIANYUE SEA FREIGHT SHANGHAI CO LTD	RUSSIA-EO14024
XUANWU TRADING SHANGHAI CO LTD	RUSSIA-EO14024
JSC RUSSIAN COAL	RUSSIA-EO14024
AMURUGOL AO	RUSSIA-EO14024
CLOSED JOINT STOCK COMPANY ORDER OF THE RED BANNER OF LABOR AND FRIENDSHIP OF PEOPLES PERVOURALSKIY SILICA PLANT NAMED AFTER EFIMA MOISEYEVICHA GRISHPUNA	RUSSIA-EO14024
XUANWU WENQU SEA FREIGHT SHANGHAI CO LTD	RUSSIA-EO14024
LIMITED LIABILITY COMPANY RMK	RUSSIA-EO14024
XUANWU YOUBI SEA FREIGHT SHANGHAI CO LTD	RUSSIA-EO14024
OPEN JOINT STOCK COMPANY VOLZHSKY ABRASIVE WORKS	RUSSIA-EO14024
XUANWU ZUOFU SEA FREIGHT SHANGHAI CO LTD	RUSSIA-EO14024
JOINT STOCK COMPANY MAGNEZIT HOLDING	RUSSIA-EO14024
LIMITED LIABILITY COMPANY GRUPPA MAGNEZIT	RUSSIA-EO14024
CRYOGAS VYSOTSK LIMITED LIABILITY COMPANY	RUSSIA-EO14024
PUBLIC JOINT STOCK COMPANY FOR THE PRODUCTION OF REFRACTORIES KOMBINAT MAGNEZIT	RUSSIA-EO14024
LIMITED LIABILITY COMPANY MORSKOI PORT SUKHODOL	RUSSIA-EO14024
KRASNOYARSKKRAIUGOL AO	RUSSIA-EO14024
LIMITED LIABILITY COMPANY VOSTOK OIL	RUSSIA-EO14024
RAZREZ KIRBINSKI OOO	RUSSIA-EO14024
LIMITED LIABILITY COMPANY PLANT FOR THE PRODUCTION OF PROPELLER STEERING COLUMNS SAPPHIRE	RUSSIA-EO14024
RAZREZ SAYANO PARTIZANSKI OOO	RUSSIA-EO14024
RAZREZ STEPNOI OOO	RUSSIA-EO14024
GUANGRAO LIANHE ENERGY PIPELINE CONVEYOR CO LTD	RUSSIA-EO14024
LIMITED LIABILITY COMPANY SKIF	RUSSIA-EO14024
KRU OVERSEAS LIMITED	RUSSIA-EO14024
UMBRA NAVI SHIPMANAGEMENT CORP	SDGT] [RUSSIA-EO14024
LIMITED LIABILITY COMPANY REMONTNO PROIZVODSTVENNAYA BAZA KOLMAR	RUSSIA-EO14024
JOINT STOCK COMPANY LISKINSKII ZAVOD MONTAZHNYKH ZAGOTOVOK	RUSSIA-EO14024
NONCOMMERCIAL ORGANIZATION REGIONAL INNOVATION INVESTMENT FUND YAMAL	RUSSIA-EO14024
LIMITED LIABILITY COMPANY RUSGAZBURENIE	RUSSIA-EO14024
OXIS	SDGT] [RUSSIA-EO14024
LIMITED LIABILITY COMPANY INZHINIRINGOVIY TSENTR AVTONOMNAYA ENERGETIKA	RUSSIA-EO14024
PAEZ VARGAS, Israel Daniel	SDGT] [ILLICIT-DRUGS-EO14059
DIAZ RODRIGUEZ, Salvador	SDGT] [ILLICIT-DRUGS-EO14059
AMADOR VALENZUELA, Christian Noe	SDGT] [ILLICIT-DRUGS-EO14059
NATIONAL DEVELOPMENT COMPLEX	NPWMD
BELTRAN GUZMAN, Jesus Alfredo	ILLICIT-DRUGS-EO14059
AKHTAR AND SONS PRIVATE LIMITED	NPWMD
AFFILIATES INTERNATIONAL	NPWMD
ROCKSIDE ENTERPRISE	NPWMD
KATERJI, 'Abbas	SDGT
ANISIMOV, Andrei	RUSSIA-EO14024
HAINDL, Daniel	RUSSIA-EO14024
FEDKINA, Elena	RUSSIA-EO14024
LISHENKO, Ilya	RUSSIA-EO14024
LOGOV, Roman	RUSSIA-EO14024
OSTEN BLANCO, Orozman Orlando	ILLICIT-DRUGS-EO14059
PEREZ CASTANEDA, Luis Armando	ILLICIT-DRUGS-EO14059
CASARRUBIA POSADA, Elkin	ILLICIT-DRUGS-EO14059
SUZAN GENERAL TRADING PVT LTD	GLOMAG
PATTNI, Kamlesh Mansukhlal Damji	GLOMAG
KHUDAIBERGANOVA, Yulduz	GLOMAG
SAMARIA HOLDINGS LIMITED	GLOMAG
MASHARIPOV, Aybek	GLOMAG
KURYAZOV, Anvar	GLOMAG
MAGOMEDOV, Khadzhi Murat Dalgatovich	RUSSIA-EO14024
KRASNOV, Nikita Vladimirovich	RUSSIA-EO14024
ROSSI, George	RUSSIA-EO14024
CHIRKINYAN, Elena	RUSSIA-EO14024
BRADENS, Andrejs	RUSSIA-EO14024
HERNANDEZ PEREZ, Jumilca Sandivel	TCO
TGR PARTNERS	RUSSIA-EO14024
TGR DWC-LLC	RUSSIA-EO14024
TGR CORPORATE CONCIERGE LTD	RUSSIA-EO14024
PULLMAN GLOBAL SOLUTIONS LLC	RUSSIA-EO14024
ABAKUMOV, Dmytro	GLOMAG
SANJAY, Raj Vaya	GLOMAG
VAYA, Sanjay Keshavji	GLOMAG
SINHA, Swetang	GLOMAG
VAYA, Mukesh Mansukhlal	GLOMAG
SOOD, Rahul	GLOMAG
PATTNI, Mishaal Hitesh	GLOMAG
CROSBY, David Paul	GLOMAG
SAHARA PETROLEUM PTE. LTD.	GLOMAG
SAKHARA PETROLEUM OSOO	GLOMAG
MIRDK FYUELS OSOO	GLOMAG
ROYAL SONA OSOO	GLOMAG
SUPRIM EF IKS OSOO	GLOMAG
SUN MULTINATIONAL DMCC	GLOMAG
MARWA INVESTMENTS LIMITED	GLOMAG
SUZAN GENERAL TRADING JLT	GLOMAG
FIZA GOLD AND BULLION TRADING L.L.C	GLOMAG
SIAM EXPERT TRADING COMPANY LIMITED	RUSSIA-EO14024
GOLDEN LUXURY JEWELLERY TRADING L.L.C	GLOMAG
RUHMEER DIAMONDS DMCC	GLOMAG
RUBINI INVESTMENT GROUP LIMITED	GLOMAG
SKORUS INVESTMENTS PVT LTD	GLOMAG
MEMORIES GOLDEN JEWELLERY L.L.C	GLOMAG
PRECIOUS BULLION DMCC	GLOMAG
SUN STAR TRAVEL & TOURISM L.L.C	GLOMAG
MANURAMA LIMITED	GLOMAG
SICHUAN SILENCE INFORMATION TECHNOLOGY COMPANY, LIMITED	CYBER2
IM, Song Jin	DPRK4
KIM, Yong Bok	DPRK2
KIM, Geum Cheol	DPRK2
RO, Kwang Chol	DPRK2
PAK, Jong Chon	DPRK2
NOVOSIBIRSKOBLGAZ LIMITED LIABILITY COMPANY	DPRK4] [RUSSIA-EO14024
VOSTOK TRADING LIMITED LIABILITY COMPANY	DPRK4] [RUSSIA-EO14024
DV INK LIMITED LIABILITY COMPANY	DPRK4] [RUSSIA-EO14024
SIBREGIONGAZ, AO	RUSSIA-EO14024
GAZPROM NEFT SHELF LIMITED LIABILITY COMPANY	UKRAINE-EO13662] [RUSSIA-EO14024
GAZPROMNEFT KHANTOS LIMITED LIABILITY COMPANY	UKRAINE-EO13662] [RUSSIA-EO14024
GAZPROMNEFT VOSTOK LLC	UKRAINE-EO13662] [RUSSIA-EO14024
GAZPROMNEFT MOSCOW REFINERY JOINT STOCK COMPANY	UKRAINE-EO13662] [RUSSIA-EO14024
GAZPROMNEFT OMSK REFINERY JOINT STOCK COMPANY	UKRAINE-EO13662] [RUSSIA-EO14024
GAZPROMNEFT ORENBURG LIMITED LIABILITY COMPANY	UKRAINE-EO13662] [RUSSIA-EO14024
LIMITED LIABILITY COMPANY GAZPROMNEFT REGIONAL SALES	UKRAINE-EO13662] [RUSSIA-EO14024
GAZPROMNEFT YAMAL LIMITED LIABILITY COMPANY	UKRAINE-EO13662] [RUSSIA-EO14024
GAZPROMNEFT AERO JOINT STOCK COMPANY	UKRAINE-EO13662] [RUSSIA-EO14024
OKRYU TRADING COMPANY	DPRK4
GAZPROMNEFT NOYABRSK OIL AND GAS JOINT STOCK COMPANY	UKRAINE-EO13662] [RUSSIA-EO14024
GAZPROMNEFT LUBRICANTS LTD	UKRAINE-EO13662] [RUSSIA-EO14024
GAZPROMNEFT BITUMEN MATERIALS LIMITED LIABILITY COMPANY	UKRAINE-EO13662] [RUSSIA-EO14024
GAZPROM NEFT INTERNATIONAL SA	UKRAINE-EO13662] [RUSSIA-EO14024
OSOO GAZPROM NEFT AZIYA	UKRAINE-EO13662] [RUSSIA-EO14024
GAZPROM NEFT KAZAKHSTAN LLC	UKRAINE-EO13662] [RUSSIA-EO14024
CHAMAIYATI DOROI MASAULIYATI MAKHDUDI GAZPROM NEFT TADZHIKISTAN	UKRAINE-EO13662] [RUSSIA-EO14024
ZAO MUNAY MYRZA	UKRAINE-EO13662] [RUSSIA-EO14024
NIS AD NOVI SAD	UKRAINE-EO13662] [RUSSIA-EO14024
BLACK PEARL ENERGY TRADING LLC	UKRAINE-EO13662] [RUSSIA-EO14024
HALAVINS, Aleksejs	UKRAINE-EO13662] [RUSSIA-EO14024
HOUTHI NATIONAL COMMITTEE FOR PRISONERS AFFAIRS	GLOMAG
AL-MURTADHA, Abdulqader Hasan Yahya	GLOMAG
DERYUSHKIN, Denis Olegovich	UKRAINE-EO13662] [RUSSIA-EO14024
NEMIROVSKIY, Alexander Valeryevich	UKRAINE-EO13662] [RUSSIA-EO14024
CONMAR MARITIME DMCC	UKRAINE-EO13662] [RUSSIA-EO14024
CONRAD MANAGEMENT COMPANY LLC FZ	UKRAINE-EO13662] [RUSSIA-EO14024
LATHYRUS SHIPPING COMPANY	UKRAINE-EO13662] [RUSSIA-EO14024
LULE ONE SERVICES INC	UKRAINE-EO13662] [RUSSIA-EO14024
FULDA SHIPPING CO	UKRAINE-EO13662] [RUSSIA-EO14024
INTERNATIONAL MARINE MANAGEMENT FZE	UKRAINE-EO13662] [RUSSIA-EO14024
LU, Huaying	NPWMD
ZHANG, Jian	NPWMD
GREEN ALPINE TRADING, LLC	NPWMD
OBSHCHESTVO S OGRANICHENNOI OTVETSTVENNOSTYU MTV	RUSSIA-EO14024
LIMITED LIABILITY COMPANY UPRAVLYAYUSHCHAYA KOMPANIYA EVOKORP	RUSSIA-EO14024
JIANGXI XINTUO ENTERPRISE CO LTD	RUSSIA-EO14024
NEKOMMERCHESKAYA ORGANIZATSIYA FOND INVESTITSIONNYKH PROGRAMM	RUSSIA-EO14024
FARTON MITEX SDN BHD	RUSSIA-EO14024
VIKTOROV, Maksim Valeryevich	RUSSIA-EO14024
LIMITED LIABILITY COMPANY BRIDZH BEAR	RUSSIA-EO14024
LIMITED LIABILITY COMPANY TSENTRALNYY DEPOZITARIY FONDOV	RUSSIA-EO14024
LEGAL INTELLIGENCE GROUP LIMITED	RUSSIA-EO14024
ZHEJIANG MARQUIS INTERNATIONAL TRADING CO LTD	RUSSIA-EO14024
LIMITED LIABILITY COMPANY FINANSOVAYA KOMPANIYA LINIYA INVESTITSIY	RUSSIA-EO14024
LIMITED LIABILITY COMPANY TELECOM AND MICROELECTRONICS INDUSTRIES	RUSSIA-EO14024
LIMITED LIABILITY COMPANY ELLAND POLYUS	RUSSIA-EO14024
LIMITED LIABILITY COMPANY FARVATER	RUSSIA-EO14024
LIMITED LIABILITY COMPANY VIKTORIANSKIY PARK	RUSSIA-EO14024
REG AUTO SHANGHAI INDUSTRY LTD	RUSSIA-EO14024
LIMITED LIABILITY COMPANY MLM NEVA TREYD	RUSSIA-EO14024
LIMITED LIABILITY COMPANY BR INVEST	RUSSIA-EO14024
GANZHOU GUANGWEI INTERNATIONAL TRADE CO LTD	RUSSIA-EO14024
LIMITED LIABILITY COMPANY AIDRONEKS	RUSSIA-EO14024
KOZLOV, Aleksandr Sergeyevich	RUSSIA-EO14024
FOBEARINGS SDN BHD	RUSSIA-EO14024
LIMITED LIABILITY COMPANY TIMECHIPS	RUSSIA-EO14024
LIMITED LIABILITY COMPANY RESURS GRUPP	RUSSIA-EO14024
LIMITED LIABILITY COMPANY TORGOVYY DOM AGROAKHTUBA	RUSSIA-EO14024
LIMITED LIABILITY COMPANY LOGIK AY SI	RUSSIA-EO14024
BIMAKSAN TAKIM TEZGAHLARI SANAYI VE DIS TICARET MUHLIS KOKSAL VE ORTAGI KOLLEKTIF SIRKETI	RUSSIA-EO14024
LIMITED LIABILITY COMPANY INTERSERVIS	RUSSIA-EO14024
LIMITED LIABILITY COMPANY PROMLOGISTIKA	RUSSIA-EO14024
LIMITED LIABILITY COMPANY ANGAR 22	RUSSIA-EO14024
LIMITED LIABILITY COMPANY AVIALYUKSSERVIS	RUSSIA-EO14024
LIMITED LIABILITY COMPANY LITHIUMION	RUSSIA-EO14024
APEKSGRUP LIMITED LIABILITY COMPANY	RUSSIA-EO14024
LIMITED LIABILITY COMPANY SOCHI RAZVITIYE	RUSSIA-EO14024
LIMITED LIABILITY COMPANY T TRI	RUSSIA-EO14024
DONGGUAN CITY BIGA GRATING MACHINERY CO LTD	RUSSIA-EO14024
ZHEJIANG KAIDA MACHINE TOOL CO LTD	RUSSIA-EO14024
ZHEJIANG GFIR TECHNOLOGY AND INDUSTRIAL CO LTD	RUSSIA-EO14024
LIMITED LIABILITY COMPANY ITA TECHNOLOGY	RUSSIA-EO14024
SHANDONG WEIDA HEAVY INDUSTRIES CO LTD	RUSSIA-EO14024
TAIHUI ELECTRONICS SHENZHEN CO LTD	RUSSIA-EO14024
JOINT STOCK COMPANY NOVY LIZING	RUSSIA-EO14024
LIMITED LIABILITY COMPANY FIRST LOGISTICS COMPANY	RUSSIA-EO14024
AROHI SYSTEMS TRADING LIMITED LIABILITY COMPANY	RUSSIA-EO14024
LIMITED LIABILITY COMPANY ITK SISTEMA	RUSSIA-EO14024
DONGGUAN JETLAND SUPPLIER CHAIN MANAGEMENT COMPANY LIMITED	RUSSIA-EO14024
LIMITED LIABILITY COMPANY TAGULSKOE	RUSSIA-EO14024
ABINGO DISTRIBUTORS LIMITED	RUSSIA-EO14024
LIMITED LIABILITY COMPANY CHEYNCHIP	RUSSIA-EO14024
SERMAX LOJISTIK SANAYI VE DIS TICARET LIMITED SIRKETI	RUSSIA-EO14024
LIMITED LIABILITY COMPANY DZHET SNAB	RUSSIA-EO14024
VICTORY EXPERT TRADING FZ LLC	RUSSIA-EO14024
CS YONETIM VE DESTEK HIZMETLERI LIMITED SIRKETI	RUSSIA-EO14024
LIMITED LIABILITY COMPANY TAMARIKS	RUSSIA-EO14024
PROFFPCB FZCO	RUSSIA-EO14024
LIMITED LIABILITY COMPANY TELP	RUSSIA-EO14024
NAZMIH TRADING FZE LLC	RUSSIA-EO14024
LIMITED LIABILITY COMPANY NAUCHNO PROIZVODSTVENNOE PREDPRIYATIE NEVAAPPARAT	RUSSIA-EO14024
LIMITED LIABILITY COMPANY VELOKS	RUSSIA-EO14024
ACE BEARINGS FZE	RUSSIA-EO14024
LIMITED LIABILITY COMPANY ARMEKS	RUSSIA-EO14024
DALIAN XINPENGHAI ELECTROMECHANICAL EQUIPMENT CO LTD	RUSSIA-EO14024
GLOWY PREMIER TREND SDN BHD	RUSSIA-EO14024
LIMITED LIABILITY COMPANY PROMELEKTROSERVIS	RUSSIA-EO14024
OKE PRECISION CUTTING TOOLS CO LTD	RUSSIA-EO14024
ARMIDA MAKINA IC VE DIS TICARET LIMITED SIRKETI	RUSSIA-EO14024
OBSHCHESTVO S OGRANICHENNOI OTVETSTVENNOSTYU DOMINIK	RUSSIA-EO14024
ZHOUSHAN WISON OFFSHORE AND MARINE CO LTD	RUSSIA-EO14024
SAHINLER METAL MAKINA ENDUSTRI ANONIM SIRKETI	RUSSIA-EO14024
HONGKONG YAQING SHIPPING CO LIMITED	RUSSIA-EO14024
OCEAN 28	RUSSIA-EO14024
LIMITED LIABILITY COMPANY KM GROUP	RUSSIA-EO14024
LIMITED LIABILITY COMPANY POLYEZNY ELEMENT 5	RUSSIA-EO14024
OBSHCHESTVO S OGRANICHENNOI OTVETSTVENNOSTYU SEB	RUSSIA-EO14024
JOINT STOCK COMPANY BERDSK ELECTROMECHANICAL PLANT	RUSSIA-EO14024
YURCHENKO, Vasili Alekseevich	RUSSIA-EO14024
SAVCHENKOV, Sergei Pavlovich	RUSSIA-EO14024
JOINT STOCK COMPANY ARDAL	RUSSIA-EO14024
DEPARTMENT 53 OF THE MINISTRY OF THE PEOPLE'S ARMED FORCES	DPRK2
GUAN, Tianfeng	CYBER2
LIAONING CHINA TRADE INDUSTRY CO., LTD.	DPRK2
GHEZEL HESAR PRISON	CAATSA - IRAN
VIRAMONTES SESTEAGA, Alan	SDGT] [ILLICIT-DRUGS-EO14059
ROSE SHIPPING LIMITED	IRAN-EO13902
JOURNEY INVESTMENT COMPANY	IRAN-EO13902
MS ENOLA	IRAN-EO13902
GALAXY MANAGEMENT NV	IRAN-EO13846
ATLANTIC NAVIGATION OPC PRIVATE LIMITED	IRAN-EO13846
VIGOR	IRAN-EO13846
GRUPO VINDENDE S.A. DE C.V.	SDGT] [ILLICIT-DRUGS-EO14059
KOREA OSONG SHIPPING CORPORATION	DPRK3
CHONSURIM TRADING CORPORATION	DPRK3
MASTER JOINT CO., LIMITED	IRAN-EO13902
MS ANGIA	IRAN-EO13902
SON, Kyong Sik	DPRK3
MS MELENIA	IRAN-EO13902
PASSADA MARITIME LIMITED	IRAN-EO13902
JONG, In Chol	DPRK3
LAGOSMARINE LIMITED	UKRAINE-EO13662] [RUSSIA-EO14024
RIM, Ryong Nam	NPWMD
KIM, Yon Hui	NPWMD
SAFWAN AL-DUBAI COMPANY OF SHIPPING AND TRADE	SDGT
ABD-AL-WADUD, Wail Muhammad Said	SDGT
HAJJ, Umar Ahmad Umar Ahmad	SDGT
AL-MADANI, Hashem Ismail Ali Ahmed	SDGT
MOHAMMED ALI AL THAWR EXCHANGE	SDGT
MERKUR ENERGY PORT SERVICES SDN BHD	SDGT
DOXA SHIPPING LINE INC	UKRAINE-EO13662] [RUSSIA-EO14024
AL HAZMI EXCHANGE KHALED AL HAZMI AND BROTHER COMPANY GENERAL PARTNERSHIP	SDGT
AL-HADI, Ahmad Muhammad Muhammad Hasan	SDGT
VENAYAGAMOORTHY, Puvaneswaran	SDGT
ALISSA	UKRAINE-EO13662] [RUSSIA-EO14024
BLU SHIPPING M SDN. BHD.	SDGT
KANGEN MARITIME CORPORATION	UKRAINE-EO13662] [RUSSIA-EO14024
ARJUN	UKRAINE-EO13662] [RUSSIA-EO14024
NOBLEFU COMPANY LIMITED	UKRAINE-EO13662] [RUSSIA-EO14024
AULIS	UKRAINE-EO13662] [RUSSIA-EO14024
TEFCAS MARINE SDN. BHD.	SDGT
KUPA LINES INCORPORATED	UKRAINE-EO13662] [RUSSIA-EO14024
CANGJIE	UKRAINE-EO13662] [RUSSIA-EO14024
BRECALIN HONG KONG CO LTD	IRAN-EO13846
PROGRESS V	IRAN-EO13846
SCORPIUS	IRAN-EO13846
ELIZA II	IRAN-EO13846
SHINY SAILS SHIPPING LTD	IRAN-EO13846
AVITAL	IRAN-EO13846
SYMI SHIPPING LIMITED	UKRAINE-EO13662] [RUSSIA-EO14024
SHUN TAI	UKRAINE-EO13662] [RUSSIA-EO14024
WORTHALIANCE LIMITED	UKRAINE-EO13662] [RUSSIA-EO14024
KAPAL CANTIK	UKRAINE-EO13662] [RUSSIA-EO14024
GESSI MARITIME CORPORATION	UKRAINE-EO13662] [RUSSIA-EO14024
MERCURY	UKRAINE-EO13662] [RUSSIA-EO14024
WAVECREST MARITIME LIMITED	UKRAINE-EO13662] [RUSSIA-EO14024
MOTI	UKRAINE-EO13662] [RUSSIA-EO14024
TAGABO MARITIME CORPORATION	UKRAINE-EO13662] [RUSSIA-EO14024
NANDA DEVI	UKRAINE-EO13662] [RUSSIA-EO14024
TRIDENT INFINITY LIMITED	UKRAINE-EO13662] [RUSSIA-EO14024
NEVE	UKRAINE-EO13662] [RUSSIA-EO14024
CHENG SHIPPING AND TRADER LIMITED	UKRAINE-EO13662] [RUSSIA-EO14024
PING AN	UKRAINE-EO13662] [RUSSIA-EO14024
KANNIAPPAN, JR, Ezekial	SDGT
ABEDININAJAFABADI, Mohammad	NPWMD] [IRGC] [IFSR
SANAT DANESH RAHPUYAN AFLAK COMPANY LTD	NPWMD] [IRGC] [IFSR
ILLUMOVE SA	NPWMD] [IRGC] [IFSR
MERAT, Kaveh	NPWMD] [IRGC] [IFSR
GOMELAURI, Vakhtang	GLOMAG
KEZEVADZE, Mirza	GLOMAG
MISTRAL 1	UKRAINE-EO13662] [RUSSIA-EO14024
OBREGON PEREZ, Hector Andres	VENEZUELA
IVANISHVILI, Bidzina Grigoris Dze	RUSSIA-EO14024
MENDELEEVA, Olesya Anatolevna	GLOMAG
FOXTROT NETWORK	TCO
MAJID, Rawa	TCO
LOS VIAGRAS	FTO] [SDGT] [ILLICIT-DRUGS-EO14059
SIERRA SANTANA, Nicolas	ILLICIT-DRUGS-EO14059
SEPULVEDA ARELLANO, Cesar Alejandro	ILLICIT-DRUGS-EO14059
CISNEROS FLORES, Heladio	ILLICIT-DRUGS-EO14059
CASTILLO RENGIFO, Manuel Enrique	VENEZUELA
FIGUERA VALDEZ, Jose Ramon	VENEZUELA
VELASQUEZ ARAGUAYAN, Ramon Celestino	VENEZUELA
OSORIO GUZMAN, Felix Ramon	VENEZUELA
FERRER SANDREA, Danny Ramon	VENEZUELA
RICO GONZALEZ, Douglas Arnoldo	VENEZUELA
SALAZAR BELLO, Jhonny Rafael	VENEZUELA
THE TERRORGRAM COLLECTIVE	SDGT
AMORIM FERREIRA, Ciro Daniel	SDGT
LICUL, Noah	SDGT
MULLER, Hendrik Wahl	SDGT
JOINT STOCK COMPANY TENTH BEARING PLANT	RUSSIA-EO14024
ARSA GAS COMPANY	IRAN-EO13902
EMAMJOMEH, Seyed Asadoollah	IRAN-EO13902
EMAMJOMEH, Meisam	IRAN-EO13902
NILGON PARSA CASPIAN SHIPPING COMPANY	IRAN-EO13902
PARSA FIDAR PAYDAR ENGINEERING AND TECHNOLOGY COMPANY	IRAN-EO13902
PARSA SALAKH QESHM INDUSTRIAL COMPLEX	IRAN-EO13902
CASPIAN PETROCHEMICAL FZE	IRAN-EO13902
PARSA TRABAR CASPIAN INTERNATIONAL TRANSPORTATION COMPANY	IRAN-EO13902
PEARL PETROCHEMICAL FZE	IRAN-EO13902
PARSA TRABAR PERSIA INTERNATIONAL TRANSPORTATION COMPANY	IRAN-EO13902
PASAR GAS COMPANY	IRAN-EO13902
PASAR GAS NOVIN TRADING COMPANY	IRAN-EO13902
WORLDWIDE LPG LIMITED	IRAN-EO13902
PETRO PARSA CASPIAN IRANIAN COMPANY	IRAN-EO13902
MOUSA, Mohammed Hamdan Daglo	SUDAN-EO14098
AHMMED, Abu Dharr Abdul Nabi Habiballa	SUDAN-EO14098
LIMITED LIABILITY COMPANY UGOLNYY POTOK	RUSSIA-EO14024
KOMAROV, Artem Andreyevich	RUSSIA-EO14024
JOINT STOCK COMPANY KERAMAX	RUSSIA-EO14024
WAFANGDIAN BEARING COMPANY LIMITED	RUSSIA-EO14024
YOUNG FOLKS INTERNATIONAL TRADING CO., LIMITED	IRAN-EO13902
KOMAROV, Klim Andreyevich	RUSSIA-EO14024
LIMITED LIABILITY COMPANY TERRA STAL GRUPP	RUSSIA-EO14024
CH BILLION	IRAN-EO13902
LIMITED LIABILITY COMPANY KERAMAKS	RUSSIA-EO14024
LIMITED LIABILITY COMPANY DEREVOOBRABATYVAYUSHCHAYA KOMPANIYA	RUSSIA-EO14024
LIMITED LIABILITY COMPANY KERAMAKS PROFESSIONALNYE SVAROCHNYE RESHENIYA	RUSSIA-EO14024
PUBLIC JOINT STOCK COMPANY KAMENSK URALSKIY METALLURGICHESKIY ZAVOD	RUSSIA-EO14024
LIMITED LIABILITY COMPANY KERAMAKS VERKHNYAYA SALDA	RUSSIA-EO14024
LIMITED LIABILITY COMPANY BURILNYE TRUBY	RUSSIA-EO14024
LIMITED LIABILITY COMPANY TORGOVYY DOM KERAMAKS	RUSSIA-EO14024
LIMITED LIABILITY COMPANY KERAMAKS METALLURGICHESKIYE MATERIALY	RUSSIA-EO14024
LIMITED LIABILITY COMPANY NAUCHNO PROIZVODSTVENNOYE PREDPRIYATIYE KERAMAKS INZHINIRING	RUSSIA-EO14024
LIMITED LIABILITY COMPANY KERAMAKS LIZING	RUSSIA-EO14024
JOINT STOCK COMPANY NEW SPACE CORPORATION	RUSSIA-EO14024
STAR RAPID MANUFACTURING CO LTD	RUSSIA-EO14024
JOINT STOCK COMPANY TUGANSK MINING AND PROCESSING ENTERPRISE ILMENITE	RUSSIA-EO14024
FLUX MARITIME LLP	IRAN-EO13902
LIMITED LIABILITY COMPANY TRANSLOM	RUSSIA-EO14024
LIMITED LIABILITY COMPANY TRANSLOMMARKET	RUSSIA-EO14024
LIMITED LIABILITY COMPANY CHERMET SERVIS	RUSSIA-EO14024
LIMITED LIABILITY COMPANY KEYDZHI RUS	RUSSIA-EO14024
AKTSIONERNOE OBSHCHESTVO BOGOSLOVSKOE RUDOUPRAVLENIE	RUSSIA-EO14024
LIMITED LIABILITY COMPANY METEKSIM	RUSSIA-EO14024
JOINT STOCK COMPANY NOVOTROITSKII ZAVOD HROMOVYH SOEDINENII	RUSSIA-EO14024
LIMITED LIABILITY COMPANY TREYD METALL	RUSSIA-EO14024
LIMITED LIABILITY COMPANY TORGOVYY DOM VOLFRAM MOLIBDEN	RUSSIA-EO14024
NYCITY SHIPMANAGEMENT CO LTD	IRAN-EO13902
BSM MARINE LIMITED LIABILITY PARTNERSHIP	IRAN-EO13846
YATEEKA	IRAN-EO13846
URGANE I	IRAN-EO13902
AL-BURHAN, Abdel Fattah	SUDAN-EO14098
KIRYUSHKIN, Oleg Nikolayevich	RUSSIA-EO14024
MELNIK, Irina Nikolaevna	RUSSIA-EO14024
OBSHCHESTVO S OGRANICHENNOI OTVETSTVENNOSTIU ROKEM SERVIS	RUSSIA-EO14024
VOVCHENKO, Sergei Nikolaevich	RUSSIA-EO14024
JOINT STOCK COMPANY LUCH PLANT	RUSSIA-EO14024
JOINT STOCK COMPANY RT LOGISTICS	RUSSIA-EO14024
LI, Fangyue	RUSSIA-EO14024
PUBLIC JOINT STOCK COMPANY SARANSK INSTRUMENT WORKS	RUSSIA-EO14024
JOINT STOCK COMPANY LYTKARINO OPTICAL GLASS PLANT	RUSSIA-EO14024
PORTEX TRADE LIMITED	SUDAN-EO14098
ABDALLA, Ahmed	SUDAN-EO14098
CENTRAL RESEARCH INSTITUTE FOR SPECIAL MACHINERY	RUSSIA-EO14024
JIANGSU KUNYEE ENVIRONMENTAL TECHNOLOGIES COMPANY LTD	RUSSIA-EO14024
JOINT STOCK COMPANY RESEARCH INSTITUTE OF PHYSICAL MEASUREMENTS	RUSSIA-EO14024
SHENZHEN UNISON BIO TECH CO LTD	RUSSIA-EO14024
SHAANXI JIAJUNAO CONSTRUCTION ENGINEERING COMPANY LTD	RUSSIA-EO14024
OBSHCHESTVO S OGRANICHENNOI OTVETSTVENNOSTIU OMNITREID	RUSSIA-EO14024
JOINT STOCK COMPANY SEROV MECHANICAL PLANT	RUSSIA-EO14024
POPOV COMMUNICATIONS EQUIPMENT PLANT	RUSSIA-EO14024
SHENZHEN BIOSEN BIO TECH CO LTD	RUSSIA-EO14024
JOINT STOCK COMPANY MOTOVILICHA PLANTS	RUSSIA-EO14024
VOITIKHOV, Dmitrii Evgenevich	RUSSIA-EO14024
SHENZHEN YISHENGDA INTERNATIONAL TECHNOLOGY CO LTD	RUSSIA-EO14024
JOINT STOCK HOLDING COMPANY BARNAULTRANSMASH	RUSSIA-EO14024
UNIHUI INTERNATIONAL LIMITED	RUSSIA-EO14024
DMITRIENKO, Aleksei Gennadievich	RUSSIA-EO14024
JOINT STOCK COMPANY RYAZAN RADIO PLANT	RUSSIA-EO14024
JOINT STOCK COMPANY VOENTORG	RUSSIA-EO14024
LIMITED LIABILITY COMPANY NAUCHNO PROIZVODSTVENNOE PREDPRIYATIE TECHNOPROEKT	RUSSIA-EO14024
LIMITED LIABILITY COMPANY MANAGEMENT METALLURGICAL COMPANY STEEL	RUSSIA-EO14024
OBSHCHESTVO S OGRANICHENNOI OTVETSTVENNOSTIU SV POLIMER	RUSSIA-EO14024
LIMITED LIABILITY COMPANY INTERNATIONAL CONGRESSES AND EXHIBITIONS	RUSSIA-EO14024
PUBLIC JOINT STOCK COMPANY NADEZHDINSKIY METALLURGICHESKIY ZAVOD	RUSSIA-EO14024
LIMITED LIABILITY COMPANY SCIENTIFIC AND PRODUCTION CENTER SKADA	RUSSIA-EO14024
JOINT STOCK COMPANY SCIENTIFIC PRODUCTION ENTERPRISE RUSBAL	RUSSIA-EO14024
FEDERAL STATE AUTONOMOUS INSTITUTION CONGRESS AND EXHIBITION CENTER PATRIOT	RUSSIA-EO14024
LIMITED LIABILITY COMPANY SCIENTIFIC PRODUCTION ASSOCIATION TSENTROTEKH	RUSSIA-EO14024
MINING AND CHEMICAL COMPLEX FEDERAL STATE UNITARY ENTERPRISE	RUSSIA-EO14024
SCIENTIFIC RESEARCH INSTITUTE OF COMMAND DEVICES	RUSSIA-EO14024
JOINT STOCK COMPANY NIZHNY NOVGOROD RESEARCH AND PRODUCTION ASSOCIATION NAMED AFTER MV FRUNZE	RUSSIA-EO14024
JOINT STOCK COMPANY AEROELEKTROMASH	RUSSIA-EO14024
FEDERAL STATE UNITARY ENTERPRISE ZAPORIZHZHYA NUCLEAR POWER PLANT	RUSSIA-EO14024
LIMITED LIABILITY COMPANY RESEARCH AND PRODUCTION ENTERPRISE ANTARES	RUSSIA-EO14024
JOINT STOCK COMPANY ANTARES	RUSSIA-EO14024
JOINT STOCK COMPANY AVTOAGREGAT	RUSSIA-EO14024
LIMITED LIABILITY COMPANY SPETSTEKHNIKA	RUSSIA-EO14024
ISAEV, Vladislav Vasilievich	RUSSIA-EO14024
HAUCORE LTD	RUSSIA-EO14024
ANTONOV, Yakov Mikhailovich	RUSSIA-EO14024
COSMOS LINES INC	IRAN-EO13846
AUSTINSHIP MANAGEMENT PRIVATE LIMITED	IRAN-EO13846
AMAK	IRAN-EO13846
MENG XIN	IRAN-EO13846
PHOENIX I	IRAN-EO13846
ATLASNOBLE GAYRIMENKUL DANISMANLIK ANONIM SIRKETI	RUSSIA-EO14024
YMV KREYN VE MAKINA SISTEMLERI SANAYI TICARET ANONIM SIRKETI	RUSSIA-EO14024
KANGAN PETRO REFINING COMPANY	IRAN-EO13846
OCTANE ENERGY GROUP FZCO	IRAN-EO13846
ALKONOST MARITIME DMCC	IRAN-EO13846
HERBARIUM OFFICE MANAGEMENT LLC	UKRAINE-EO13662] [RUSSIA-EO14024
PRIKHODKO, Andrei Valeryevich	UKRAINE-EO13662] [RUSSIA-EO14024
AKTSIONERNOE OBSHCHESTVO ATLANT TORG	UKRAINE-EO13662] [RUSSIA-EO14024
LIMITED LIABILITY COMPANY SIGMA PARTNERS	UKRAINE-EO13662] [RUSSIA-EO14024
AKTSIONERNOE OBSHCHESTVO TRANZAKTSII I RASCHETY	UKRAINE-EO13662] [RUSSIA-EO14024
JOINT STOCK COMPANY ARCTUR	UKRAINE-EO13662] [RUSSIA-EO14024
PAYLINK LIMITED	UKRAINE-EO13662] [RUSSIA-EO14024
ANHUI HONGSHENG INTERNATIONAL TRADE CO LTD	UKRAINE-EO13662] [RUSSIA-EO14024
QINGYUAN FO FENG LEDA SUPPLY CHAIN SERVICE CO LTD	UKRAINE-EO13662] [RUSSIA-EO14024
HEILONGJIANG SHUNSHENG ECONOMIC AND TRADE DEVELOPMENT CO LTD	UKRAINE-EO13662] [RUSSIA-EO14024
QINGDAO HEZHI BUSINESS SERVICE CO LTD	UKRAINE-EO13662] [RUSSIA-EO14024
XINJIANG FINANCIAL IMPORT AND EXPORT CO LTD	UKRAINE-EO13662] [RUSSIA-EO14024
HANGZHOU XIANGHE TRADING CO LTD	UKRAINE-EO13662] [RUSSIA-EO14024
SHAANXI HONGRUN JINHUA TRADING CO LTD	UKRAINE-EO13662] [RUSSIA-EO14024
FUJIAN XINFUWANG INTERNATIONAL TRADE CO LTD	UKRAINE-EO13662] [RUSSIA-EO14024
JILIN PROVINCE SHUNDA TRADING COMPANY LTD	UKRAINE-EO13662] [RUSSIA-EO14024
YUKSEL, Ahmet	RUSSIA-EO14024
OJSC KEREMET BANK	RUSSIA-EO14024
YIN, Kecheng	CYBER3
SICHUAN JUXINHE NETWORK TECHNOLOGY CO., LTD.	CYBER3
YEMEN KUWAIT BANK FOR TRADE AND INVESTMENT Y.S.C	SDGT
YONGHONGAN TRADE LIMITED	NPWMD] [IFSR
DINGTAI INDUSTRIAL TECHNOLOGY CO LIMITED	NPWMD] [IFSR
HONG KONG TIANLE INTERNATIONAL CO LIMITED	NPWMD] [IFSR
DDC DEVELOP INDUSTRY HONG KONG LIMITED	NPWMD] [IFSR
SHENZHEN ZHIYU INTERNATIONAL TRADE CO LTD	NPWMD] [IFSR
JP ORIENTAL INTERNATIONAL HOLDINGS LIMITED	NPWMD] [IFSR
MILETUS LINE LTD	SDGT
GOZOSO GROUP LTD	SDGT
MARSHAL SHIP MANAGEMENT PRIVATE LIMITED	SDGT
OCEAN DOLPHIN SHIP MANAGEMENT LTD	SDGT
GIOIOSA	SDGT
ARANHA, Ryan Xavier	SDGT
ESHAGHI, Jamshid	SDGT
KOLAHDOZMAHALEH, Mohammad Ali Riazi	SDGT
GHAZI, Farshad	SDGT
AHARI, Farbod Mohseni	SDGT
SEPEHR ENERGY JAHAN NAMA TABAN	SDGT
SEPEHR ENERGY HAMTA PARS	SDGT
SEPEHR ENERGY PAYA GOSTAR JAHAN	SDGT
ZHOU, Shuai	CYBER3
SHANGHAI HEIYING INFORMATION TECHNOLOGY COMPANY, LIMITED	CYBER3
ZSERVERS	CYBER3
MISHIN, Alexander Igorevich	CYBER3
BOLSHAKOV, Aleksandr Sergeyevich	CYBER3
LAVIAN, Arash	SDGT
LUCKY OCEAN SHIPPING LIMITED	IRAN-EO13902
STAR FOREST	IRAN-EO13902
KABAREBE, James	DRCONGO
CARTELES UNIDOS	FTO] [SDGT] [ILLICIT-DRUGS-EO14059
ABDULSALAM, Mohammad	SDGT
AL-MASHAT, Mahdi Mohammed Hussein	SDGT
AL-HOUTHI, Mohamed Ali	SDGT
AL-HADI, Ali Muhammad Muhsin Salih	SDGT
ALAGRI, Abdulmalek Abdullah Mohammed E	SDGT
GABER, Khaled Hussein Saleh	SDGT
ALMARWANI, Eshaq Abdulmalek Abdullah	SDGT
AL-JABRI, Abdulwali Abdoh Hasan	SDGT
AL-JABRI GENERAL TRADING AND INVESTMENT CO	SDGT
CASINOVA	IRAN-EO13902
LE MONDE MARINE SERVICES LIMITED	IRAN-EO13902
PETRONIX ENERGY TRADING LIMITED	IRAN-EO13902
IRANIAN OIL TERMINALS COMPANY	IRAN-EO13902
PETROQUIMICO FZE	IRAN-EO13902
MIRI, Sayyed Ali	IRAN-EO13902
MOALEMI, Ali	IRAN-EO13902
SUNNY LAND TRADING LTD	IRAN-EO13902
LYDIA II	IRAN-EO13902
GREEN GARDEN TRADING LTD	IRAN-EO13902
GERAMI, Gholamhossein	IRAN-EO13902
AYDEN	IRAN-EO13902
ARTEMIS HEART LTD	IRAN-EO13902
BOVARD, Hamid	IRAN-EO13902
FIONA	IRAN-EO13902
ASADROUZ, Abbass	IRAN-EO13902
KHAN, Karim Asad Ahmad	ICC-EO14203
OCEANEND SHIPPING LTD	IRAN-EO13846
ASTERIX	IRAN-EO13846
IMS LTD	IRAN-EO13846
VIOLET 1	IRAN-EO13846
CHAMTANG	IRAN-EO13846
PETERPAUL	IRAN-EO13846
PARSARAD, Behrouz	ILLICIT-DRUGS-EO14059
MOSQUERA SERRANO, Giovanni Vicente	SDGT] [TCO
PRINCE GROUP TRANSNATIONAL CRIMINAL ORGANIZATION	TCO
MIRA SERDA, Aleksandr Khoseluisovich	CYBER4
KARAVATSKY, Pavel	CYBER4
MENDELEEV, Sergey	CYBER4
INDEPENDENT DECENTRALIZED FINANCE SMARTBANK AND ECOSYSTEM	CYBER4
EXVED	CYBER4
PAKNEJAD, Mohsen	IRAN-EO13902
SEA SERVICES PROVIDERS NV	IRAN-EO13902
LEXI	IRAN-EO13902
TURQUOISE SEA MARINE LIMITED	IRAN-EO13902
LYDYA N	IRAN-EO13902
AREN SHIP MANAGEMENT	IRAN-EO13902
FALLON SHIPPING COMPANY LIMITED	IRAN-EO13902
POLARIS 1	IRAN-EO13902
HONG KONG HESHUN TRANSPORTATION TRADING LIMITED	IRAN-EO13902
PEACE HILL	IRAN-EO13902
SEASKY MARINE CO., LIMITED	IRAN-EO13902
SEASKY	IRAN-EO13902
CELESTITE MARITIME INC	IRAN-EO13902
MARINE SOLUTION PVT LTD	IRAN-EO13902
NESO	IRAN-EO13902
SHANNON II	IRAN-EO13902
NEPTUNE MARINE LTD	IRAN-EO13902
UNITED TANKERS LTD	IRAN-EO13902
HUAXIA TRADING LTD	IRAN-EO13902
ITAUGUA	IRAN-EO13902
ITAUGUA SERVICES INC	IRAN-EO13902
LAKE VIEW SHIP MANAGEMENT PRIVATE LIMITED	IRAN-EO13902
BLUE GULF	IRAN-EO13902
SUN SCIENCE INTERNATIONAL CO., LIMITED	IRAN-EO13902
CORONA FUN	IRAN-EO13902
PT. BINTANG SAMUDRA UTAMA	IRAN-EO13846
SHIPLOAD MARITIME PTE. LTD.	IRAN-EO13846
PT. GIANIRA ADHINUSA SENATAMA	IRAN-EO13846
MARINA VISION	IRAN-EO13846
CELEBES	IRAN-EO13846
MALILI	IRAN-EO13846
ROYAL SHUNE LEI COMPANY LIMITED	DPRK] [BURMA-EO14014
AUNG, Tin Myo	DPRK] [BURMA-EO14014
MYINT, Kyaw Thu Myo	DPRK] [BURMA-EO14014
AYYUB, Fatimah 'Abdallah	SDGT
MURTADA, Mahasin Mahmud	SDGT
AYYUB, Hawra' 'Abdallah	SDGT
KHAFAJA, Jamil Mohamad	SDGT
LEBANESE UNITED GROUP SAL	SDGT
SECUROL GLASS CURTAINS	SDGT
SHANDONG SHOUGUANG LUQING PETROCHEMICAL CO., LTD.	IRAN-EO13902
CITYWALLSHIP MANAGEMENT CO LTD	IRAN-EO13902
PLACENCIA SERVICES INCORPORATION	IRAN-EO13902
MONTROSE	IRAN-EO13902
JETEE CO., LIMITED	IRAN-EO13902
BRITNEY RYDER LIMITED	IRAN-EO13902
VOLANS	IRAN-EO13902
SEAPALM SHIPPING LIMITED	IRAN-EO13902
TITAN	IRAN-EO13902
AM ASIA M6 LTD	SDGT
LLC KOLIBRI GROUP	SDGT
LLC EDISON	SDGT
AM THESEUS	SDGT
LLC SKY FRAME	SDGT
GHAIRAT, Hushang	SDGT
GHAIRAT, Sohrab	SDGT
ASTRID MENKS LIMITED	IRAN-EO13902
NATALINA 7	IRAN-EO13902
CANES VENATICI LIMITED	IRAN-EO13902
CATALINA 7	IRAN-EO13902
SEA BREEZE SHIPPING INC	IRAN-EO13902
SETASEAN SHIP MANAGEMENT LIMITED	IRAN-EO13902
LYRARI GROUP LTD	IRAN-EO13902
ZENITH BRIDGE INC	IRAN-EO13902
AL-BAZZAL, Rashid Qasim	SDGT
RAVEE SARL	SDGT
VIDANOV, Vyacheslav Vladimirovich	SDGT
BELYAKOV, Yuri Vladimirovich	SDGT
JAFARI, Hassan	SDGT
HURTADO OLASCOAGA, Adita	SDGT] [ILLICIT-DRUGS-EO14059
HURTADO OLASCOAGA, Ubaldo	SDGT] [ILLICIT-DRUGS-EO14059
BRAVA LAKE	IRAN-EO13902
VIOLA	IRAN-EO13902
AURORA RILEY	IRAN-EO13902
WANG, Xueqing	IRAN-EO13902
HUAYING HUIZHOU DAYA BAY PETROCHEMICAL TERMINAL STORAGE CO., LTD	IRAN-EO13846
LIMITED LIABILITY COMPANY LUKOIL PERM	RUSSIA-EO14024
LUKOIL AIK A LIMITED LIABILITY COMPANY	RUSSIA-EO14024
LUKOIL KALININGRADMORNEFT	RUSSIA-EO14024
LUKOIL WEST SIBERIA LIMITED	RUSSIA-EO14024
URALOIL	RUSSIA-EO14024
RUSSIAN INNOVATION FUEL AND ENERGY COMPANY	RUSSIA-EO14024
LIMITED LIABILITY COMPANY RN KRASNODARNEFTEGAZ	RUSSIA-EO14024
JOINT STOCK COMPANY RYAZAN OIL REFINERY COMPANY	RUSSIA-EO14024
JOINT STOCK COMPANY EAST SIBERIAN OIL AND GAS COMPANY	RUSSIA-EO14024
RN UVATNEFTEGAZ	RUSSIA-EO14024
JOINT STOCK COMPANY ROSPAN INTERNATIONAL	RUSSIA-EO14024
LIMITED LIABILITY COMPANY RN PURNEFTEGAZ	RUSSIA-EO14024
JOINT STOCK COMPANY GROZNEFTEGAZ	RUSSIA-EO14024
JOINT STOCK COMPANY SAMARANEFTEGAS	RUSSIA-EO14024
AKTSIONERNOE OBSHCHESTVO KUIBYSHEVSKII NEFTEPERERABATYVAYUSHCHII ZAVOD	RUSSIA-EO14024
LIMITED LIABILITY COMPANY KYNSKO CHASELSKOE NEFTEGAZ	RUSSIA-EO14024
PUBLIC JOINT STOCK COMPANY SARATOV OIL REFINERY	RUSSIA-EO14024
JSC RN NYAGANNEFTEGAZ	RUSSIA-EO14024
LIMITED LIABILITY COMPANY RN TUAPSE OIL REFINERY	RUSSIA-EO14024
LIMITED LIABILITY COMPANY BASHNEFT POLUS	RUSSIA-EO14024
PUBLICHNOE AKTSIONERNOE OBSCHESTVO UDMURTNEFT IMENI VI KUDINOVA	RUSSIA-EO14024
TAAS YURYAKH NEFTEGAZODOBYCHA LLC	RUSSIA-EO14024
KHARAMPURNEFTEGAZ	RUSSIA-EO14024
BASHNEFT DOBYCHA	RUSSIA-EO14024
AO SIBNEFTEGAZ	RUSSIA-EO14024
KAREN NATIONAL ARMY	TCO] [BURMA-EO14014
THU, Saw Chit	TCO] [BURMA-EO14014
MOHAMMADNIA, Gholamhossein	HOSTAGES-EO14078
DANESHVAR, Taqi	HOSTAGES-EO14078
MOGHADAM, Reza Amiri	HOSTAGES-EO14078
KOREA SONGKWANG TRADING GENERAL CORPORATION	DPRK4
KOREA SAENAL TRADING CORPORATION	DPRK4
OCEANIC ORBIT INCORPORATED	IRAN-EO13902
PRO MISSION SDN BHD	IRAN-EO13902
ASATRYAN LIMITED LIABILITY COMPANY	DPRK3
RESTON	IRAN-EO13902
FORTUNA LIMITED LIABILITY COMPANY	DPRK3
EH MOO, Saw Htoo	TCO] [BURMA-EO14014
ASATRYAN, Gayk	DPRK3
RAH ROSHD INTERNATIONAL TRADE EXCHANGES DEVELOPMENT	NPWMD] [IFSR
AKBARI, Hossein	NPWMD] [IFSR
YOUSEFNEJAD, Abbas	NPWMD] [IFSR
INFRACOM COMMUNICATION NETWORKS FZE	NPWMD] [IFSR
ZIBO SHENBO MACHINELECTRONICS CO LTD	NPWMD] [IFSR
DIAMOND CASTLE ELECTRONICS TRADING LLC	NPWMD] [IFSR
FUTURE TRENDS GOODS WHOLESALERS LLC	NPWMD] [IFSR
PHENOMENA INTERNATIONAL GENERAL TRADING LLC	NPWMD] [IFSR
CHIT, Saw Chit	TCO] [BURMA-EO14014
KARUSISI, Ruki	DRCONGO
BRAR, Jugwinder Singh	IRAN-EO13902
PRIME TANKERS LLC	IRAN-EO13902
GLORY INTERNATIONAL FZ-LLC	IRAN-EO13902
VALIANT MARINE VENTURES FZE	IRAN-EO13846
AMOR	IRAN-EO13846
GLOBAL TANKERS PRIVATE LIMITED	IRAN-EO13902
RISING PHOENIX PROVIDER NV	IRAN-EO13846
MARZIYA SHIPPING OPC PVT LTD	IRAN-EO13846
B AND P SOLUTIONS PRIVATE LIMITED	IRAN-EO13902
VIRGO	IRAN-EO13846
GUANGSHA ZHOUSHAN ENERGY GROUP CO., LTD.	IRAN-EO13846
GLOBAL ELEGANCE	IRAN-EO13902
GLOBAL EMERALD	IRAN-EO13902
GLOBAL PEAK	IRAN-EO13902
GLOBAL RANI	IRAN-EO13902
GLOBAL STAR	IRAN-EO13902
GLOBAL ACE	IRAN-EO13902
GLOBAL EVEREST	IRAN-EO13902
GLOBAL ANGEL	IRAN-EO13902
GLOBAL FALCON	IRAN-EO13902
GLOBAL BEAUTY	IRAN-EO13902
GLOBAL MAHARANI	IRAN-EO13902
GLOBAL DIGNITY	IRAN-EO13902
GLORY STAR I	IRAN-EO13902
HARMONY	IRAN-EO13902
GLOBAL EAGLE	IRAN-EO13902
GLOBAL HAWK	IRAN-EO13902
OCEAN PRINCESS 1	IRAN-EO13902
GLOBAL PEACE	IRAN-EO13902
CHIL 1	IRAN-EO13902
GLOBAL CREST	IRAN-EO13902
GLOBAL ASPHALT	IRAN-EO13902
GLOBAL DOMINANCE	IRAN-EO13902
MIRAGE	IRAN-EO13902
GLOBAL GENESIS	IRAN-EO13902
LUANDA 1	IRAN-EO13902
NADIYA	IRAN-EO13902
PURNA	IRAN-EO13902
EL BARAKA ASSOCIATION FOR CHARITABLE AND HUMANITARIAN WORK	SDGT
BRAHIMI, Ahmed	SDGT
AL WEAM CHARITABLE SOCIETY	SDGT
SIMRAN	IRAN-EO13902
ABU MAREI, Muhammad Sami Muhammad	SDGT
FILISTIN VAKFI	SDGT
ARARAWI, Zeki Abdullah Ibrahim	SDGT
ADDAMEER PRISONER SUPPORT AND HUMAN RIGHTS ASSOCIATION	SDGT
ABU RASHED, Amin	SDGT
RASHED, Israa Abou	SDGT
ISRAA CHARITABLE FOUNDATION NETHERLANDS	SDGT
BESTLA	IRAN-EO13902
EGRET	IRAN-EO13902
DEXIANG SHIPPING CO., LIMITED	IRAN-EO13902
BESTLA COMPANY LIMITED	IRAN-EO13902
RANI	IRAN-EO13902
CIVIC CAPITAL SHIPPING INC.	IRAN-EO13902
STARBOARD SHIPPING INC.	IRAN-EO13902
NYANTARA	IRAN-EO13902
SHANDONG SHENGXING CHEMICAL CO., LTD.	IRAN-EO13902
THORIUM POWER COMPANY	NPWMD] [IFSR
PARS REACTORS CONSTRUCTION AND DEVELOPMENT COMPANY	NPWMD] [IFSR
AZARAB INDUSTRIES CO.	NPWMD] [IFSR
ATBIN ISTA TECHNICAL AND ENGINEERING COMPANY	NPWMD] [IFSR
MOSALLAT, Majid	NPWMD] [IFSR
PEGAH ALUMINUM ARAK COMPANY	NPWMD] [IFSR
JURAIDINI SILVA, Oscar Guillermo	SDGT] [ILLICIT-DRUGS-EO14059
MORFIN MORFIN, Cesar	SDGT] [ILLICIT-DRUGS-EO14059
MORFIN MORFIN, Remigio	ILLICIT-DRUGS-EO14059
MORFIN MORFIN, Alvaro Noe	ILLICIT-DRUGS-EO14059
SLA. SERVICIOS LOGISTICOS AMBIENTALES, S.A. DE C.V.	SDGT] [ILLICIT-DRUGS-EO14059
GRUPO JALA LOGISTICA, S.A. DE C.V.	SDGT] [ILLICIT-DRUGS-EO14059
FUNNULL TECHNOLOGY INC	CYBER3
LIU, Lizhi	CYBER3
INTERNATIONAL BANK OF YEMEN Y.S.C.	SDGT
AL JEBRY, Kamal Hussain	SDGT
AL-ABSI, Ahmed Thabit Noman	SDGT
BAZARA, Abdulkader Ali	SDGT
AGARWAL, Ketan	IRAN-EO13902
VIV ANSANM	FTO] [SDGT
GRAN GRIF	FTO] [SDGT
VOLOSOVIK, Aleksandr Aleksandrovich	CAATSA - RUSSIA] [CYBER4
ZATOLOKIN, Kirill Andreevich	CAATSA - RUSSIA] [CYBER4
PANKOVA, Yulia Vladimirovna	CAATSA - RUSSIA] [CYBER4
MEDIA LAND, LLC	CAATSA - RUSSIA] [CYBER4
ML.CLOUD, LLC	CAATSA - RUSSIA] [CYBER4
DABY JR., Paul	ILLICIT-DRUGS-EO14059
DUNCAN, Randolph	ILLICIT-DRUGS-EO14059
SAWH, Himnauth	ILLICIT-DRUGS-EO14059
GREAT SUCCESS SHIPPING CO	SDGT
SANCHEZ VALLEJO, Yeison Andres	ILLICIT-DRUGS-EO14059
WHITE WHALE	SDGT
SALAZAR GUTIERREZ, Manuel	ILLICIT-DRUGS-EO14059
SAMAN TEJARAT BARMAN TRADING COMPANY	NPWMD] [IFSR
CROMWELL, Mark	ILLICIT-DRUGS-EO14059
ASGARI, Mohammad	NPWMD] [IFSR
SHENZHEN AMOR LOGISTICS CO LTD	NPWMD] [IFSR
ZARGAR BAB ALDASHTI, Abed	NPWMD] [IFSR
ZARGAR BAB ALDASHTI, Hamed	NPWMD] [IFSR
ZARGAR BAB ALDASHTI, Zahra	NPWMD] [IFSR
MODARRES FATHI, Forough	NPWMD] [IFSR
POUR KAZEMI, Abbas	NPWMD] [IFSR
ZAAS SHIPPING & TRADING CO	SDGT
SARAH	SDGT
YANLING CHUANXING CHEMICAL PLANT GENERAL PARTNERSHIP	NPWMD] [IFSR
CHINA CHLORATE TECH CO LIMITED	NPWMD] [IFSR
YANLING LINGFENG CHLORATE CO LTD	NPWMD] [IFSR
DONGYING WEIAIEN CHEMICAL CO LTD	NPWMD] [IFSR
BAGSAK SHIPPING INC	SDGT
MAISAN	SDGT
SOLVENT ORGANICS FZE	IRAN-EO13846
ALSEERAH TRADING L.L.C	IRAN-EO13846
HAROLD TRADING L.L.C	IRAN-EO13846
SHIVNANI ORGANICS FZE	IRAN-EO13846
KIMPAS KIMYEVI MADDELER PAZARLAMA TICARET VE SANAYII ANONIM SIRKETI	IRAN-EO13846
VROOM MARINE VENTURE FZE	IRAN-EO13846
KEYHAN SANJESH AZMA TECHNICAL QUANTITY AND QUALITY INTERNATIONAL INSPECTION CO.	IRAN-EO13846
ELOISE	IRAN-EO13846
IBARRA DIAZ JR., Michael	SDGT] [ILLICIT-DRUGS-EO14059
HEBEI XINHAI CHEMICAL GROUP CO., LTD.	IRAN-EO13846
XING AO ENERGY PTE. LTD.	IRAN-EO13846
VIEGAS, Lincoln Francisco	IRAN-EO13902
NISSHO LINES INCORPORATED	IRAN-EO13902
THANE	IRAN-EO13902
EMBRACE QUE LIMITED	IRAN-EO13902
IMPALAS	IRAN-EO13902
ALAMI, Jihad	SDGT
AL-'AMILI, Mu'in Daqiq	SDGT
NI'MAH, Hasan Abdallah	SDGT
NEHME, Fadi	SDGT
BAOGANG DONGYING DONGGANG LOGISTICS AND WAREHOUSING CO., LTD.	IRAN-EO13902
SHANDONG JINGANG PORT CO., LTD.	IRAN-EO13902
SHANDONG BAOGANG INTERNATIONAL PORT CO., LTD.	IRAN-EO13846
STAR TWINKLE SHIPPING LIMITED	IRAN-EO13902
HONG KONG PRIME TRADING CO., LIMITED	IRAN-EO13902
SKADI LIMITED	IRAN-EO13902
PROPITIOUS FOREVER TRADING CO LTD	IRAN-EO13902
STAR TWINKLE 6	IRAN-EO13902
LAMD	IRAN-EO13902
SKADI	IRAN-EO13902
BIG MAG	IRAN-EO13902
FUYA PARS PROSPECTIVE TECHNOLOGISTS	NPWMD] [IFSR
QIN, Dehui	NPWMD] [IFSR
SARMAND SAZEH SAZAN SOROUSH	NPWMD] [IFSR
WANG, Chao	NPWMD] [IFSR
QINGDAO PREMIER TECHNOLOGY CO LTD	NPWMD] [IFSR
ADVANCED FIBER DEVELOPMENT COMPANY	NPWMD] [IFSR
QIN, Jinhua	NPWMD] [IFSR
WANG, Piao	NPWMD] [IFSR
RESO TRADING SHANGHAI CO LTD	NPWMD] [IFSR
REZAI, Mohammad	NPWMD] [IFSR
SUPER SOURCES INDUSTRIAL CO LIMITED	NPWMD] [IFSR
SHARIF HAMRAH SCIENCE AND TECHNOLOGY RESEARCHERS	NPWMD] [IFSR
NANTONG YIHONG NEW MATERIALS CO LTD	NPWMD] [IFSR
SABER, Sayyed Mohammad Reza Seddighi	NPWMD] [IFSR
TALAB, Ahmad Haghighat	NPWMD] [IFSR
NANTONG TANCHEN HIGH PERFORMANCE MATERIAL CO LTD	NPWMD] [IFSR
SHANGHAI NINESTEX NEW MATERIAL TECHNOLOGY CO LTD	NPWMD] [IFSR
SHANGHAI TANCHAIN NEW MATERIAL TECHNOLOGY CO LTD	NPWMD] [IFSR
CCIC SINGAPORE PTE. LTD.	SDGT] [IFSR
T C CAPITAL CO LTD	CYBER4
NANHAI LIMITED	SDGT] [IFSR
FORSAL CHARTERING CORPORATION	SDGT] [IFSR
K B HOTEL CO LTD	CYBER4
FINE SANMATA SHIPPING CO., LIMITED	SDGT] [IFSR
M D S HENG HE INVESTMENT CO LTD	CYBER4
HENG HE BAVET PROPERTY CO LTD	CYBER4
BALU	SDGT
DONG, Lecheng	CYBER4
ROC	SDGT
XU, Aimin	CYBER4
K B X INVESTMENT CO LTD	CYBER4
STAR ENERGY INTERNATIONAL LIMITED	SDGT] [IFSR
XIN RUI JI TRAD CO., LIMITED	SDGT] [IFSR
MILEN TRADING CO., LIMITED	SDGT] [IFSR
CHEN, Al Len	CYBER4
KHORASANI NIASARI, Mohammad	SDGT] [IFSR
SU, Liangsheng	CYBER4
HH BANK CAMBODIA PLC	CYBER4
QINGDAO FUSHEN PETROCHEMICAL CO., LTD	SDGT] [IFSR
HUANGDAO INSPECTION AND CERTIFICATION CO., LTD	SDGT] [IFSR
QINGDAO LINKRICH INTERNATIONAL SHIPPING AGENCY CO., LTD	SDGT] [IFSR
METAONE TRADING LIMITED	SDGT] [IFSR
SOUTH SEA ENERGY LIMITED	SDGT] [IFSR
ORIENTAL APPLE COMPANY PTE LTD	SDGT] [IFSR
CONTINENTAL SINOIL GROUP LIMITED	SDGT] [IFSR
WINSO TRADING LIMITED	SDGT] [IFSR
SEPEHR, Ali Majd	SDGT] [IFSR
DAREHSHIRI, Mohammadali Mansour	SDGT] [IFSR
SORENA HUSHMAND SAMANEH COMPANY	SDGT] [IFSR
SARMADI, Roudabeh	SDGT] [IFSR
AL KAWTHER NEON LLC	SDGT] [IFSR
GREEN LIGHT COMPUTER CO LLC	SDGT] [IFSR
GUILLOU, Nicolas Yann	ICC-EO14203
ALAPINI GANSOU, Reine Adelaide Sophie	ICC-EO14203
BOSSA, Solomy Balungi	ICC-EO14203
IBANEZ CARRANZA, Luz Del Carmen	ICC-EO14203
PROST, Kimberly	ICC-EO14203
AKHTARIAN, Sayyed Payam	SDGT] [IFSR
REZAEI, Farzaneh	SDGT] [IFSR
ZANDIAN, Manoochehr	SDGT] [IFSR
BAGHERI, Hoda Baradaran	SDGT] [IFSR
ZAHEDI, Saeid	SDGT] [IFSR
SAIRAN INFORMATION EXCHANGE SPACE SECURITY INDUSTRIES COMPANY	SDGT] [IFSR
GONZALEZ SAUCEDA, Ricardo	SDGT] [ILLICIT-DRUGS-EO14059
DE ANDA LEDEZMA, Miguel Angel	SDGT] [ILLICIT-DRUGS-EO14059
ZARRINGHALAM, Mansour	IRAN-EO13902
BSTSHESH HK LIMITED	IRAN-EO13902
NASSER ZARRIN GHALAM AND PARTNERS COMPANY	IRAN-EO13902
CHUNLING HK LIMITED	IRAN-EO13902
FITAGE LIMITED	IRAN-EO13902
GUTOWN TRADE LIMITED	IRAN-EO13902
HERO COMPANION LIMITED	IRAN-EO13902
KINLERE TRADING LIMITED	IRAN-EO13902
KONOSAG TRADING LIMITED	IRAN-EO13902
LASTSIX TRADING LIMITED	IRAN-EO13902
MAGICAL EAGLE LIMITED	IRAN-EO13902
MARLENA TRADING LIMITED	IRAN-EO13902
PLZCOME LIMITED	IRAN-EO13902
PRETTYANDY TRADING LIMITED	IRAN-EO13902
PROFU COMPANY LIMITED	IRAN-EO13902
QUESTANO HK LIMITED	IRAN-EO13902
SALEDIGE TRADING LIMITED	IRAN-EO13902
XIA TRADING LIMITED	IRAN-EO13902
YIMINAI AUTOPARTS TRADING LIMITED	IRAN-EO13902
MANSOUR ZARRIN GHALAM AND PARTNERS COMPANY	IRAN-EO13902
ZARRINGHALAM, Fazlolah	IRAN-EO13902
MESHKAT, Farahnaz	IRAN-EO13902
ZARRINGHALAM, Nasser	IRAN-EO13902
SHETABAN, Hossein	IRAN-EO13902
ZARRIN GHALAM AND PARTNERS COMPANY	IRAN-EO13902
ZARRIN TEHRAN INVESTMENT COMPANY	IRAN-EO13902
ZARRINGHALAM, Mitra	IRAN-EO13902
KIMIA SADR PASARGAD COMPANY	IRAN-EO13902
ZARRINGHALAM, Pouria	IRAN-EO13902
SOLTANIZADEH, Parviz	IRAN-EO13902
WIDE VISION GENERAL TRADING L.L.C	IRAN-EO13902
J.S SERENITY TRADING FZE	IRAN-EO13902
GOLDEN PEN GENERAL TRADING L.L.C	IRAN-EO13902
MODERATE GENERAL TRADING L.L.C	IRAN-EO13846
ACE PETROCHEM FZE	IRAN-EO13846
ZHANG, Yu	IRAN-EO13902
KUHI, Fatemeh Sarlak	IRAN-EO13902
TRANS ARCTIC GLOBAL MARINE SERVICES PTE. LTD.	IRAN-EO13902
THEMIS	IRAN-EO13902
THEMIS LIMITED	IRAN-EO13902
SHANDONG JINCHENG PETROCHEMICAL GROUP CO., LTD.	IRAN-EO13902
FOTIS	IRAN-EO13902
KATA'IB AL-IMAM ALI	FTO] [SDGT
HUTHELE, Nasr Mohsen Ali	SDGT
FOTIS LINES INCORPORATED	IRAN-EO13902
EGIR SHIPPING LTD	IRAN-EO13902
VIZURI	IRAN-EO13902
UNICO SHIPPING CO LTD	NPWMD] [IFSR
HONESTAR	NPWMD] [IFSR
ATHENA SHIPPING CO LTD	NPWMD] [IFSR
V-SHIPPING PTE LTD	NPWMD] [IFSR
SHENZHEN XINXIN SHIPPING CO LTD	NPWMD] [IFSR
EDISA DIS TICARET LIMITED SIRKETI	NPWMD] [IFSR
FUTECH CO LTD	NPWMD] [IFSR
TOWSE SANAYE NIM RESANAYE TARASHE	NPWMD] [IFSR
DONGGUAN ZANYIN MACHINERY AND EQUIPMENT CO LTD	NPWMD] [IFSR
BETENSH GLOBAL INVESTMENT LIMITED AND DONG DONG SHIPPING LIMITED	IRAN-EO13902
BIANCA JOYSEL	IRAN-EO13902
ARES SHIPPING LIMITED	IRAN-EO13902
REGAL LIBERTY LIMITED	IRAN-EO13902
HONG KONG HANGSHUN SHIPPING LIMITED	IRAN-EO13902
U BEACON SHIPPING CO., LIMITED	IRAN-EO13902
ARES	IRAN-EO13902
GIANT	IRAN-EO13902
KONGM	IRAN-EO13902
ADELINE G	IRAN-EO13902
RUIZ VELASCO, Ricardo	SDGT] [ILLICIT-DRUGS-EO14059
ZHANG, Yanbing	NPWMD] [IFSR
AKALI REALTORS	SDGT] [ILLICIT-DRUGS-EO14059
CENTRO MEDIADOR DE LA COSTA, S.A. DE C.V.	SDGT] [ILLICIT-DRUGS-EO14059
CONSULTORIAS PROFESIONALES ALMIDA, S.A. DE C.V.	SDGT] [ILLICIT-DRUGS-EO14059
CORPORATIVO COSTA NORTE, S.A. DE C.V.	SDGT] [ILLICIT-DRUGS-EO14059
CORPORATIVO INTEGRAL DE LA COSTA, S.A. DE C.V.	SDGT] [ILLICIT-DRUGS-EO14059
FISHING ARE US, S. DE R.L. DE C.V.	SDGT] [ILLICIT-DRUGS-EO14059
BARRAZA PABLOS, Victor Manuel	SDGT] [ILLICIT-DRUGS-EO14059
NUNEZ RIOS, Jose Raul	SDGT] [ILLICIT-DRUGS-EO14059
URIAS VAZQUEZ, Sheila Paola	SDGT] [ILLICIT-DRUGS-EO14059
BEACH Y MARINA, S.A. DE C.V.	SDGT] [ILLICIT-DRUGS-EO14059
CLUB PLAYA REAL, S.A. DE C.V.	SDGT] [ILLICIT-DRUGS-EO14059
PROYECTA INTERNA, S.A. DE C.V.	SDGT] [ILLICIT-DRUGS-EO14059
ECO CAMPESTRES ULTRA, S.A.P.I. DE C.V.	SDGT] [ILLICIT-DRUGS-EO14059
IMB 24 SIETE, S.A. DE C.V.	SDGT] [ILLICIT-DRUGS-EO14059
MKT 24 SIETE, S.A. DE C.V.	SDGT] [ILLICIT-DRUGS-EO14059
MUE RENTA Y VENTA DE VESTIDOS	SDGT] [ILLICIT-DRUGS-EO14059
CARPE DIEM SPA	SDGT] [ILLICIT-DRUGS-EO14059
SEA WA BEACH CLUB, S.A. DE C.V.	SDGT] [ILLICIT-DRUGS-EO14059
COMERCIALIZADORA COPADO, S.A. DE C.V.	SDGT] [ILLICIT-DRUGS-EO14059
INMOBILIARIA INTEGRAL DEL PUERTO, S.A. DE C.V.	SDGT] [ILLICIT-DRUGS-EO14059
KVY BUCERIAS, S.A. DE C.V.	SDGT] [ILLICIT-DRUGS-EO14059
LAMINADO PROFESIONAL AUTOMOTRIZ ELTE, S.A. DE C.V.	SDGT] [ILLICIT-DRUGS-EO14059
SANTAMARIA CRUISE, S. DE R.L. DE C.V.	SDGT] [ILLICIT-DRUGS-EO14059
SERVICIOS INMOBILIARIOS IBADI, S.A. DE C.V.	SDGT] [ILLICIT-DRUGS-EO14059
SUNMEX TRAVEL, S. DE R.L. DE C.V.	SDGT] [ILLICIT-DRUGS-EO14059
TTR GO, S.A. DE C.V.	SDGT] [ILLICIT-DRUGS-EO14059
SAID, Salim Ahmed	IRAN-EO13902
DIMA SHIPPING AND TRADING COMPANY	SDGT
GAS MARYAM	SDGT
GRAT SHIPPING CO LTD	SDGT
ATILA	SDGT
VS OIL TERMINAL FZE	IRAN-EO13902
WHITE SANDS SHIPMANAGEMENT CORP.	SDGT
ELIZABET	SDGT
VS TANKERS FREE ZONE ENTITY - F.Z.E DMCC BRANCH	IRAN-EO13902
DIJILAH	IRAN-EO13902
RHINE SHIPPING DMCC	IRAN-EO13902
VS PETROLEUM DMCC	IRAN-EO13902
THE WILLETT HOTEL LIMITED	IRAN-EO13902
ROBINBEST LIMITED	IRAN-EO13902
BUFETE CELSO GAMBOA AND ASOCIADOS	ILLICIT-DRUGS-EO14059
LOS CHAPITOS	SDGT] [ILLICIT-DRUGS-EO14059
ISLE INNOVATION INC	IRAN-EO13846
RIEVERIA I	IRAN-EO13846
ASSOCIAZIONE BENEFICA LA CUPOLA D'ORO	SDGT
SAI SABURI CONSULTING SERVICES PRIVATE LIMITED	IRAN-EO13846
BATELEUR	IRAN-EO13846
NEEL	IRAN-EO13846
ARTEMIS III	IRAN-EO13846
BREEZE MARINE ASSET MANAGEMENT INC	IRAN-EO13846
QINGDAO PORT HAIYE DONGJIAKOU OIL PRODUCTS CO., LTD	IRAN-EO13846
HOHLER, Beti	ICC-EO14203
KAVEH METHANOL COMPANY	IRAN-EO13846
ARIA SINA CONTROL INTERNATIONAL TECHNICAL INSPECTION CO.	IRAN-EO13846
ASIAN SEA ANGEL SHIPPING CO	IRAN-EO13846
BLACK DIAMOND PETROLEUM DERIVATIVES	SDGT
STAR PLUS YEMEN TRADING LIMITED	SDGT
TAMCO ESTABLISHMENT FOR OIL DERIVATIVES	SDGT
ROYAL PLUS SHIPPING SERVICES AND COMMERCIAL AGENCIES	SDGT
YAHYA AL-USAILI COMPANY FOR IMPORT LIMITED	SDGT
GASOLINE AMAN COMPANY FOR OIL DERIVATIVES IMPORTS	SDGT
AZZAHRA ESTABLISHMENT FOR COMMERCE AND AGENCIES	SDGT
ABBOT TRADING CO., LTD.	SDGT
YEMEN ELAPH PETROLEUM DERIVATIVES IMPORT	SDGT
DABBASH, Abdullah Ahsan Abdullah	SDGT
AL-WASHLI, Zaid	SDGT
DAGHSAN, Daghsan Ahmed	SDGT
TALEA, Ali Ahmed Daghsan	SDGT
HUBEI CHICA INDUSTRIAL CO., LTD.	SDGT
SHENZHEN SHENGNAN TRADING CO., LTD.	SDGT
SHANXI SHUTONG IMPORT AND EXPORT TRADE CO. LTD.	SDGT
LI, Ying	SDGT
SHANDONG MINGMING NEW MATERIAL TECHNOLOGY CO., LTD.	SDGT
GUANGZHOU NAHARI TRADING CO., LTD.	SDGT
AL-NAHARI, Mohammed Abdulwasea Hael	SDGT
AL-HAMMADI TRADING, SHIPPING, AND CLEARANCE CO., LTD.	SDGT
YIWU WAN SHUN TRADING COMPANY LIMITED	SDGT
IRTIQA FOR DEVELOPMENT AND QUALIFICATION TECHNICAL INSTITUTE	SDGT
GUANGZHOU YAKAI INTERNATIONAL FREIGHT FORWARDING CO., LTD.	SDGT
AL-HAMMADI, Nasr Hussein	SDGT
AL-NAHARI, Hisham Abdulwasea Hael Mohammed	SDGT
RODRIGUEZ GARCIA, Abdon Federico	SDGT] [ILLICIT-DRUGS-EO14059
ROMERO SANCHEZ, Antonio	SDGT] [ILLICIT-DRUGS-EO14059
HERNANDEZ MEDRANO, Ricardo	SDGT] [ILLICIT-DRUGS-EO14059
ESQUEDA NIETO, Francisco Daniel	SDGT] [ILLICIT-DRUGS-EO14059
VALENTE	SDGT
BEST WAY TANKER CORP	SDGT
OCEAN VOYAGE LLC	SDGT
GUERRERO FLORES, Hector Rusthenford	SDGT] [TCO
RIOS GOMEZ, Wendy Marbelys	SDGT] [TCO
SANTANA PENA, Josue Angel	SDGT] [TCO
ATLANTIS MZ	SDGT
ATLANTIS M. SHIPPING CO	SDGT
PENZEV, Arsenii Aleksandrovich	CAATSA - RUSSIA] [CYBER4
BOZOYAN, Yurii Meruzhanovich	CAATSA - RUSSIA] [CYBER4
KNYAZEV, Igor Anatolyevich	CAATSA - RUSSIA] [CYBER4
GAST, Vladimir Vyacheslavovich	CAATSA - RUSSIA] [CYBER4
AEZA GROUP LLC	CAATSA - RUSSIA] [CYBER4
AEZA INTERNATIONAL, LTD.	CYBER4
AEZA LOGISTIC LLC	CAATSA - RUSSIA] [CYBER4
CLOUD SOLUTIONS LLC	CAATSA - RUSSIA] [CYBER4
JAMIL, Nehme Ahmad	SDGT
KASSIR, Issa Hussein	SDGT
FAWAZ, Samer Hasan	SDGT
BEZZ, Imad Mohamad	SDGT
KARNIB, Ali Mohamad	SDGT
TASHILAT SARL	SDGT
KRISHT, Ali Ahmad	SDGT
BADIR, Mohammed Suleiman	SDGT
STORELAB, S.A. DE C.V.	SDGT] [ILLICIT-DRUGS-EO14059
PEAKWAY GLOBAL LIMITED	SDGT] [IFSR
GAH PETROCHEMICAL TRADING LIMITED	SDGT] [IFSR
MIST TRADING CO., LIMITED	SDGT] [IFSR
PULCULAR ENERJI SANAYI VE TICARET ANONIM SIRKETI	SDGT] [IFSR
BRIGHT SPOT GOODS WHOLESALERS L.L.C	SDGT] [IFSR
GOLDEN GLOBE DEMIR CELIK PETROL SANAYI VE TICARET ANONIM SIRKETI	SDGT] [IFSR
METALLEX LIMITED	SDGT] [IFSR
AMITO TRADING LIMITED	SDGT] [IFSR
MOON IMP AND EXP CO., LIMITED	SDGT] [IFSR
MACERA INTERNATIONAL LIMITED	SDGT] [IFSR
SHELF TRADING LIMITED	SDGT] [IFSR
FUTURE RESOURCE TRADING LIMITED	SDGT] [IFSR
VENTUS TRADE LIMITED	SDGT] [IFSR
CETTO INTERNATIONAL LIMITED	SDGT] [IFSR
JTU ENERGY LIMITED	SDGT] [IFSR
LAVIDA CORPORATION LIMITED	SDGT] [IFSR
FINESSE GLOBAL TRADING LIMITED	SDGT] [IFSR
QUEENS RING LIMITED	SDGT] [IFSR
RADIX TRADE LIMITED	SDGT] [IFSR
STAR OILGLOBAL LIMITED	SDGT] [IFSR
MARMERTH LIMITED	SDGT] [IFSR
A7 LIMITED LIABILITY COMPANY	CYBER4
A71 LIMITED LIABILITY COMPANY	CYBER4
A7 AGENT LIMITED LIABILITY COMPANY	CYBER4
AL-SUNAYDAR, Muhammad	SDGT
AL-SAIDA STONE FOR TRADING AND AGENCIES	SDGT
AL WAZIR, Yahya Mohammed Mohammed	SDGT
AMRAN CEMENT FACTORY	SDGT
ARKAN MARS PETROLEUM DMCC	SDGT
CONDE URAGA, Martha Emilia	SDGT] [ILLICIT-DRUGS-EO14059
COMERCIAL VIOSMA DEL NOROESTE, S.A. DE C.V.	SDGT] [ILLICIT-DRUGS-EO14059
PROLIMPH QUIMICOS EN GENERAL, S.A. DE C.V.	SDGT] [ILLICIT-DRUGS-EO14059
PROVEEDORA DE SERVICIOS DE SALUD MENTAL DEL PACIFICO, S.A. DE C.V.	SDGT] [ILLICIT-DRUGS-EO14059
ROCO DEL PACIFICO INMOBILIARIA, S.A. DE C.V.	SDGT] [ILLICIT-DRUGS-EO14059
FAVELA LOPEZ, Francisco	SDGT] [ILLICIT-DRUGS-EO14059
FAVELA LOPEZ, Victor Andres	SDGT] [ILLICIT-DRUGS-EO14059
FAVELA LOPEZ, Jorge Luis	SDGT] [ILLICIT-DRUGS-EO14059
FAVELA LOPEZ, Maria Gabriela	SDGT] [ILLICIT-DRUGS-EO14059
VERDUGO ARAUJO, Jairo	SDGT] [ILLICIT-DRUGS-EO14059
GALLARDO GARCIA, Gilberto	SDGT] [ILLICIT-DRUGS-EO14059
BHARDWAJ HUMAN SMUGGLING ORGANIZATION	TCO
BHARDWAJ, Vikrant	TCO
GAMBOA SANCHEZ, Celso Manuel	ILLICIT-DRUGS-EO14059
ARIAS MONGE, Alejandro	ILLICIT-DRUGS-EO14059
JAMES WILSON, Alejandro Antonio	ILLICIT-DRUGS-EO14059
ROMERO, Yohan Jose	SDGT] [TCO
PEREZ CASTILLO, Wilmer Jose	SDGT] [TCO
LOPEZ VEGA, Edwin Danney	ILLICIT-DRUGS-EO14059
LIMON BLACK STAR FC	ILLICIT-DRUGS-EO14059
CASTILLO RONDON, Felix Anner	SDGT] [TCO
VALADEZ FLORES, Jose German	TCO
MENDOZA VILLEGAS, Jorge Alejandro	TCO
PONCE FELIX, Juan Jose	SDGT] [ILLICIT-DRUGS-EO14059
LOS MAYOS	SDGT] [ILLICIT-DRUGS-EO14059
FARIAS ALVAREZ, Juan Jose	SDGT] [ILLICIT-DRUGS-EO14059
BARRAGAN CHAVEZ, Luis Enrique	SDGT] [ILLICIT-DRUGS-EO14059
FERNANDEZ MAGALLON, Alfonso	SDGT] [ILLICIT-DRUGS-EO14059
OROZCO CABADAS, Edgar Valeriano	SDGT] [ILLICIT-DRUGS-EO14059
THERCUMEX, S.A. DE C.V.	TCO
BHARDWAJ, S.A. DE C.V.	TCO
V AND V ASTILLERO, S.A. DE C.V.	TCO
OPERADORA TURISTICA PRINCIPESSA, S.A. DE C.V.	TCO
BLACK GOLD PLUS ENERGIES TRADING L.L.C	TCO
VVN REAL ESTATE L.L.C	TCO
CONSTRUCTORA GERLIFE, S.A. DE C.V.	TCO
COMERCIALIZADORA VESPA, S.A. DE C.V.	TCO
COMERCIALICUN, S.A. DE C.V.	TCO
CARGAS Y REGULACIONES ELECTRICAS, S.A. DE C.V.	TCO
GONZALEZ LOMELI, Jesus	SDGT] [ILLICIT-DRUGS-EO14059
ARKAN MARS PETROLEUM COMPANY FOR OIL PRODUCTS IMPORTS	SDGT
ARKAN MARS PETROLEUM FZE	SDGT
MYANMAR YATAI INTERNATIONAL HOLDING GROUP CO., LTD.	GLOMAG
YATAI INTERNATIONAL HOLDING GROUP LIMITED	GLOMAG
SHE, Zhijiang	GLOMAG
OO, Saw Min Min	TCO] [BURMA-EO14014
WIN, Tin	TCO] [BURMA-EO14014
PRINCE HOLDING GROUP	TCO
CHIT LINN MYING CO., LTD.	TCO] [BURMA-EO14014
CHIT LINN MYAING MINING AND INDUSTRY COMPANY LIMITED	TCO] [BURMA-EO14014
CHIT LINN MYAING TOYOTA COMPANY LIMITED	TCO] [BURMA-EO14014
SHWE MYINT THAUNG YINN INDUSTRY AND MANUFACTURING COMPANY LIMITED	TCO] [BURMA-EO14014
MYONG, Chol Min	DPRK4
KIM, Se Un	NPWMD
KOREA SOBAEKSU TRADING CORPORATION	NPWMD
WESER SHIPPING INC.	IRAN-EO13902
DERAKHSHAN, Alireza	IRAN-EO13902
TRIS GAS	IRAN-EO13902
SHAMKHANI, Mohammad Hossein	IRAN-EO13902
HABIBULLAH HABIBULLAH, Mohamed Rafeek	IRAN-EO13902
XANTE LINE INC.	IRAN-EO13902
XANTE	IRAN-EO13902
YUG SHIPPING INC.	IRAN-EO13902
CAPTAIN DYNASTY SHIPPING L.L.C	IRAN-EO13902
ZALE SHIPPING INC.	IRAN-EO13902
YUG	IRAN-EO13902
ZALE	IRAN-EO13902
TEODOR SHIPPING L.L.C	IRAN-EO13902
NEO SHIPPING INC.	IRAN-EO13902
URANUS	IRAN-EO13902
JO, Kyong Hun	NPWMD
TAGOR	IRAN-EO13902
PATEL, Pankaj Nagjibhai	IRAN-EO13902
CADEDDU, Elisabetta	IRAN-EO13902
ABHRA	IRAN-EO13902
APATE	IRAN-EO13902
NEMRUT	IRAN-EO13902
OMNI	IRAN-EO13902
AETHER	IRAN-EO13902
TOA PAYOH	IRAN-EO13902
SHREEJI GEMS LTD	IRAN-EO13902
BRIONT	IRAN-EO13902
KURIAN, Jacob	IRAN-EO13902
MANASLU	IRAN-EO13902
NAIR, Anil Kumar Panackal Narayanan	IRAN-EO13902
TASSOS	IRAN-EO13902
CORA LINES INC.	IRAN-EO13902
CHARMINAR	IRAN-EO13902
TETON GLOBAL TRADING LIMITED	IRAN-EO13902
EVENTIN	IRAN-EO13902
CARLINGTON PETROCHEM FZCO	IRAN-EO13902
ETANA TRADING DMCC	IRAN-EO13902
SIMBA	IRAN-EO13902
ULTIMATE SPIRIT LIMITED	IRAN-EO13902
STAR	IRAN-EO13902
MAX ENERGY FUEL TRADING L.L.C	IRAN-EO13902
TEX	IRAN-EO13902
TIMON	IRAN-EO13902
G M C G SHIPPING L.L.C	IRAN-EO13902
YOGI	IRAN-EO13902
ZAGOR	IRAN-EO13902
GMCG LTD.	IRAN-EO13902
MUHSIN AL-AZZAWI, Thamoud Mohammed	IRAN-EO13902
VARELA DE LEON, Hector	IRAN-EO13902
INTERNATIONAL SHIPPING BUREAU L.L.C	IRAN-EO13902
VANI	IRAN-EO13902
GMCG HOLDING CORP	IRAN-EO13902
MILAVOUS GROUP LTD	IRAN-EO13902
GREEN ENERGY CHEMICALS ENERJI KIMYASALLARI SANAYI TICARET ANONIM SIRKETI	IRAN-EO13902
MILAVOUS COMMODITIES HOLDING LIMITED	IRAN-EO13902
MILAVOUS HOLDING LIMITED	IRAN-EO13902
NOVA LINES INC.	IRAN-EO13902
ELKE	IRAN-EO13902
REEL SHIPPING L.L.C	IRAN-EO13902
OCEAN LEONID INVESTMENTS LTD	IRAN-EO13902
NEST WISE PETROLEUM L.L.C	IRAN-EO13902
DHANU	IRAN-EO13902
AEOLUS	IRAN-EO13902
OCEAN LEONID INVESTMENTS AG	IRAN-EO13902
CERUS	IRAN-EO13902
ACE	IRAN-EO13902
OCEAN LEONID INVESTMENTS SINGAPORE PTE. LTD.	IRAN-EO13902
ROB	IRAN-EO13902
OENERGY COMMODITIES DMCC	IRAN-EO13902
GAUJA	IRAN-EO13902
NEST WISE TRADING S.R.L.	IRAN-EO13902
NEST WISE TRADING PTE. LTD.	IRAN-EO13902
TB ANPING	IRAN-EO13902
ARMADA GLOBAL SHIPPING DMCC	IRAN-EO13902
KOBAN SHIPPING L.L.C	IRAN-EO13902
FRACTAL MARINE DMCC	IRAN-EO13902
PROGWIN SHIPPING SA	IRAN-EO13902
MEUSE SHIPPING INC.	IRAN-EO13902
BACKSTREET PALM CORP	IRAN-EO13902
PHILIPPE, Mathieu Alain Michel	IRAN-EO13902
BPT SHIPPING CO L.L.C	IRAN-EO13902
MAHADEV MARITIME INC	IRAN-EO13902
KYLO SHIPPING INC.	IRAN-EO13902
WESTANKER LIMITED	IRAN-EO13902
IRIS	IRAN-EO13902
WESTANKER DENIZCILIK VE TICARET LIMITED SIRKETI	IRAN-EO13902
YODAN	IRAN-EO13902
CRIOS SHIPPING L.L.C	IRAN-EO13902
OKA SHIPPING INC.	IRAN-EO13902
DRACO BUREN SHIPPING PTE. LTD.	IRAN-EO13902
THE ZULU SHIPS MANAGEMENT AND OPERATION - SOLE PROPRIETORSHIP L.L.C	IRAN-EO13902
WANTA SHIPPING L.L.C-FZ	IRAN-EO13902
ALGAE SHIP CHARTER - FZCO	IRAN-EO13902
DEMASURE, Yves Leon Agnes	IRAN-EO13902
MARVISE SMC DMCC	IRAN-EO13902
ETHERA	IRAN-EO13902
TAMBE, Elyas Jafer	IRAN-EO13902
COBER FZCO DMCC	IRAN-EO13902
MISHELL	IRAN-EO13902
MYRA	IRAN-EO13902
BIGLI	IRAN-EO13902
BERTIE	IRAN-EO13902
ANTARES I	IRAN-EO13902
SILVER TETRA MARINE CO.	IRAN-EO13902
RAVI LINES INC	IRAN-EO13902
KANTI LINES INC.	IRAN-EO13902
GUANYIN	IRAN-EO13902
IANTHE	IRAN-EO13902
KANTI	IRAN-EO13902
MAHADEV	IRAN-EO13902
KYLO	IRAN-EO13902
QUI LAB, S.A. DE C.V.	SDGT] [ILLICIT-DRUGS-EO14059
FAVELA PRO, S.A. DE C.V.	SDGT] [ILLICIT-DRUGS-EO14059
AGROLAREN, S.P.R. DE R.L. DE C.V.	SDGT] [ILLICIT-DRUGS-EO14059
FAVELAB, S.A. DE C.V.	SDGT] [ILLICIT-DRUGS-EO14059
DISTRIBUIDORA DE PRODUCTOS Y SERVICIOS VIAND, S.A. DE C.V.	SDGT] [ILLICIT-DRUGS-EO14059
IMPORTACIONES Y NACIONAL MARCERLAB, S.A. DE C.V.	SDGT] [ILLICIT-DRUGS-EO14059
LOPEZ ARAUJO, Cesar Elias	SDGT] [ILLICIT-DRUGS-EO14059
CONTROL AFZAR TABRIZ CO LTD	NPWMD] [IFSR
ALE	IRAN-EO13902
ALIZADEH HOSHYAR, Javad	NPWMD] [IFSR
HAKUNA MATATA	IRAN-EO13902
LIDIA	IRAN-EO13902
MOANA	IRAN-EO13902
PINOCCHIO	IRAN-EO13902
PUMBA	IRAN-EO13902
RANTANPLAN	IRAN-EO13902
JR ALIMENTOS DEL MAR, S. DE R.L. DE C.V.	SDGT] [ILLICIT-DRUGS-EO14059
CLIFTON TRADING LIMITED	NPWMD] [IFSR
MECATRON MACHINERY CO LTD	NPWMD] [IFSR
JOEMARS MACHINERY AND ELECTRIC INDUSTRIAL CO LTD	NPWMD] [IFSR
CHANGZHOU JOEMARS INDUSTRIAL AUTOMATION CO LTD	NPWMD] [IFSR
CYRUS OFFSHORE BANK	IRAN-EO13902
NOURI, Hadi	IRAN-EO13902
HERRERA SANCHEZ, Mario Alberto	SDGT] [ILLICIT-DRUGS-EO14059
FATAHINOJOKAMBARI, Alireza	IRAN-EO13902
HERRERA SANCHEZ, Karlo Omar	SDGT] [ILLICIT-DRUGS-EO14059
BERJISIAN, Adel	IRAN-EO13902
ARCEGA AGUIRRE, Candelario	SDGT] [ILLICIT-DRUGS-EO14059
BROWN FIGUEREDO, Hilda Araceli	SDGT] [ILLICIT-DRUGS-EO14059
JAVANMARDI, Shahab	IRAN-EO13902
PAEZ PEREDA, Carlos Alberto	SDGT] [ILLICIT-DRUGS-EO14059
PASARGAD ARIAN INFORMATION AND COMMUNICATION TECHNOLOGY COMPANY	IRAN-EO13902
ZHOUSHAN JINRUN PETROLEUM TRANSFER CO., LTD.	IRAN-EO13846
ETIHAD ENGINEERING AND MARINE SERVICES FZC	IRAN-EO13846
SEATURBO	IRAN-EO13846
TRUGEN	IRAN-EO13846
SEABASS	IRAN-EO13846
SEAHAKER	IRAN-EO13846
ZEAL	IRAN-EO13846
MOLLY	IRAN-EO13846
SOFIA	IRAN-EO13846
COURAGE 7	IRAN-EO13846
ARZO ALTEJARA FOR GOODS WHOLESALERS CO. L.L.C	IRAN-EO13846
ENSA SHIP MANAGEMENT PRIVATE LIMITED	IRAN-EO13846
TIFANI	IRAN-EO13846
AVANI LINES INC	IRAN-EO13846
PEACE WORTH SHIPPING CO., LIMITED	IRAN-EO13846
TONDA SOURCE	IRAN-EO13846
FIVA PLASTIK ANONIM SIRKETI	IRAN-EO13846
TRIOLIN TRADE FZCO	IRAN-EO13846
TANAIS WAY GENERAL TRADING L.L.C	IRAN-EO13846
KANCHAN POLYMERS	IRAN-EO13846
ALCHEMICAL SOLUTIONS PRIVATE LIMITED	IRAN-EO13846
ELM KIMYA ITHALAT IHRACAT SANAYI VE TICARET ANONIM SIRKETI	IRAN-EO13846
LAVINYA PLAST KIMYEVI MADDELER VE PETROL URUNLERI NAKLIYE SANAYI IC VE DIS TICARET ANONIM SIRKETI	IRAN-EO13846
FARADANESH TECHNICAL INSPECTION SERVICES COMPANY	IRAN-EO13846
RAMNIKLAL S GOSALIA AND COMPANY	IRAN-EO13846
JUPITER DYE CHEM PRIVATE LIMITED	IRAN-EO13846
GLOBAL INDUSTRIAL CHEMICALS LIMITED	IRAN-EO13846
BAB AL BARSHA TRADING L.L.C	IRAN-EO13846
PERSISTENT PETROCHEM PRIVATE LIMITED	IRAN-EO13846
PT. ORIENTAL COMMERCE GARDEN	IRAN-EO13846
QESHM ARIAN DATIS SOFTWARE COMPANY	IRAN-EO13902
ARVAND ARIAN PASARGAD COMMUNICATIONS AND INFORMATION TECHNOLOGY PAYMENT COMPANY	IRAN-EO13902
RASHID SAMANEH ELECTRONIC PROCESSING COMPANY	IRAN-EO13902
SHERKAT-E BARID FANAVAR ARIAN	IRAN-EO13902
ARIAN PASARGAD COMMUNICATIONS AND INFORMATION TECHNOLOGY INFRASTRUCTURE COMPANY	IRAN-EO13902
ARIAN PASARGAD COMMUNICATIONS AND INFORMATION TECHNOLOGY ECOSYSTEM DEVELOPMENT COMPANY	IRAN-EO13902
ARMAN KISH DATA COMMUNICATIONS AND INFORMATION TECHNOLOGY COMPANY	IRAN-EO13902
PASARGAD ELECTRONIC PAYMENT SERVICES COMPANY	IRAN-EO13902
BIRANG, Ali Morteza	IRAN-EO13902
SHAFIPOUR, Mohammad	IRAN-EO13902
SAJJADI, Seyyed Mahmoud Reza	IRAN-EO13902
CARTEL DE LOS SOLES	FTO] [SDGT
GRUPO JRCP, S. DE R.L.	SDGT] [ILLICIT-DRUGS-EO14059
SABOR TAPATIO, S. DE R.L. DE C.V.	SDGT] [ILLICIT-DRUGS-EO14059
GOTOCO ALIMENTOS PROCESADOS S. DE R.L. DE C.V.	SDGT] [ILLICIT-DRUGS-EO14059
GRUPO HOTELERO JJJ, S.A. DE C.V.	SDGT] [ILLICIT-DRUGS-EO14059
COMPLEJO TURISTICO JJJ, S.A. DE C.V.	SDGT] [ILLICIT-DRUGS-EO14059
OPERADORA DE ESPECTACULOS, ALIMENTOS Y BEBIDAS J AND R S.A. DE C.V.	SDGT] [ILLICIT-DRUGS-EO14059
ALIMENTOS Y DIVERSION INSURGENTES, S. DE R.L. DE C.V.	SDGT] [ILLICIT-DRUGS-EO14059
SUNSET SERVICIOS GASTRONOMICOS S. DE R.L. DE C.V.	SDGT] [ILLICIT-DRUGS-EO14059
JJ GONVER S. DE R.L. DE C.V.	SDGT] [ILLICIT-DRUGS-EO14059
OPERADORA DE ALIMENTOS CON ORIGENES DE MEXICO, S. DE R.L. DE C.V.	SDGT] [ILLICIT-DRUGS-EO14059
VEINTIUNO MEXICALI, S. DE R.L. DE C.V.	SDGT] [ILLICIT-DRUGS-EO14059
COCO BEACH BAR, S. DE R.L. DE C.V.	SDGT] [ILLICIT-DRUGS-EO14059
CAVALLY ANTRO AND BAR	SDGT] [ILLICIT-DRUGS-EO14059
TRANSPORTE URBANO Y SUBURBANO DEL V MUNICIPIO S.A. DE C.V.	SDGT] [ILLICIT-DRUGS-EO14059
GRINEX	CYBER4
OLD VECTOR LLC	CYBER4
COOPERATIVE DES ARTISANAUX MINIERS DU CONGO	DRCONGO
EAST RISE CORPORATION LIMITED	DRCONGO
STAR DRAGON CORPORATION LIMITED	DRCONGO
COALITION OF CONGOLESE PATRIOTIC RESISTANCE-FORCE DE FRAPPE	DRCONGO
RUNC EXCHANGE SYSTEM COMPANY	IRAN-EO13902
SHENYANG GEUMPUNGRI NETWORK TECHNOLOGY CO., LTD	DPRK2
KOREA SINJIN TRADING CORPORATION	DPRK2
KIM, Ung Sun	DPRK2
ANDREYEV, Vitaliy Sergeyevich	DPRK2
AL-SAMARRA'I, Waleed Khaled Hameed	IRAN-EO13902
BABYLON NAVIGATION DMCC	IRAN-EO13902
ADENA	IRAN-EO13902
TRYFO NAVIGATION INC.	IRAN-EO13902
LILIANA	IRAN-EO13902
ODIAR MANAGEMENT S.A.	IRAN-EO13902
CAMILLA	IRAN-EO13902
TOPSAIL SHIPHOLDING INC.	IRAN-EO13902
DELFINA	IRAN-EO13902
KEELY SHIPTRADE LIMITED	IRAN-EO13902
BIANCA	IRAN-EO13902
PANAREA MARINE S.A.	IRAN-EO13902
ROBERTA	IRAN-EO13902
ALEXANDRA	IRAN-EO13902
BELLAGIO	IRAN-EO13902
GALAXY OIL FZ LLC	IRAN-EO13902
PAOLA	IRAN-EO13902
JANG, Kuk Chol	DPRK4] [CYBER4
AL SHARAFI, Zaid Ali Yahya	SDGT
AL FAQIH, Saddam Ahmad Mohammad	SDGT
SAM OIL COMPANY FOR TRADE AND OIL SERVICES LTD	SDGT
SILM ROAD COMPANY FOR TRADING AND IMPORTING	SDGT
OIL PRIMER COMPANY	SDGT
AZAL COMPANY	SDGT
AL FAQIH INTERNATIONAL TRADE, IMPORT, AND OIL SERVICES LIMITED	SDGT
ROYAL PLUS PETROLEUM DERIVATIVES IMPORT	SDGT
HO, Jong Son	DPRK4] [CYBER4
HOSEINI MUNES, Sayyed Ahmad	NPWMD] [IFSR
SHAHID HEMMAT SPACE GROUP	NPWMD] [IFSR
OZARKA SHIPPING - FZCO	IRAN-EO13902
KATSUYA	IRAN-EO13902
VICTORY ARI	IRAN-EO13902
SONDOS	IRAN-EO13902
LAFIT	IRAN-EO13902
CHANGBAI GLORY SHIPPING LIMITED	IRAN-EO13902
MARGARITIS, Antonios	IRAN-EO13902
MARANT SHIPPING AND TRADING S.A.	IRAN-EO13902
SQUARE TANKER MANAGEMENT LTD.	IRAN-EO13902
COMFORD MANAGEMENT S.A.	IRAN-EO13902
UNITED CHARTERING S.A.	IRAN-EO13902
CRISTOBAL MARINE CORP.	IRAN-EO13902
NIANG, Mame Mandiaye	ICC-EO14203
KHAN, Nazhat Shameem	ICC-EO14203
YANGSHAN SHENGANG INTERNATIONAL PETROLEUM STORAGE AND TRANSPORTATION CO., LTD	IRAN-EO13846
DUBAYSH, Salih	SDGT
BEH JOULE PARS COMMERCIAL ENGINEERING COMPANY	NPWMD] [IFSR
FARSHCHI, Mehdi	NPWMD] [IFSR
NILI AHMADABADI, Mehdi	NPWMD] [IFSR
SHAFIIAN AZARKHAVARANI, Alireza	NPWMD] [IFSR
SHAFIIAN AZARKHAVARANI, Fatemeh	NPWMD] [IFSR
TAMIN SANAT AMEN COMPANY	NPWMD] [IFSR
GENERAL HOLDING CORPORATION FOR REAL ESTATE DEVELOPMENT AND INVESTMENT	SDGT
TAKTA FANAVARAN RASA COMPANY	NPWMD] [IFSR
ABZAR-E DAGHIGH-E TAHA COMPANY	NPWMD] [IFSR
AL-SHAER, Abdullah Mesfer Saleh	SDGT
AL-SUWAIDI, Ibrahim Mohsen	SDGT
KHALIL, Khaled Muhammad	SDGT
YEMEN ARMORED COMPREHENSIVE SECURITY SERVICES AND EXHIBITIONS ORGANIZATION COMPANY LTD	SDGT
CARTEL DE SANTA ROSA DE LIMA	TCO
YEPEZ ORTIZ, Jose Antonio	TCO
KAMARAN INDUSTRY AND INVESTMENT COMPANY	SDGT
AL-DAWLA, Mohammed Ahmed	SDGT
TYBA SHIP MANAGEMENT DMCC	SDGT
MT TEVEL INCORPORATED	SDGT
STAR MM INC.	SDGT
STAR MM	SDGT
NOBEL M	SDGT
SHRIA	SDGT
BLACK ROCK	SDGT
SUN, Zhaolan	NPWMD] [IFSR
WESTCOM TECHNOLOGY CO LIMITED	NPWMD] [IFSR
LIU, Baojuan	NPWMD] [IFSR
HOU, Xueyuan	NPWMD] [IFSR
EXCELLENT BEIJING TECHNOLOGY DEVELOPMENT COMPANY LIMITED	NPWMD] [IFSR
INNOVIA ELECTRONIC TECHNOLOGY CO LIMITED	NPWMD] [IFSR
LONGSTONE TECHNOLOGY CO LIMITED	NPWMD] [IFSR
MICRO DEVICE CO LIMITED	NPWMD] [IFSR
CAI, Deshan	NPWMD] [IFSR
HEBEI SENNING AUTOMATED EQUIPMENT CO LTD	NPWMD] [IFSR
AL HAQ - LAW IN THE SERVICE OF MANKIND	ICC-EO14203
AL MEZAN CENTER FOR HUMAN RIGHTS	ICC-EO14203
PALESTINIAN CENTRE FOR HUMAN RIGHTS	ICC-EO14203
BARRIO 18	FTO] [SDGT
FEDIEL, Gebreil Ibrahim Mohamed	SUDAN-EO14098
AL-BARAA BIN MALIK BRIGADE	FTO] [SDGT] [SUDAN-EO14098
NAM, Chol Ung	DPRK
KHAZRA COMMUNICATIONS TECHNOLOGY SOLUTIONS	NPWMD] [IFSR
ROCKET PCB SOLUTION LTD	NPWMD] [IFSR
UIY INC	NPWMD] [IFSR
SHAIKH, Khizar Mohammad Iqbal	ILLICIT-DRUGS-EO14059
SAYYED, Sadiq Abbas Habib	ILLICIT-DRUGS-EO14059
KS INTERNATIONAL TRADERS	ILLICIT-DRUGS-EO14059
EVEREST INVESTMENT L.L.C	SDGT] [IFSR
ALLIANCE FIRST TRADING L.L.C	SDGT] [IFSR
KIM, Yong Ju	DPRK2
MINATO INVESTMENT L.L.C	SDGT] [IFSR
ALPA HONG KONG LIMITED	SDGT] [IFSR
OO, Aung Ko Ko	DPRK] [BURMA-EO14014
ALPA TRADING - FZCO	SDGT] [IFSR
RAYMING TECHNOLOGY	NPWMD] [IFSR
ALPA INVESTMENT L.L.C	SDGT] [IFSR
HANGZHOU JIEPEI INFORMATION TECHNOLOGY CO LTD	NPWMD] [IFSR
HEIDARI, Gholamhasan	NPWMD] [IFSR
DEHGHAN FARSI, Mohamadreza	NPWMD] [IFSR
HU, Yunlu	NPWMD] [IFSR
LEI, Guojian	NPWMD] [IFSR
SOUTHERN HERITAGE LIMITED	TCO
AUSPICIOUS TYCOON LIMITED	TCO
DELIGHTFUL THRIVE LIMITED	TCO
EVEN SINCERITY LIMITED	TCO
FULAM INVESTMENT LIMITED	TCO
GIANT VICTORY HOLDINGS LIMITED	TCO
GOLDEN ASCEND INTERNATIONAL LIMITED	TCO
GOLDEN ASCEND HK LIMITED	TCO
HARMONIC STATE LIMITED	TCO
JUMBO HIGH LIMITED	TCO
NOBLE TITLE LIMITED	TCO
ORIENTAL CHARM HOLDINGS INVESTMENT LIMITED	TCO
PAUL AD SONS TRADING FZE	SDGT] [IFSR
UNIQUE STATION TRADING	SDGT] [IFSR
MINATO GOODS WHOLESALERS	SDGT] [IFSR
MINATO COMMERCIAL BROKERS	SDGT] [IFSR
POWELL RAW MATERIALS TRADING L.L.C	SDGT] [IFSR
POWELL INTERNATIONAL FZE	SDGT] [IFSR
DERAKHSHAN, Vahid	SDGT] [IFSR
KARIMI, Leila	SDGT] [IFSR
DERAKHSHAN, Alireza	SDGT] [IFSR
ALIVAND, Arash Estaki	SDGT] [IFSR
CHEN, Zhi	TCO
TRANS ASIA INTERNATIONAL HOLDING GROUP THAILAND COMPANY LIMITED	BURMA-EO14014] [CYBER4
TROTH STAR COMPANY LIMITED	BURMA-EO14014] [CYBER4
DEMOCRATIC KAREN BENEVOLENT ARMY	BURMA-EO14014] [CYBER4
PASARGAD HELICOPTER COMPANY	NPWMD] [IFSR
SHAYESTEH, Mehdi Shirazi	NPWMD] [IFSR
STAR MANAGEMENT GROUP GMBH	NPWMD] [IFSR
CABUK CALISAN TASIMACILIK VE ENDUSTRI MAKINELERI TICARET LIMITED SIRKETI	NPWMD] [IFSR
PACIFIC CHARM HOLDINGS INVESTMENT LIMITED	TCO
PRINCE GLOBAL GROUP LIMITED	TCO
PRINCE GROUP HOLDINGS LIMITED	TCO
BUSINESS UNITED UNIPESSOAL LDA	NPWMD] [IFSR
PERFECT DAY CO SA	NPWMD] [IFSR
SALIMI, Amirhossein	NPWMD] [IFSR
PRINCE GLOBAL HOLDINGS LIMITED	TCO
MIRA, Antonio Filipe Fortio	NPWMD] [IFSR
RETAIN PROSPER LIMITED	TCO
ROBUST HARMONY LIMITED	TCO
BOUZARY, Seyed Behzad	NPWMD] [IFSR
SIMPLY ADVANCED LIMITED	TCO
STARRY BLOOM LIMITED	TCO
RESPECTFUL STEED LIMITED	TCO
GOOD EQUITY TEAM PTE. LTD.	TCO
PRINCE CULTURE AND MEDIA CO. LTD.	TCO
PRINCE GROUP PLC.	TCO
ALPHACONNECT INVESTMENTS PTE. LTD.	TCO
ALPHACONNECT INVESTMENTS CO. LTD.	TCO
ALPHACONNECT INVESTMENTS II PTE. LTD.	TCO
BINARY PROPERTIES PTE. LTD.	TCO
BINARY PROPERTIES CO. LTD.	TCO
DREW PROPERTIES PTE. LTD.	TCO
DREW PROPERTIES CO. LTD.	TCO
DREW PROPERTIES II PTE. LTD.	TCO
DREW PROPERTIES II CO. LTD.	TCO
GREENBAY PROPERTIES PTE. LTD.	TCO
GREENBAY PROPERTIES CO. LTD.	TCO
HUNTSMAN INVESTMENTS CO. LTD.	TCO
HUNTSMAN INVESTMENTS PTE. LTD.	TCO
MAJESTY PROPERTIES PTE. LTD.	TCO
MAJESTY PROPERTIES CO. LTD.	TCO
KEY ADVISORS PTE. LTD.	TCO
ALPHACONNECT INVESTMENTS II CO. LTD.	TCO
BAKOUEI, Ali	NPWMD] [IFSR
KALVAND, Ali	NPWMD] [IFSR
FULADVAND, Ali	NPWMD] [IFSR
ANDISHEH DAMAVAND INTERNATIONAL TECHNOLOGIES	NPWMD] [IFSR
ANGLO PREMIER SHIPPING PTE. LTD.	IRAN-EO13902
HOZDRA GROUP LIMITED	IRAN-EO13902
NEOWAVE MANAGEMENT CO., LTD	IRAN-EO13902
LOGOS MARINE PTE. LTD.	IRAN-EO13902
GREAT TIMES SHIPPING LIMITED	IRAN-EO13902
PRINCE HOLDING PLC.	TCO
PRINCE HUAN YU ARCHITECTURAL DECORATION ENGINEERING CAMBODIA CO. LTD.	TCO
PRINCE HUAN YU CAMBODIA GEOLOGICAL SURVEY DESIGN CO. LTD.	TCO
PRINCE SEASHORE NO. 1 CO. LTD.	TCO
STERLING CAPITAL MANAGEMENT PTE. LTD.	TCO
APS 9	IRAN-EO13902
VOY	IRAN-EO13902
GHADIR ZARE ZAGHALCHI, Mohammad Reza	NPWMD] [IFSR
YU HONG DE COMPANY LIMITED	IRAN-EO13902
MADESTAR	IRAN-EO13902
JULIET TRADING LIMITED	IRAN-EO13902
PIONEER 92	IRAN-EO13902
LEI, Bo	TCO
PURDUE STELLAR	IRAN-EO13902
CHEN, Xiuling	TCO
SEA OPERA	IRAN-EO13902
TULIP	IRAN-EO13902
S E A SHIP MANAGEMENT LLC	IRAN-EO13902
GAS MARTA	IRAN-EO13902
ADA	IRAN-EO13902
SEA HERMES	IRAN-EO13902
GAS LEADER	IRAN-EO13902
GAS VISION	IRAN-EO13902
BLUE OCEAN MARINE COMPANY LIMITED	IRAN-EO13902
SKIATHOS MARITIME AND TRADING SA	IRAN-EO13902
BERTHA SHIPPING INC.	IRAN-EO13902
EVIE LINES INC.	IRAN-EO13902
VEGA STAR SHIP MANAGEMENT PRIVATE LIMITED	IRAN-EO13902
TITAN SEAWAYS LTD	IRAN-EO13902
PAMIR	IRAN-EO13902
SULLANA INC	IRAN-EO13902
PULA, Varun	IRAN-EO13902
SAPPHIRE GAS	IRAN-EO13902
RAJA, Iyappan	IRAN-EO13902
NEPTA	IRAN-EO13902
SHRESTHA, Soniya	IRAN-EO13902
GAS ZEINA	IRAN-EO13902
SINOPER SHIPPING CO	IRAN-EO13902
ABGO TRADING LIMITED	IRAN-EO13902
SIREN II	IRAN-EO13902
SONA	IRAN-EO13902
SULLANA	IRAN-EO13902
VITA I	IRAN-EO13902
GALE	IRAN-EO13902
AIX COMPANY LIMITED	IRAN-EO13846
CRIMSON BLUE TRADING CO., LIMITED	IRAN-EO13846
MARKAN WHITE TRADING CRUDE OIL ABROAD CO. L.L.C	IRAN-EO13902
RAVENALA TRADING CO., LIMITED	IRAN-EO13902
AMITA PETROCHEMICAL TRADING L.L.C	IRAN-EO13902
SLOGAL ENERGY DMCC	IRAN-EO13902
AERILYN SHIPPING INC.	IRAN-EO13902
GAS DIOR	IRAN-EO13902
OCEAN INC.	IRAN-EO13902
MAX STAR	IRAN-EO13902
QINGDAO HEXIN UNITED INTERNATIONAL SHIPPING AGENCY CO., LTD.	IRAN-EO13902
RIZHAO SHIHUA CRUDE OIL TERMINAL CO., LTD.	IRAN-EO13902
AHMED, Sherif Ahmed Ewis	SDGT
BELT ROAD CAPITAL INVESTMENT GROUP CO. LTD.	TCO
PRINCE CLUB MANAGEMENT CAMBODIA CO. LTD.	TCO
PRINCE KOH TA KIEV CO. LTD.	TCO
PRINCE TIMES HOTEL MANAGEMENT CO. LTD.	TCO
ZHI XIN INVESTMENT CO. LTD.	TCO
PRINCE BUSINESS OPERATING MANAGEMENT CAMBODIA CO. LTD.	TCO
PRINCE TIMES PLAZA CO. LTD.	TCO
PRINCE SUPER MARKET CAMBODIA CO. LTD.	TCO
PRINCE SMART GARDEN CO. LTD.	TCO
XIN TIAN JIAN CAMBODIA REAL ESTATE DEVELOPMENT CO. LTD	TCO
PRINCE YACHT CLUB CAMBODIA CO. LTD.	TCO
PRINCE PLAZA INVESTMENT CO. LTD.	TCO
PRINCE MARKETING PLANNING AGENCY CAMBODIA CO. LTD.	TCO
PRINCE CULTURE AND TOURISM DEVELOPMENT CO. LTD.	TCO
PRINCE HORTICULTURE DEVELOPMENT CO. LTD.	TCO
PRINCE PROPERTY CAMBODIA MANAGEMENT CO. LTD.	TCO
ZHI XU INVESTMENT CO. LTD.	TCO
PRINCE VANGUARD DEVELOPMENT CO. LTD.	TCO
ZHI XU KOH RATANAK HOTEL CO. LTD.	TCO
AWESOME SOFTWARE TECHNOLOGIES CO. LTD.	TCO
CANOPY SANDS DEVELOPMENT CO. LTD.	TCO
AWESOME CONSTRUCTION DESIGN ENGINEERING CO. LTD.	TCO
PRINCE HAPPINESS PLAZA CO. LTD.	TCO
CK ID CO. LTD	TCO
PRINCE REAL ESTATE DECORATION ENGINEERING CO. LTD.	TCO
PRINCE HOSPITALITY MANAGEMENT CO. LTD.	TCO
PRINCE TIAN XI WAN CO. LTD.	TCO
PRINCE REAL ESTATE CAMBODIA GROUP CO. LTD.	TCO
HIGH VIEW SKYLINE INVESTMENT CO. LTD.	TCO
TGC CAMBODIA CO. LTD.	TCO
PRINCE MEDIA GALLERY CO. LTD.	TCO
CITYLINK CO. LTD.	TCO
C. J. SHAH AND CO.	IRAN-EO13846
DIMOND TOWN SHIPPING COMPANY	IRAN-EO13846
B K SALES CORPORATION	IRAN-EO13846
PK MARIT	IRAN-EO13846
GOLDEN INTERNATIONAL FZE	IRAN-EO13846
TRIMA	IRAN-EO13846
MODY CHEM	IRAN-EO13846
PK PHOENIX	IRAN-EO13846
HAI LONG BRAVO	IRAN-EO13846
TETHIS SHIPPING CO	IRAN-EO13846
LOANNA	IRAN-EO13846
WORLD COURAGE	IRAN-EO13846
ERBIUM TRADING L.L.C	IRAN-EO13846
SHIV TEXCHEM LIMITED	IRAN-EO13846
CHEMIX TRADING L.L.C	IRAN-EO13846
WORLD PROGRESS	IRAN-EO13846
PAARICHEM RESOURCES LLP	IRAN-EO13846
WORLD PERFORMANCE	IRAN-EO13846
TETHIS 7	IRAN-EO13846
THANASIS	IRAN-EO13846
ABY PLASTIK AMBALAJ VE ENERJI SANAYI TICARET ANONIM SIRKETI	IRAN-EO13846
JIANGYIN FOREVERSUN CHEMICAL LOGISTICS CO., LTD.	IRAN-EO13846
HENGYANG PETROCHEMICAL LOGISTICS LIMITED	IRAN-EO13846
GU, Wenlong	IRAN-EO13846
CHEMOVICK PRIVATE LIMITED	IRAN-EO13846
DINA PETROKIMYA SANAYI TICARET ANONIM SIRKETI	IRAN-EO13846
KERMANSHAH PETROCHEMICAL INDUSTRIES CO.	IRAN-EO13846
YESIL BASAK TARIM SANAYI VE TICARET LIMITED SIRKETI	IRAN-EO13846
MIKROTEKNIK KIMYEVI MADDELER LABORATUVAR MALZEMELERI VE CIHAZLARI SANAYI TICARET LIMITED SIRKETI	IRAN-EO13846
YAVRUCU, Aykut	IRAN-EO13846
SOFT AIR GENERAL TRADING L.L.C	IRAN-EO13846
INDISOL MARKETING PRIVATE LIMITED	IRAN-EO13846
BHATT, Niti Unmesh	IRAN-EO13846
HARESH PETROCHEM PRIVATE LIMITED	IRAN-EO13846
JAVIYA, Piyush Maganlal	IRAN-EO13846
KASAT, Kamla Kanayalal	IRAN-EO13846
KASAT, Kunal Kanayalal	IRAN-EO13846
KASAT, Poonam Kunal	IRAN-EO13846
STAR MERIT GLOBAL LIMITED	TCO
GEOTECH HOLDINGS LIMITED	TCO
GEORESOURCES LIMITED	TCO
GEOTECH ENGINEERING LIMITED	TCO
CHEER CAPITAL LIMITED	TCO
KHOON GROUP LIMITED	TCO
NOVA LUXE GLOBAL LIMITED	TCO
NOVA MANAGEMENT SERVICES LIMITED	TCO
PRAISE MARBLE LIMITED	TCO
RICHWAY CONSTRUCTION ENGINEERING LIMITED	TCO
YAU WING CONSTRUCTION AND ENGINEERING LIMITED	TCO
MUHANDIS GENERAL COMPANY FOR CONSTRUCTION, ENGINEERING, MECHANICAL, AGRICULTURAL, AND INDUSTRIAL CONTRACTING	SDGT] [IFSR
QAHTAN AL-SA'IDI, Muhammad	SDGT] [IFSR
BALADNA FOR AGRICULTURAL INVESTMENTS AND AGRICULTURAL SERVICES AND LIVESTOCK PRODUCTION AND FOOD PRODUCTION AND PROCESSING AND PACKAGING AND PACKAGING OF FOODSTUFFS LIMITED LIABILITY	SDGT
HERARD, Dimitri	SDGT
SANON, Kempes	SDGT
QAHTAN AL-SA'IDI, Hasan	SDGT] [IFSR
SA'ID, Haytham Sabih	SDGT] [IFSR
PRINCE BANK PLC.	TCO
GRAND LEGEND INTERNATIONAL ASSET MANAGEMENT GROUP CO. LTD.	TCO
HU, Xiaowei	TCO
SURE TYCOON LIMITED	TCO
YANG, Jian	TCO
SWORD RIVER LIMITED	TCO
TOWARDS SUNSHINE LIMITED	TCO
UNITED RICHES GLOBAL LIMITED	TCO
YANG, Yanming	TCO
HUANG, Chieh	TCO
WANG, Michelle Reishane	TCO
SHIH, Ting-yu	TCO
WANG, Guodan	TCO
JING PIN INC.	TCO
AQUA PURE WATER INC.	TCO
ZHU, Zhongbiao	TCO
CHHAY, Guy	TCO
DARA, Ing	TCO
SUN AND SUN LIMITED	TCO
BRIGHT TEAM GLOBAL LIMITED	TCO
MIGHTY DIVINE HK LIMITED	TCO
MIGHTY DIVINE MANAGEMENT LIMITED	TCO
MIGHTY DIVINE FINE ART FUND	TCO
MIGHTY DIVINE FUND SPC	TCO
MIGHTY DIVINE GLOBAL FUND SPC	TCO
MIGHTY DIVINE INSURANCE BROKERS LIMITED	TCO
MIGHTY DIVINE INVESTMENT MANAGEMENT LIMITED	TCO
MIGHTY DIVINE LIMITED	TCO
MIGHTY DIVINE PERSONNEL CONSULTANTS LIMITED	TCO
MIGHTY DIVINE SECURITIES LIMITED	TCO
MIGHTY DIVINE TRUST HONG KONG LIMITED	TCO
ZHOU, Yun	TCO
LI, Thet	TCO
YEO, Sin Huat Alan	TCO
WEI, Qianjiang	TCO
WARP DATA TECHNOLOGY LAO SOLE CO. LTD.	TCO
DW CAPITAL HOLDINGS PTE. LTD.	TCO
CAPITAL ZONE WAREHOUSING PTE. LTD.	TCO
SKYLINE INVESTMENT MANAGEMENT PTE. LTD.	TCO
PRINCE HUAN YU REAL ESTATE CAMBODIA GROUP CO. LTD.	TCO
LUMINOUS GLOW LIMITED	TCO
MERCIFUL HANDS GAZA	SDGT
WAED CAPTIVE AND LIBERATORS SOCIETY	SDGT
AL-SALAMEH SOCIETY GAZA	SDGT
AWESOME GLOBAL INVESTMENT GROUP CO. LTD.	TCO
CLOUD XERO MANAGEMENT PTE. LTD.	TCO
ATLASWISE CONSULTANTS PTE. LTD.	TCO
PRINCE HOROLOGY VOCATIONAL TRAINING CENTER	TCO
BELT ROAD CAPITAL MANAGEMENT CAMBODIA CO. LTD.	TCO
WARPCAPITAL YACHT MANAGEMENT PTE. LTD.	TCO
TAIWAN PRINCE REAL ESTATE INVESTMENT CO. LTD.	TCO
TANG, Nigel Wan Bao Nabil	TCO
CAMBODIAN HENG XIN REAL ESTATE INVESTMENT CO. LTD.	TCO
JIN BEI GROUP CO. LTD.	TCO
GOLDEN FORTUNE RESORTS WORLD CO. LTD.	TCO
MOGHNY, Karim Sayed Ahmed	SDGT
IRANIAN BASPAR PUYA COMPANY	SDGT] [IFSR
PARS NAVANDISHAN ARTIFICIAL INTELLIGENCE PROJECTS COMPANY	SDGT] [IFSR
RUHANI, Seyyed Mohammad	SDGT] [IFSR
TURANLU, Hosein Sayyadi	SDGT] [IFSR
DOLATABADI, Ehsan Mohaghegh	SDGT] [IFSR
ABTAHI, Seyyed Ali	SDGT] [IFSR
HLA, Sai Kyaw	BURMA-EO14014] [CYBER4
STEEL, Saw	BURMA-EO14014] [CYBER4
WIN, Saw Sein	BURMA-EO14014] [CYBER4
AUNG, Saw San	BURMA-EO14014] [CYBER4
SAWANG, Chamu	BURMA-EO14014] [CYBER4
AL-NAJJAR, Muhammad Jamal Hassan	SDGT
RYUJONG CREDIT BANK	DPRK4
HO, Yong Chol	DPRK
CHOE, Chun Pom	DPRK3
RI, Jin Hyok	DPRK3
JONG, Sung Hyok	DPRK3
HAN, Hong Gil	DPRK4
KOREA MANGYONGDAE COMPUTER TECHNOLOGY CORPORATION	DPRK4
U, Yong Su	DPRK4
RANI, Indu	TCO
MICHIGANTAP HOSPITALITY PRIVATE LIMITED	TCO
VVN BUILDCON PRIVATE LIMITED	TCO
BHAVISHYA REALCON PRIVATE LIMITED	TCO
VEENA SHIVANI ESTATES PRIVATE LIMITED	TCO
VNV FASHIONS, S.A. DE C.V.	TCO
VNV STORE, S.A. DE C.V.	TCO
PETRO URREGO, Gustavo Francisco	ILLICIT-DRUGS-EO14059
PETRO BURGOS, Nicolas Fernando	ILLICIT-DRUGS-EO14059
ALCOCER GARCIA, Veronica del Socorro	ILLICIT-DRUGS-EO14059
BENEDETTI VILLANEDA, Armando Alberto	ILLICIT-DRUGS-EO14059
MYRA MARINE LIMITED	VENEZUELA-EO13850
WHITE CRANE	VENEZUELA-EO13850
BLIRI S.A. DE C.V.	TCO
HYSA, Luftar	TCO
HYSA ORGANIZED CRIME GROUP	TCO
ESPINAL QUINTERO, Richard Jose	SDGT] [TCO
MAKAROV, Maksim Vladimirovich	CAATSA - RUSSIA] [CYBER4
GUERRERO PALMA, Cheison Royer	SDGT] [TCO
AL-NUR SOCIETY GAZA	SDGT
QAWAFIL SOCIETY GAZA	SDGT
AL-FALAH SOCIETY GAZA	SDGT
POPULAR CONFERENCE FOR PALESTINIANS ABROAD	SDGT
MA, Jie	NPWMD] [IFSR
YIWU CITY XIANMA IMPORT AND EXPORT CO LTD	NPWMD] [IFSR
QIAN XI LONG TRADING CO LIMITED	NPWMD] [IFSR
HIN YUN TRADING COMPANY LIMITED	NPWMD] [IFSR
YIREN ZHUANG TRADING CO LIMITED	NPWMD] [IFSR
QASIR, Ja'far Muhammad	SDGT
LORIS TURIZM ORGANIZASYON ITHALAT VE IHRACAT LIMITED SIRKETI	NPWMD] [IFSR
JABER, Ossama	SDGT
OZKAM NAKLIYAT PETROL ITHALAT IHRACAT SANAYI TICARET LIMITED SIRKETI	NPWMD] [IFSR
KASBAR, Samer	SDGT
ARTAS GUMRUKLEME ITHALAT IHRACAT SINIR TICARETI TEKSTIL GIDA VE SANAYI TICARET LIMITED SIRKETI	NPWMD] [IFSR
INTRO OTO YEDEK PARCA ITHALAT IHRACAT TICARET VE SANAYI LIMITED SIRKETI	NPWMD] [IFSR
ARKEDYA GIDA TEKSTIL DIS TICARET SANAYI LIMITED SIRKETI	NPWMD] [IFSR
OWN UCAR GIDA INSAAT SANAYI VE TICARET LIMITED SIRKETI	NPWMD] [IFSR
ROYAL YAPI INSAAT EMLAK GIDA VE TEKSTIL URUNLERI TURIZM SANAYI DIS TICARET LIMITED SIRKETI	NPWMD] [IFSR
TABIBI, Bahram	NPWMD] [IFSR
SHAFIEI, Batoul	NPWMD] [IFSR
PAHLAVANI NEJAD, Saeed	NPWMD] [IFSR
EKOFERA LLC	NPWMD] [IFSR
GK IMPERATIV UKRAINA LLC	NPWMD] [IFSR
KLINGE, Marco	NPWMD] [IFSR
DOLATKHAH, Majid	NPWMD] [IFSR
QAYUMI, Vahid	NPWMD] [IFSR
FARMLANE PRIVATE LIMITED	NPWMD] [IFSR
EVA HANDELSGESELLSCHAFT UG	NPWMD] [IFSR
MVM AMICI TRADING LLC	NPWMD] [IFSR
MEDIA LAND TECHNOLOGY LIMITED LIABILITY COMPANY	CAATSA - RUSSIA] [CYBER4
DATA CENTER KIRISHI LIMITED LIABILITY COMPANY	CAATSA - RUSSIA] [CYBER4
ZAGROS SHIMI FARS MANUFACTURING INDUSTRIES COMPANY	NPWMD] [IFSR
FURQAN NOVIN PARS MANUFACTURING AND COMMERCIAL INDUSTRIES	NPWMD] [IFSR
VAHID GHAYOUMY GOODS WHOLESALERS LLC	NPWMD] [IFSR
SEVILLA ARTEAGA, Kenffersso Jhosue	SDGT] [TCO
HYSA, Arben	TCO
HYSA, Ramiz	TCO
HYSA, Fatos	TCO
HYSA, Fabjon	TCO
LOPEZ LOPEZ, Gilberto	TCO
BAKU, Eselda	TCO
CUCINA DEL PORTO S.A. DE C.V.	TCO
DIVERSIONES LOS MOCHIS S.A. DE C.V.	TCO
EL ARTE DE COCINAS Y BEBER S.A. DE C.V.	TCO
ENTRETENIMIENTO PALERMO S.A. DE C.V.	TCO
ENTRETENIMIENTO VILLAHERMOSA S.A. DE C.V.	TCO
ENTRETENIMIENTO Y ESPECTACULOS B.C. S.A. DE C.V.	TCO
GRUPO INTERNACIONAL CANHYSAMEX S.A. DE C.V.	TCO
H HIDROCARBUROS S.A. DE C.V.	TCO
HYSA FORWARDERS S.A. DE C.V.	TCO
LH PRO-GAMING S.A. DE C.V.	TCO
LH RENTAL S.A. DE C.V.	TCO
OPERADORA ALEJIL S.A. DE C.V.	TCO
OPERADORA DE EMPRESAS LH S.A. DE C.V.	TCO
PROCESADORA DE ALIMENTOS HS S.A. DE C.V.	TCO
ROSETTA GAMING S.A. DE C.V.	TCO
HYSA HOLDINGS INC	TCO
ROSETTA GAMING INC	TCO
ROSETTA GAMING SPOLKA Z OGRANICZONA ODPOWIEDZIALNOSCIA	TCO
APONTE CORDOVA, Noe Manases	SDGT] [TCO
ESCOBAR CABRERA, Asdrubal Rafael	SDGT] [TCO
YAKERA Y LANE SAS	SDGT] [TCO
PIONEER TANKERS MARINE INCORPORATED	IRAN-EO13902
PIONEER SAM	IRAN-EO13902
THASOS MARITIME AND TRADING S.A.	IRAN-EO13902
SERIFOS MARITIME AND TRADING S.A.	IRAN-EO13902
TILOS MARITIME AND TRADING S.A.	IRAN-EO13902
CORFU MARITIME AND TRADING S.A.	IRAN-EO13902
TUSITALA	IRAN-EO13902
NEXO	IRAN-EO13902
KAISA I	IRAN-EO13902
ARAYA NAVARRO, Jimena Romina	SDGT] [TCO
LANDAETA HERNANDEZ, Eryk Manuel	SDGT] [TCO
ERYK PRODUCCIONES SAS	SDGT] [TCO
MAIQUETIA VIP BAR RESTAURANT	SDGT] [TCO
GLOBAL IMPORT SOLUTIONS S.A.	SDGT] [TCO
GAS ATHENA	IRAN-EO13902
WEDDING, Ryan James	ILLICIT-DRUGS-EO14059
VAZQUEZ ALVARADO, Edgar Aaron	ILLICIT-DRUGS-EO14059
CASTILLO MORENO, Miryam Andrea	ILLICIT-DRUGS-EO14059
SOKOLOVSKI, Rolan	ILLICIT-DRUGS-EO14059
TIEPOLO, Gianluca	ILLICIT-DRUGS-EO14059
PARADKAR, Deepak Balwant	ILLICIT-DRUGS-EO14059
VALOYES FLOREZ, Carmen Yelinet	ILLICIT-DRUGS-EO14059
ACUNA MACIAS, Daniela Alejandra	ILLICIT-DRUGS-EO14059
VRG ENERGETICOS S.A. DE C.V.	ILLICIT-DRUGS-EO14059
GRUPO RVG COMBUSTIBLES S.A. DE C.V.	ILLICIT-DRUGS-EO14059
GRUPO ARES IMPERIAL S. DE R.L. DE C.V.	ILLICIT-DRUGS-EO14059
2351885 ONTARIO INC	ILLICIT-DRUGS-EO14059
STILE ITALIANO S.R.L.	ILLICIT-DRUGS-EO14059
TMR LTD	ILLICIT-DRUGS-EO14059
WINDROSE TACTICAL SOLUTIONS S.R.L.S.	ILLICIT-DRUGS-EO14059
DIANA, Cristian	ILLICIT-DRUGS-EO14059
FALLON, John Anthony	ILLICIT-DRUGS-EO14059
LMJ TRADING LTD	ILLICIT-DRUGS-EO14059
MADE IN ITALY MOTORCYCLES LIMITED	ILLICIT-DRUGS-EO14059
EP-MJG	SDGT] [IFSR
MACKA INVEST COMPANY LIMITED	SDGT] [IFSR
LUAN BIRD SHIPPING SERVICE L.L.C	SDGT] [IFSR
MARS INVESTMENT L.L.C	SDGT] [IFSR
ALSAFEENAH ALTHAHABYA SHIP AND BOATS SPARE PARTS AND COMPONENTS TRADING L.L.C	SDGT] [IFSR
TIDA CO., LIMITED	SDGT] [IFSR
MEHDIYEV TRADING CO., LIMITED	SDGT] [IFSR
STRASSELINK PTE. LTD.	IRAN-EO13846
WORTH SEEN ENERGY LIMITED	SDGT] [IFSR
BIN AHMAD, Fadzlon	IRAN-EO13846
HEIDARI, Hamidreza	SDGT] [IFSR
BIN FADZLON, Muhammad Danial	IRAN-EO13846
MOLOUDI, Mohammad	SDGT] [IFSR
ANBO SHIPPING PTE. LTD.	IRAN-EO13846
BPT BERLIN PETROLEUM TRADING GMBH	SDGT] [IFSR
AL SIDDEEQ	IRAN-EO13846
RN SHIP MANAGEMENT PRIVATE LIMITED	SDGT] [IFSR
DEEP CURRENT SHIPPING L.L.C	IRAN-EO13846
AVA 10	IRAN-EO13846
SHANDONG INDEPENDENT ENERGY TRADING DMCC	SDGT] [IFSR
ZAKIROV, Ilya Vladislavovich	CAATSA - RUSSIA] [CYBER4
ERST GROUP LTD	IRAN-EO13846
DATAVICE MCHJ	CAATSA - RUSSIA] [CYBER4
SAYED, Zair Husain Iqbal Husain	SDGT
BODHI	IRAN-EO13846
SMART DIGITAL IDEAS DOO	CAATSA - RUSSIA] [CYBER4
SAYED, Zulfikar Hussain Rizvi	SDGT
HYPERCORE LTD	CAATSA - RUSSIA] [CYBER4
TR6 PETRO INDIA LLP	IRAN-EO13846
BONJOURE INTERNATIONAL FZCO	IRAN-EO13846
ZAHABI, Kaveh Rostami	SDGT] [IFSR
BONJOURE COMMODITY F.Z.E.	IRAN-EO13846
GHAEDI, Ahmad	SDGT] [IFSR
HOSSEINI, Sayyed Mojtaba	SDGT] [IFSR
MADZHARSKA, Penka Ivanova	SDGT] [IFSR
ARKADIA MARITIME INCORPORATED	IRAN-EO13846
AQUARIS	IRAN-EO13846
MOON LINE PLASTICS AND RAW MATERIALS TRADING L.L.C	SDGT] [IFSR
LOIRE SHIPPING INC.	SDGT] [IFSR
ANTIFA OST	FTO] [SDGT
ARMED PROLETARIAN JUSTICE	FTO] [SDGT
DAMAI TECHNOLOGY DEVELOPMENT LIMITED	SDGT] [IFSR
GROWTH TRADING CO., LIMITED	SDGT] [IFSR
INFORMAL ANARCHIST FEDERATION/INTERNATIONAL REVOLUTIONARY FRONT	FTO] [SDGT
REVOLUTIONARY CLASS SELF-DEFENSE	FTO] [SDGT
KOVAY GARDENS	SDGT] [ILLICIT-DRUGS-EO14059
PICADO GRIJALBA, Luis Manuel	ILLICIT-DRUGS-EO14059
JORDANIAN MUSLIM BROTHERHOOD	SDGT
EGYPTIAN MUSLIM BROTHERHOOD	SDGT
CAMPO FLORES, Efrain Antonio	ILLICIT-DRUGS-EO14059
FLORES DE FREITAS, Franqui Francisco	ILLICIT-DRUGS-EO14059
INTERNATIONAL SERVICES AGENCY S.A.S.	SUDAN-EO14098
QUIJANO BECERRA, Alvaro Andres	SUDAN-EO14098
OLIVEROS FORERO, Claudia Viviana	SUDAN-EO14098
TALENT BRIDGE, S.A.	SUDAN-EO14098
MAINE GLOBAL CORP S.A.S.	SUDAN-EO14098
DUQUE BOTERO, Mateo Andres	SUDAN-EO14098
MUNOZ UCROS, Monica	SUDAN-EO14098
COMERCIALIZADORA SAN BENDITO S.A.S.	SUDAN-EO14098
EVEREST SEA NAVIGATION SA	IRAN-EO13902
ADONIS SHIPPING INC	IRAN-EO13902
CONCORD SHIPPING INC.	IRAN-EO13902
GOLDEN EAGLE	IRAN-EO13902
KURDOS SHIPPING INC.	IRAN-EO13902
KURDOS	IRAN-EO13902
KASSIA	IRAN-EO13902
MAJESTY	IRAN-EO13902
KURDOS II	IRAN-EO13902
KURDOS III	IRAN-EO13902
AGAPE SHIPPING INC	IRAN-EO13902
MARUTI SHIPPING INC.	IRAN-EO13902
NOMIKI	IRAN-EO13902
MARUTI	IRAN-EO13902
SAKR, Hatem Elsaid Farid Ibrahim	IRAN-EO13902
RED SEA SHIP MANAGEMENT LLC	IRAN-EO13902
M K A SHIPPING INC	IRAN-EO13902
SKYLIGHT	IRAN-EO13902
KHADIGA	IRAN-EO13902
M K A	IRAN-EO13902
GOLDEN GATE SHIP MANAGEMENT	IRAN-EO13902
AUROURA	IRAN-EO13902
POWEROY INVESTMENT LIMITED	VENEZUELA-EO13850
H. CONSTANCE	VENEZUELA-EO13850
READY GREAT LIMITED	VENEZUELA-EO13850
LATTAFA	VENEZUELA-EO13850
SINO MARINE SERVICES LIMITED	VENEZUELA-EO13850
TAMIA	VENEZUELA-EO13850
FULL HAPPY LIMITED	VENEZUELA-EO13850
MONIQUE	VENEZUELA-EO13850
PHOENIX SHIP MANAGEMENT FZE	IRAN-EO13902
ARIHANT SHIPPING INC.	IRAN-EO13902
AETHER SAIL	IRAN-EO13902
NEBULA DRIFT	IRAN-EO13902
VOYAGER HAVEN	IRAN-EO13902
DE OLIVEIRA SHIMADA, Victor Henrique	SDGT] [ILLICIT-DRUGS-EO14059
TIDAL RHYTHM	IRAN-EO13902
ARIHANT	IRAN-EO13902
DARYA SHIPPING PRIVATE LIMITED	IRAN-EO13902
SINOSTAR MARINE GROUP LIMITED	IRAN-EO13902
HEMERA LINES INC.	IRAN-EO13902
RAMYA	IRAN-EO13902
FOSHAN	IRAN-EO13902
HEMERA	IRAN-EO13902
MALPICA FLORES, Carlos Erik	VENEZUELA
RUKBAT MARINE SERVICES CO	IRAN-EO13902
ALEAH SHIPPING INC	IRAN-EO13902
J M A SHIPPING INC.	IRAN-EO13902
S M A SHIPPING INC.	IRAN-EO13902
FLORES JIMENEZ, Johana Vanessa	NICARAGUA
SAENZ ULLOA, Aldo Martin	NICARAGUA
ALTIS TEKSTIL MAKINA TICARET LIMITED SIRKETI	NPWMD] [IFSR
CARRETERO NAPOLITANO, Ramon	VENEZUELA-EO13850
GUTIERREZ LOPEZ, Leonel Jose	NICARAGUA
MEMBRENO RIVAS, Denis	NICARAGUA
HIGH SEAS PETROLEUM LLC	IRAN-EO13902
QATRAT ALNADA ALMASI SHIP MANAGEMENT L.L.C	IRAN-EO13902
SEA CITRINE VI	IRAN-EO13902
SEA WISE	IRAN-EO13902
SEAMULL	IRAN-EO13902
SEA ROCK	IRAN-EO13902
FLORA DOLCE	IRAN-EO13902
DIANA	IRAN-EO13902
J M A	IRAN-EO13902
S M A	IRAN-EO13902
FLORES DE MALPICA, Eloisa	VENEZUELA-EO13850
MALPICA TORREALBA, Carlos Evelio	VENEZUELA-EO13850
MALPICA FLORES, Iriamni	VENEZUELA-EO13850
HURTADO PEREZ, Damaris del Carmen	VENEZUELA-EO13850
MALPICA HURTADO, Erica Patricia	VENEZUELA-EO13850
INTAN PREMIER	IRAN-EO13902
CARRETERO NAPOLITANO, Roberto	VENEZUELA-EO13850
CARRETERO NAPOLITANO, Vicente Luis	VENEZUELA-EO13850
REYES OCHOA, Celia Margarita	NICARAGUA
NYAKARUNDI, Vincent	DRCONGO
ARYA GLOBAL GIDA SANAYI VE TICARET LIMITED SIRKETI	NPWMD] [IFSR
UTUS GUMRUKLEME GIDA TEKSTIL ITHALAT IHRACAT DIS TICARET VE SANAYI LIMITED SIRKETI	NPWMD] [IFSR
EMPRESA AERONAUTICA NACIONAL SA	IRAN-CON-ARMS-EO
URDANETA GONZALEZ, Jose Jesus	IRAN-CON-ARMS-EO
FANAVARI ELECTRO MOJ MOBIN COMPANY	NPWMD] [IFSR
REZAEI, Bahram	NPWMD] [IFSR
KAVOSHGARAN ASMAN MOJ GHADIR COMPANY	NPWMD] [IFSR
GHAFFARI, Mehdi	NPWMD] [IFSR
QAYSARI, Erfan	NPWMD] [IFSR
LORDKIPANIDZE, Gocha	ICC-EO14203
DAMDIN, Erdenebalsuren	ICC-EO14203
ROSTAMI SANI, Mostafa	NPWMD] [IFSR
PARDISAN REZVAN SHARGH INTERNATIONAL PRIVATE JOINT STOCK COMPANY	NPWMD] [IFSR
ZAREPOUR TARAGHI, Reza	NPWMD] [IFSR
WADI KABIR CO. FOR LOGISTICS SERVICES	SDGT
RABYA FOR TRADING FZC	SDGT
AL-RIDHWAN EXCHANGE AND TRANSFER COMPANY	SDGT
BARASH AVIATION AND CARGO COMPANY LIMITED	SDGT
SAMA AIRLINE	SDGT
DAHAN, Ameen Hamid Mohammed	SDGT
AL MUAYYAD, Adil Mutahhar Abdallah	SDGT
ASGHAR, Imran	SDGT
AL SHARAFI OIL COMPANIES SERVICES	SDGT
AL-SHARAFI, Zayd 'Ali Ahmed	SDGT
ADEEMA OIL FZC	SDGT
BAIDHANI, Waleed Fathi Salam	SDGT
ALSAA PETROLEUM AND SHIPPING FZC	SDGT
NEW OCEAN TRADING FZE	SDGT
KRAPE MYRTLE CO LTD	VENEZUELA-EO13850
CORNIOLA LIMITED	VENEZUELA-EO13850
NORD STAR	VENEZUELA-EO13850
ALBARRAQ SHIPPING CO	SDGT
ALBARRAQ Z	SDGT
ISMAIL, Ahmad	SDGT
AL-MATARI, Ebrahim Ahmed Abdullah	SDGT
ADRISS, Ahmad	SDGT
BSEIS, Ahmad	SDGT
SINGH, Ranveer	SDGT
PSHENICHNYY, Alexander Yurovich	SDGT
ARIES GLOBAL INVESTMENT LTD	VENEZUELA-EO13850
DELLA	VENEZUELA-EO13850
VALIANT	VENEZUELA-EO13850
WINKY INTERNATIONAL LIMITED	VENEZUELA-EO13850
ROSALIND	VENEZUELA-EO13850
LEBANESE MUSLIM BROTHERHOOD	FTO] [SDGT
TAQQOSH, Muhammad Fawzi	SDGT
PICADO GRIJALBA, Jordie Kevin	ILLICIT-DRUGS-EO14059
PENA RUSSELL, Tonny Alexander	ILLICIT-DRUGS-EO14059
MC DONAL RODRIGUEZ, Anita Yorleny	ILLICIT-DRUGS-EO14059
MC DONALD RODRIGUEZ, Estefania	ILLICIT-DRUGS-EO14059
ASOCIACION DE LIDERES LIMONENSES DEL SECTOR PESQUERO	ILLICIT-DRUGS-EO14059
3-101-507688 SA	ILLICIT-DRUGS-EO14059
CELAJES DE YORK CDY SA	ILLICIT-DRUGS-EO14059
INVERSIONES LAURITA L AND L SA	ILLICIT-DRUGS-EO14059
MAGIC ESTHETIC SALON SA	ILLICIT-DRUGS-EO14059
NUNES HENRIQUE DE OLIVEIRA, Stella Stefanie	SDGT] [ILLICIT-DRUGS-EO14059
VICTORY TRADING INTERMEDIACAO DE NEGOCIOS COBRANCAS E TECNOLOGIA LTDA	SDGT] [ILLICIT-DRUGS-EO14059
PIXWAVE SOLUCOES DE PAGAMENTOS LTDA	SDGT] [ILLICIT-DRUGS-EO14059
WAVE CONSTRUCOES INTELIGENTES LTDA	SDGT] [ILLICIT-DRUGS-EO14059
AVENIDAS FLUTUANTES UNIPESSOAL LDA	SDGT] [ILLICIT-DRUGS-EO14059
RASHNO, Mehdi	IRAN-EO13902
ABBASPOUR QOMI, Bashir	IRAN-EO13902
KHAMER, Hamid Reza	IRAN-EO13902
NIKAN PEZHVAK ARIA KISH COMPANY	IRAN-EO13902
GIVARI, Akbar	IRAN-EO13902
NANSHAN LTD	IRAN-EO13902
SHINE ROAD TRADING FZE	IRAN-EO13902
ARDAKANI, Masoud Mahdavi	IRAN-EO13902
CRYSTAL GAS FZE	IRAN-EO13902
SHAMANI, Masoud	IRAN-EO13902
MALEKI, Azizollah	IRAN-HR
BUALI, Yadollah	IRGC] [IFSR] [IRAN-HR
BAGHERI, Nematollah	IRGC] [IFSR] [IRAN-HR
ASESORIA Y SERVICIOS IMPORTADORES, S.A. DE C.V.	SDGT] [ILLICIT-DRUGS-EO14059
COLINAS PROYECTOS Y CONSTRUCCIONES, S.A. DE C.V.	SDGT] [ILLICIT-DRUGS-EO14059
HASHEMIFAR, Mohammad Reza	IRAN-HR
LARIJANI, Ali	IRAN-EO13876
FARDIS PRISON	CAATSA - IRAN
TURKIZ FUEL TRADING LLC	IRAN-EO13902
EMPIRE INTERNATIONAL TRADING FZE	IRAN-EO13902
GOLDEN MIST PTE. LTD.	IRAN-EO13902
DESERT PULSE TRADING FZE	IRAN-EO13902
BIRAWI, Zaher Khaled Hassan	SDGT
LIMONIUM PETROCHEMICALS TRADING LLC SOC	IRAN-EO13902
HMS TRADING FZE	IRAN-EO13902
NAVIERA SHIPPING AND TRADING FZ LLC	IRAN-EO13902
TEJARAT HERMES ENERGY QESHM	IRAN-EO13902
RIVERA MIRAMONTES, Carlos Humberto	SDGT] [ILLICIT-DRUGS-EO14059
CORPORATIVO CONTROLADOR EXPLORA, S.A. DE C.V.	SDGT] [ILLICIT-DRUGS-EO14059
DEEP BLUE DESARROLLOS, S. DE R.L. DE C.V.	SDGT] [ILLICIT-DRUGS-EO14059
DEEP BLUE SERVICIOS, S.A. DE C.V.	SDGT] [ILLICIT-DRUGS-EO14059
ESTRATEGIA PVR, S. DE R.L. DE C.V.	SDGT] [ILLICIT-DRUGS-EO14059
VG DESARROLLOS DE LA BAHIA, S.A. DE C.V.	SDGT] [ILLICIT-DRUGS-EO14059
PUNTO 54, S.A. DE C.V.	SDGT] [ILLICIT-DRUGS-EO14059
REEF ADMINISTRACION AVANZADA, S. DE R.L. DE C.V.	SDGT] [ILLICIT-DRUGS-EO14059
HIGH LAND PARK, S.A. DE C.V.	SDGT] [ILLICIT-DRUGS-EO14059
ORNITORRINCO INMOBILIARIA, S.A. DE C.V.	SDGT] [ILLICIT-DRUGS-EO14059
SOLUGAS SOLUCIONES EN GASOLINERAS, S.A. DE C.V.	SDGT] [ILLICIT-DRUGS-EO14059
HOTEL MANAGEMENT INTERNATIONAL, LLC	SDGT] [ILLICIT-DRUGS-EO14059
ADMINISTRADORA Y COMERCIALIZADORA DEL MAR, S.A. DE C.V.	SDGT] [ILLICIT-DRUGS-EO14059
JIMENEZ TAPIA, Oscar Enrique	SDGT] [ILLICIT-DRUGS-EO14059
GUTIERREZ OCHOA, Jose Luis	SDGT] [ILLICIT-DRUGS-EO14059
RIOS GONZALEZ, Jonathan Faustino	SDGT] [ILLICIT-DRUGS-EO14059
PALACIOS RODRIGUEZ, Jose Eduardo	SDGT] [ILLICIT-DRUGS-EO14059
CONSTRUCTORA PALACIOS PV, S.A. DE C.V.	SDGT] [ILLICIT-DRUGS-EO14059
AGENCIA DE SERVICIOS TURISTICOS INTERNACIONALES G8, S.A. DE C.V.	SDGT] [ILLICIT-DRUGS-EO14059
CORPORATIVO DE TRANSFERENCIAS INTERNACIONALES DE BIENES RAICES, S.A. DE C.V.	SDGT] [ILLICIT-DRUGS-EO14059
CLUB DEPORTIVO DE FORMACION AL FUTBOL GMX, S.DE R.L. DE C.V.	SDGT] [ILLICIT-DRUGS-EO14059
HORIZON HARVEST SHIPPING LLC	IRAN-EO13902
GALERAN SERVICE CORP	IRAN-EO13902
AAYAT SHIP MANAGEMENT PRIVATE LIMITED	IRAN-EO13902
BLACK STONE OIL AND GAS	IRAN-EO13902
LONGEVITY SHIPPING LIMITED	IRAN-EO13902
SEA BIRD	IRAN-EO13902
AVON	IRAN-EO13902
AL DIAB II	IRAN-EO13902
ODYSSEY MARINE INC.	IRAN-EO13902
PAROS MARITIME S.A.	IRAN-EO13902
WANSA GAS SHIPPING CO.	IRAN-EO13902
NIBA	IRAN-EO13902
LUMA	IRAN-EO13902
BENOIL SHIPPING INC	IRAN-EO13902
TRADE BRIDGE GLOBAL INC.	IRAN-EO13902
CESARIA	IRAN-EO13902
LONGEVITY 7	IRAN-EO13902
EASTERN HERO	IRAN-EO13902
AQUA SPIRIT	IRAN-EO13902
CHIRON 5	IRAN-EO13902
KEEL	IRAN-EO13902
GASHUGI, Stanislas	DRCONGO
MUGANGA, Mubarakh	DRCONGO
ZANJANI, Babak Morteza	IRAN-EO13902
ZEDCEX EXCHANGE LTD	SDGT] [IFSR] [IRAN-EO13902
ZEDXION EXCHANGE LTD	SDGT] [IFSR] [IRAN-EO13902
FLEET TANQO PRIVATE LIMITED	IRAN-EO13902
MANARAT ALKHALEEJ MARINE SERVICES FZE	IRAN-EO13846
HAJIAN, Mehdi	IRAN-HR
KAMALI, Hossein Zare	IRGC] [IFSR] [IRAN-HR
DAMGHANI, Hamid	IRGC] [IFSR] [IRAN-HR
KHADEMI, Majid	IRGC] [IFSR] [IRAN-HR
VALIZADEH, Ghorban Mohammad	IRGC] [IFSR] [IRAN-HR
DIAKO IC VE DIS TICARET ANONIM SIRKETI	IRAN-EO13846
GAZ CRYSTAL	IRAN-EO13846
MHK SHIPPING CORP	IRAN-EO13846
VICENS MARINE CO	IRAN-EO13846
GAS RIVER	IRAN-EO13846
STAREX DIS TICARET KIMYA ANONIM SIRKETI	IRAN-EO13846
AQUA LIVE	IRAN-EO13846
BAKHT AL AZHAR TRADING L.L.C	IRAN-EO13846
MOMENI KALAGARI, Eskandar	IRAN-HR
FORTUNE GAS	IRAN-EO13846
SHANGHAI QIZHANG SHIP MANAGEMENT CO., LTD.	IRAN-EO13846
YONGHENG OCEAN	IRAN-EO13846
ALL WIN SHIPPING MANAGEMENT LIMITED	IRAN-EO13846
AMON KIMYA VE MAKINA SANAYI VE TICARET LIMITED SIRKETI	IRAN-EO13846
ELYSIAN HORIZON CORP	IRAN-EO13846
VICSCENE	IRAN-EO13846
OZSUREN, Mehmet	IRAN-EO13846
ZEVS	IRAN-EO13846
MARS OCEANWAY INC	IRAN-EO13846
OCEAN GUARDIAN	IRAN-EO13846
WHITE SHARK	IRAN-EO13846
FLUXUS MARINE INC	IRAN-EO13846
AL SAFA	IRAN-EO13846
VETER	IRAN-EO13846
MPHASIS MARINE SOLUTIONS FZE	IRAN-EO13846
QINGDAO OCEAN KIMO SHIP MANAGEMENT CO LTD	IRAN-EO13846
BENLAI	IRAN-EO13846
RAYYAN GAS	IRAN-EO13846
ELEVATE MARINE MANAGEMENT PRIVATE LIMITED	IRAN-EO13846
BENEDICT	IRAN-EO13846
RWANDA DEFENCE FORCE	DRCONGO
SHINDE, Akash Anant	IRAN-EO13846
BORISOV, Andrey Viktorovich	SDGT
PLATINUM GROUP INTERNATIONAL DIS TICARET LIMITED SIRKETI	SDGT
SEA SURF SHIPPING LIMITED	SDGT
BRILLIANCE MARITIME VENTURES S.A.	SDGT
LARA	SDGT
BRILLIANCE	SDGT
MAGED, Mohamed Nayef	SDGT
JOOD SARL	SDGT
SILVAR	IRAN-EO13902
DAPHNE V	IRAN-EO13902
ANAYA	IRAN-EO13902
VERSA	IRAN-EO13902
HORAE	IRAN-EO13902
AURA LINES INC.	IRAN-EO13902
AURA	IRAN-EO13902
HAPUKA MARINE LTD.	IRAN-EO13902
CAUVERI	IRAN-EO13902
ADAK PARGAS PARS TRADING COMPANY	NPWMD] [IFSR
MOSTAFA ROKNIFARD PRIME CHOICE GENERAL TRADING LLC	NPWMD] [IFSR
CENTRO CAMBIARIO LA PESETA, S.A. DE C.V.	SDGT] [ILLICIT-DRUGS-EO14059
OJ LIVING TRUST, S.A.P.I. DE C.V.	SDGT] [ILLICIT-DRUGS-EO14059
RK REAL KING, S.A. DE C.V.	SDGT] [ILLICIT-DRUGS-EO14059
SOMA TRANSPORTE Y SERVICIOS, S.A. DE C.V.	SDGT] [ILLICIT-DRUGS-EO14059
CUCUMBER SWEET WAVES LTD	SDGT] [ILLICIT-DRUGS-EO14059
OGUI FLETES	SDGT] [ILLICIT-DRUGS-EO14059
NOBITEX	IRAN] [SDGT] [IRAN-EO13902
ZELENYUK, Sergey Sergeyevich	CAATSA - RUSSIA] [CYBER4] [PAIPA
MATRIX LLC	CAATSA - RUSSIA] [CYBER4] [PAIPA
SPECIAL TECHNOLOGY SERVICES LLC FZ	CAATSA - RUSSIA] [CYBER4] [PAIPA
VASANOVICH, Marina Evgenyevna	CAATSA - RUSSIA] [CYBER4
MAMASHOYEV, Azizjon Makhmudovich	CAATSA - RUSSIA] [CYBER4
KUCHEROV, Oleg Vyacheslavovich	CAATSA - RUSSIA] [CYBER4
ADVANCE SECURITY SOLUTIONS	CAATSA - RUSSIA] [CYBER4
BEHENGAM TADBIR QESHM SHIPPING AND MARITIME SERVICES COMPANY	IRAN-EO13902
ATEELA 1	IRAN-EO13902
ATEELA 2	IRAN-EO13902
POROS MARITIME VENTURES S.A.	IRAN-EO13902
OCEAN KUDOS SHIPPING COMPANY LIMITED	IRAN-EO13902
MISTRAL FLEET CO LTD	IRAN-EO13902
VAST MARINE INC	IRAN-EO13902
HOOT	IRAN-EO13902
REMIZ	IRAN-EO13902
DANUTA I	IRAN-EO13902
ALAA	IRAN-EO13902
GAS FATE	IRAN-EO13902
NYR SHIPPING CO.	IRAN-EO13902
KAITO NAVIGATION SA	IRAN-EO13902
ITHAKI MARITIME AND TRADING S.A.	IRAN-EO13902
GOLDWAVE MARITIME SERVICES INC	IRAN-EO13902
OCEAN KOI	IRAN-EO13902
NORTH STAR	IRAN-EO13902
FELICITA	IRAN-EO13902
MOHAMED, Gedo Hamdan Ahmed	SUDAN-EO14098
MOHAMED, Tijani Ibrahim Moussa	SUDAN-EO14098
ADAM, Elfateh Abdullah Idris	SUDAN-EO14098
SHIPZA SHIPPING LIMITED	IRAN-EO13902
TAYLOR SHIPPING FZCO	IRAN-EO13902
RAD, Amir Hossein	SDGT] [IRAN-EO13902
NARDIE INTERNATIONAL S.A.	IRAN-EO13902
ANIKA LINES INC.	IRAN-EO13902
BELLARIS	IRAN-EO13902
ANIKA	IRAN-EO13902
YUN, Song Guk	DPRK4
HOANG, Minh Quang	DPRK4
CELESTINO HERRERA, York Louis	DPRK4
ABEDINI, Mohammad	IRAN-CON-ARMS-EO
ZAND, Mehdi	IRAN-CON-ARMS-EO
JAFARI, Mehrdad	IRAN-CON-ARMS-EO
SHARIATZADEH, Ebrahim	IRAN-CON-ARMS-EO
DO, Phi Khanh	NPWMD
HOANG, Van Nguyen	NPWMD
AMNOKGANG TECHNOLOGY DEVELOPMENT COMPANY	DPRK4
QUANGVIETDNBG INTERNATIONAL SERVICES COMPANY LIMITED	DPRK4
NGUYEN, Quang Viet	DPRK4
BLAGH, Keyvan Fayyaz Gareh	CYBER4
BALUJEH, Saber Shahbazi	CYBER4
KADKHODA'I, Mohammad Reza	CYBER4
GHAL'EH-KUHI, Mojtaba	CYBER4
KAHZADIAN, Arman	CYBER4
BIAN, Feiwu	NICARAGUA
HOUSE OF SHIPPING INVESTMENT FZCO	IRAN-EO13902
CORPLINX CONSULTANCY LLC FZ	IRAN-EO13902
MERITRON DMCC	IRAN-EO13902
HELMATIC CONSULTANCY DMCC	IRAN-EO13902
MOOSAVI, Seyed Naiemaei Badroddin	SDGT
ORIEL GROUP	IRAN-EO13902
A.C.S. GLOBAL BV	SDGT
BERMUDEZ TAPIA, Santiago Hernan	NICARAGUA
SRINIVAS, Tanjore Sunilkumar	IRAN-EO13902
SHIPSTAR SHIPCHANDLING LLC	IRAN-EO13902
HOUSE OF SHIPPING PRIVATE LIMITED	IRAN-EO13902
ACS TRADING LLC	SDGT
LOTUS UNIVERSAL LLC	SDGT
BALHOTRA, Chetan Prakash	IRAN-EO13902
BITPIN	IRAN] [IRAN-EO13902
WALLEX	IRAN] [IRAN-EO13902
RAMZINEX	IRAN] [IRAN-EO13902
OJEDA AVILES, Armando de Jesus	SDGT] [ILLICIT-DRUGS-EO14059
SOBALVARRO, Nelson Francisco	NICARAGUA
SUDANESE MUSLIM BROTHERHOOD	FTO] [SDGT
ZHONG FU DEVELOPMENT S.A.	NICARAGUA
BROTHER METAL S.A.	NICARAGUA
GRUPO MINERO XILOA S.A.	NICARAGUA
NICARAGUA XINXIN LINZE MINERIA GROUP S.A.	NICARAGUA
THOMAS METAL S.A.	NICARAGUA
SANTA RITA MINING COMPANY S.A.	NICARAGUA
AISPURO FELIX, Jesus Alonso	SDGT] [ILLICIT-DRUGS-EO14059
ALARCON PALOMARES, Rodrigo	ILLICIT-DRUGS-EO14059
OROZCO ROMERO, Alfredo	SDGT] [ILLICIT-DRUGS-EO14059
OROZCO ROMERO, Liliana	SDGT] [ILLICIT-DRUGS-EO14059
GORDITAS CHIWAS	SDGT] [ILLICIT-DRUGS-EO14059
GRUPO ESPECIAL MAMBA NEGRA, S. DE R.L. DE C.V.	SDGT] [ILLICIT-DRUGS-EO14059
KOMITE NASIONAL UNTUK RAKYAT PALESTINA	SDGT
MIRAAN	IRAN-EO13902
BANGUS	IRAN-EO13902
GALVIN	IRAN-EO13902
SHUQUN LTD	IRAN-EO13902
HH GLORY	IRAN-EO13902
GHAZI DESTEK DERNEGI	SDGT
LIN 9	IRAN-EO13902
PALESTINIAN WHITE HANDS ASSISTANCE AND SOLIDARITY ASSOCIATION	SDGT
COSTIN SHIPPING LIMITED	IRAN-EO13902
MIHIR SHIPPING INC.	IRAN-EO13902
HAYAT YOLU	SDGT
NAXOS MARITIME AND TRADING S.A.	IRAN-EO13902
SKYROS MARITIME AND TRADING S.A.	IRAN-EO13902
PATRIOT INC.	IRAN-EO13902
BAKHSHI, Morteza Ali	IRAN-EO13902
QUSHCHI, Samad Vafayi	IRAN-EO13902
SHASHAEH, Majid	IRAN-EO13902
AKU TEJARAT RAVIZH KISH COMPANY	IRAN-EO13902
KAVOUSI, Masoud	IRAN-EO13902
KARMANIYA TEJARAT ASAR KISH COMPANY	IRAN-EO13902
FALAHATKARI, Vahid	IRAN-EO13902
KHAVAR TEJARAT ARKA KISH COMPANY	IRAN-EO13902
MOSLEHI, Ehsan	IRAN-EO13902
NASAB, Ehsan Saidi	IRAN-EO13902
TADAYYON, Mahmud	IRAN-EO13902
NAGHSH SIMORGH SAHAND LLC	IRAN-EO13902
RAMAZAN, Hamid Reza	IRAN-EO13902
GHANBARIAN, Abdolazim	IRAN-EO13902
RAHBAR TEJARI SETAREH TABAN KISH COMPANY	IRAN-EO13902
KAHKOUI, Alireza	IRAN-EO13902
HOSSEINI, Amir	IRAN-EO13902
TEJARAT SARIR AFROOZ KISH COMPANY	IRAN-EO13902
MALEKI, Fahim	IRAN-EO13902
ANBARDARAN, Maryam	IRAN-EO13902
NOOSEB TRADE LIMITED	IRAN-EO13902
RQI COMMODITY HK LIMITED	IRAN-EO13902
GASOLIX INTERNATIONAL CORPORATION LIMITED	IRAN-EO13902
GLOBENTURE LIMITED	IRAN-EO13902
REDWING GLOBAL LIMITED	IRAN-EO13902
FARAB SOROUSH AFAGH QESHM COMPANY	IRAN-EO13902
FRATELLO CARBONE TRADING LIMITED	IRAN-EO13902
EMPERADOR, Janelyn Eusebio	IRAN-EO13902
TAI LUNG TRADING LIMITED	SDGT
SANOVO LTD	IRAN-EO13902
HAJIBABA, Sorayya Mehri	IRAN-EO13902
QIANZA LTD	IRAN-EO13902
NIX ENERGY LIMITED	IRAN-EO13902
RITHY, Raksmei	CYBER4
K99 CULTURE AND MEDIA CO LTD	CYBER4
XING TIAN DI CO LTD	CYBER4
NAN TIAN INTERNATIONAL HOTEL CO LTD	CYBER4
AIK, Paung	CYBER4
SAI, Aung Linn	CYBER4
KHEMREAH CO LTD	CYBER4
AURUM CO LTD	CYBER4
KAISSA TRAVEL CO LTD	CYBER4
HAMIEH, Alaa Hassan	SDGT
TARSHISHI, Hala Mohamad	SDGT
HAMIEH, Daniel	SDGT
HASHEM, Bahaa Addin	SDGT
CALLLYNC TELEKOMUNIKACIJSKE STORITVE D.O.O.	SDGT
KOK, An	CYBER4
CROWN RESORTS CO LTD	CYBER4
ANCO BROTHERS CO LTD	CYBER4
ANCO WATER SUPPLY CO LTD	CYBER4
ANCO SPECIALIZED BANK LTD	CYBER4
A WEE TRADING CO LTD	CYBER4
KHMER ELECTRICAL POWER CO LTD	CYBER4
KEP HYDROPOWER SVTK AND MSRC CO LTD	CYBER4
MEKONG POTABLE WATER CONSTRUCTION IMPORT EXPORT CO LTD	CYBER4
855 INVESTMENT CORPORATION	CYBER4
CALLLYNC SPOLKA Z OGRANICZONA ODPOWIEDZIALNOSCIA	SDGT
CALLLYNC S.A.L. OFFSHORE	SDGT
SEVEN SEAS SAL OFFSHORE	SDGT
SEVEN SEAS GROUP S.A.R.L.	SDGT
AL LAKIS, Hamdan Ali	SDGT
HAMIEH, Muhammad Hasan	SDGT
WEHBE, Mohamad Hasan	SDGT
RAMOS VAZQUEZ, Jesus Reymundo	SDGT] [ILLICIT-DRUGS-EO14059
ISLAS VALDEZ, Eduardo Javier	SDGT] [ILLICIT-DRUGS-EO14059
PENILLA RODRIGUEZ, Juan Pablo	SDGT] [ILLICIT-DRUGS-EO14059
CASINO CENTENARIO	SDGT] [ILLICIT-DRUGS-EO14059
COMERCIALIZADORA Y ARRENDADORA DE MEXICO, S.A. DE C.V.	SDGT] [ILLICIT-DRUGS-EO14059
DIAMANTE CASINO	SDGT] [ILLICIT-DRUGS-EO14059
FADEL, Raoof	SDGT
SEVEN SEAS FOR INTERNATIONAL TRADING AND LOGISTICS	SDGT
BOUSTANY, Maya	SDGT
SALAMI, Mohamad Jamil	SDGT
RAMIREZ TORRES, Jose de Jesus	ILLICIT-DRUGS-EO14059
ADUAEASY S. DE R.L. DE C.V.	ILLICIT-DRUGS-EO14059
CORPORATIVO Y ENLACE RAM S.A. DE C.V.	ILLICIT-DRUGS-EO14059
ENLACE FORWARDING MEXICO, S. DE R.L. DE C.V.	ILLICIT-DRUGS-EO14059
CARGO GLOBAL 3PS, S. DE R.L. DE C.V.	ILLICIT-DRUGS-EO14059
E-RAM GROUP LLC	ILLICIT-DRUGS-EO14059
REYMA GLOBAL TRADING SA DE CV	ILLICIT-DRUGS-EO14059
CENTRAL LOGISTICA DE SERVICIOS	ILLICIT-DRUGS-EO14059
BRILLIANCY SIHANOUKVILLE INVESTMENT AND DEVELOPMENT CO LTD	CYBER4
LUO, Hong	CYBER4
HUAN HAI BO LAI INTERNATIONAL INVESTMENT CO LTD	CYBER4
SSDD CONSTRUCTION MATERIAL CO LTD	CYBER4
XIHU RESORT HOTEL CO LTD	CYBER4
XIONG WEI INVESTMENT CO LTD	CYBER4
XIONG WEI REAL ESTATE DEVELOPMENT CO LTD	CYBER4
HENG FENG GROUP CO LTD	CYBER4
FUNG YUET RESORT HOTEL CO LTD	CYBER4
HENG FENG CAMBODIA BANK PLC	CYBER4
MATUS TAMARIZ, Lester	NICARAGUA
MATUS BUITRAGO, Anibal Vladimir	NICARAGUA
ORTEGA MURILLO, Maurice Facundo	NICARAGUA
AL GHAFUR, Seyyed Mehdi Mohammed	IRAN-EO13902
ORTEGA MURILLO, Daniel Edmundo	NICARAGUA
SUTARIA, Satishkumar Hareshbhai	ILLICIT-DRUGS-EO14059
MODI, Yuktakumari Ashishkumar	ILLICIT-DRUGS-EO14059
RUGERIO ARRIAGA, Maria Viridiana	ILLICIT-DRUGS-EO14059
BARRIENTOS CAMAZ, Jaime Augusto	ILLICIT-DRUGS-EO14059
CARRILLO TORRES, Karina Guadalupe	ILLICIT-DRUGS-EO14059
ACOSTA HERNANDEZ, Regulo	ILLICIT-DRUGS-EO14059
FELIX HERAS, Ramiro Baltazar	SDGT] [ILLICIT-DRUGS-EO14059
REYNOSO JIMENEZ, Alejandro	SDGT] [ILLICIT-DRUGS-EO14059
BOTANICA 2000	SDGT] [ILLICIT-DRUGS-EO14059
SR CHEMICALS AND PHARMACEUTICALS	ILLICIT-DRUGS-EO14059
AGRAT CHEMICALS AND PHARMACEUTICALS	ILLICIT-DRUGS-EO14059
J AND C IMPORT	ILLICIT-DRUGS-EO14059
DESARROLLOS CARTOK S.A. DE C.V.	ILLICIT-DRUGS-EO14059
COMERCIALIZADORA GRUPO CARHERN S.A. DE C.V.	ILLICIT-DRUGS-EO14059
QUIMICA SOLUCIONES Y LOGISTICA INTEGRAL BAJIO, S.A. DE C.V.	ILLICIT-DRUGS-EO14059
FENIX HUMAN RESOURCES S.A.S.	SUDAN-EO14098
QUIJANO TORRES, Jose Libardo	SUDAN-EO14098
GARCIA BATTE, Jose Oscar	SUDAN-EO14098
GLOBAL QOWA AL BASHERIA S.A.S.	SUDAN-EO14098
GARCIA BATTE, Omar Fernando	SUDAN-EO14098
GONZALEZ, Juan Carlos	SDGT] [ILLICIT-DRUGS-EO14059
BALKHKANLU, Kamal Sabah	NPWMD] [IFSR
VAHIDI, Mohammad	NPWMD] [IFSR
KHALILI, Danial	NPWMD] [IFSR
ROKNIFARD, Hamidreza	NPWMD] [IFSR
ROKNIFARD, Mostafa	NPWMD] [IFSR
SEPEHR KAVEH KISH INTERNATIONAL TRADING COMPANY	SDGT] [IFSR
EMTI FIBER TEXTILE IMPORT EXPORT TRADE LIMITED COMPANY	NPWMD] [IFSR
ROMERO MORENO, Amalia Margarita	SDGT] [ILLICIT-DRUGS-EO14059
SAMAN AIR SERVICES COMPANY	SDGT] [IFSR
ATAEI AGHDAM, Gholam Abbas	SDGT] [IFSR
HOSSEINZADEH, Jamshid	SDGT] [IFSR
MAHDIAN, Mohammad Hossein	SDGT] [IFSR
LISBOA SHIPPING COMPANY LIMITED	IRAN-EO13902
LISBOA	IRAN-EO13902
ANKA ENERGY AND LOGISTICS COMPANY	IRAN-EO13902
LPG SEVAN	IRAN-EO13902
TING TAO COMPANY LIMITED	IRAN-EO13902
LYNN	IRAN-EO13902
THIEN AN HOA BINH COMPANY LIMITED	IRAN-EO13902
GLOBAL VIVIAN	IRAN-EO13902
EP-MTE	SDGT] [NPWMD] [IFSR
EP-MTB	SDGT] [NPWMD] [IFSR
CHABOK FZCO	SDGT] [IFSR
MORENO ZAMORA, Luis Arnulfo	SDGT] [ILLICIT-DRUGS-EO14059
SAENZ AGUILAR, Baltazar	SDGT] [ILLICIT-DRUGS-EO14059
BOJORQUEZ CHAPARRO, Castulo	SDGT] [ILLICIT-DRUGS-EO14059
CASTRO ROCHA, Noe de Jesus	SDGT] [ILLICIT-DRUGS-EO14059
GARCIA SANDOVAL, Fredi Ismael	SDGT] [ILLICIT-DRUGS-EO14059
ALMOHAMMED, Radhwan Yousif Hameed	SDGT
JAYTHOOM, Husham Hashim	SDGT
HAMZAH, Hasan Dheyab Hamzah	SDGT
AL RAMMAHI, Ammar Jasim Kadhim	SDGT
ALBAKHATRA, Khalid Jameel Abed	SDGT
MUKHAMIS, Saeed Kadhim	SDGT
SUWAED, Safaa Adnan Jabbar	SDGT
LAUREL SHIPPING LTD	IRAN-EO13902
LEPUS NAVIGATION LTD	IRAN-EO13902
DOFA SHIPPING LTD	IRAN-EO13902
EVY BLUE LTD	IRAN-EO13902
ANSHUN II	IRAN-EO13902
SMD WORLD	IRAN-EO13902
EDOR	IRAN-EO13902
BENTLEY	IRAN-EO13902
EXTENSIVE SHIPPING LIMITED	IRAN-EO13902
COVENIO	IRAN-EO13902
XIFOIDES GROUP LIMITED	IRAN-EO13902
GOLDEN SUNRISE	IRAN-EO13902
ZHOUSHAN YAOHAI SHIPPING CO., LTD.	IRAN-EO13902
ZHEN ZHU	IRAN-EO13902
NICE GIFT LIMITED	IRAN-EO13902
REAYOU COMPANY LIMITED	IRAN-EO13902
YEGUA TRADING LIMITED	IRAN-EO13902
MAGNOLIA	IRAN-EO13902
STELLAR BEVERLY	IRAN-EO13902
SEEKER 8	IRAN-EO13902
HENGLI PETROCHEMICAL DALIAN REFINERY CO., LTD.	IRAN-EO13902
TARGET MULTIACTIVITIES COMPANY LTD	SUDAN-EO14098
CHONE KILLERS	FTO] [SDGT
JOMADI LOGISTICS AND CARGO, S.A. DE C.V.	SDGT] [ILLICIT-DRUGS-EO14059
AHAVAT LOGISTICS SOLUTION, S.A. DE C.V.	SDGT] [ILLICIT-DRUGS-EO14059
RUIZ VILLAGOMEZ, J. Refugio	SDGT] [ILLICIT-DRUGS-EO14059
QINGDAO HAIYE OIL TERMINAL CO., LTD.	IRAN-EO13846
LI, Xinchun	IRAN-EO13846
THRIVING TIMES INTERNATIONAL CO LTD	IRAN-EO13846
NEW FUSION	IRAN-EO13846
ONBOARD SHIP MANAGEMENT LIMITED	IRAN-EO13846
PORTS ENGINEERING COMPANY LTD	SUDAN-EO14098
NASSER GHASEMI RAD AND ASSOCIATES PARTNERSHIP COMPANY	IRAN-EO13902
GHASEMI RAD, Nasser	IRAN-EO13902
TAHAYYORI AND ASSOCIATES PARTNERSHIP COMPANY	IRAN-EO13902
TAHAYYORI, Ehsan	IRAN-EO13902
PEDRAM PIROUZAN AND ASSOCIATES PARTNERSHIP COMPANY	IRAN-EO13902
PIROUZAN, Pedram	IRAN-EO13902
REZAEI, Hossein Mohammad	IRAN-EO13902
REZAEI, Masoud Mohammad	IRAN-EO13902
KABILA, Joseph Kabange	DRCONGO
MULLINGAR TRADING COMPANY LIMITED	IRAN-EO13902
ATLAS INTERNATIONAL TRADING LIMITED	IRAN-EO13902
BLINCHE TRADING LIMITED	IRAN-EO13902
CENTRAL PARK LIMITED	IRAN-EO13902
LIGHTBORN GOODS TRADING LIMITED	IRAN-EO13902
SINOBOS LIMITED	IRAN-EO13902
SISU PRIME LIMITED	IRAN-EO13902
OF TRANSPORTES	SDGT] [ILLICIT-DRUGS-EO14059
TERODA INTERNATIONAL LIMITED	IRAN-EO13902
VERDITA TRADING LIMITED	IRAN-EO13902
ZOELLA TRADING LIMITED	IRAN-EO13902
DECCAN STAR TRADING L.L.C	IRAN-EO13902
QIU, Weiren	TCO
LUO, Brendon	TCO
DAI, An	TCO
AL SAHRA TRADE PETRO DMCC	IRAN-EO13902
WIGAN TRADING LLC	IRAN-EO13902
BAB AL KHANDAQ TRADING COMPANY LLC	IRAN-EO13902
ARCHITECTONIC CORP LIMITED	IRAN-EO13902
AL-BEHADILI, Mustafa Hashim Lazim	SDGT
GULF ENERGY OIL SERVICES LIMITED	SDGT
GULF GENERAL CONTRACTING LIMITED	SDGT
GULF ENERGY FOR GENERAL TRANSPORT AND MARINE SERVICES AND REAL ESTATE CONSULTANCY LLC	SDGT
IRAQ INTERNATIONAL ENERGY FOR THE IMPORT AND SALE FOR PETROLEUM PRODUCTS LIMITED	SDGT
AL-BAHADLY, Ali Maarij	IRAN-EO13902
AL SHUWAILI, Mohammed Issa Kadhim	SDGT
MAKSUS, Ahmed Khudair Maksus	SDGT
HITEX INSULATION NINGBO COMPANY LIMITED	NPWMD] [IFSR
LI, Genping	NPWMD] [IFSR
GLOBE TECHNOLOGY PROVIDERS SARL	SDGT
AL 'AHD COMPANY FOR TRADE AND INVESTMENT	SDGT
COSTANTEEN, Wael	SDGT
AL SHAFA ADMINISTRATIVE SERVICES LIMITED	SDGT
GLOBE INTERNATIONAL SPC	SDGT
TYKE SAL	SDGT
ZADEH, Ahmad Mohammadi	SDGT] [IRGC] [IFSR
SALAMI, Samad Fathi	SDGT] [IRGC] [IFSR
GHEHI, Mohammadreza Ashrafi	SDGT] [IRGC] [IFSR
HONG KONG BLUE OCEAN LIMITED	SDGT] [IFSR
OCEAN ALLIANZ SHIPPING LLC	SDGT] [IFSR
ZEUS LOGISTICS GROUP	SDGT] [IFSR
JIANDI HK LIMITED	SDGT] [IFSR
HONG KONG SANMU LIMITED	SDGT] [IFSR
MAX HONOR INTERNATIONAL TRADE CO., LIMITED	SDGT] [IFSR
ATIC ENERGY FZE	SDGT] [IFSR
BLANCA GOODS WHOLESALER LLC	SDGT] [IFSR
UNIVERSAL FORTUNE TRADING LLC	SDGT] [IFSR
MEENTROPY TECHNOLOGY HANGZHOU CO LTD	IRAN-CON-ARMS-EO
SHEIBANI, Mohammad Reza Raouf	IRAN] [SDGT] [IRGC] [IFSR
HK HESIN INDUSTRY CO LIMITED	NPWMD] [IFSR
ARMORY ALLIANCE LLC	NPWMD] [IFSR] [IRAN-CON-ARMS-EO
AE INTERNATIONAL TRADE CO LIMITED	NPWMD] [IFSR
ELITE ENERGY FZCO	NPWMD] [IFSR
YUSHITA SHANGHAI INTERNATIONAL TRADE CO LIMITED	NPWMD] [IFSR
MUSTAD LIMITED	NPWMD] [IFSR
THE EARTH EYE CO	IRAN-CON-ARMS-EO
LASTRES MORERA, Ania Guillermina	CUBA-EO14404
TOLIBOV, Mohammed Ali	NPWMD] [IFSR
MALEKI, Mohammadmahdi	NPWMD] [IFSR] [IRAN-CON-ARMS-EO
FANICH, Mohamed Abdel-Mottaleb	SDGT
BESTFORTUNA COMPANY LIMITED	IRAN-EO13902
CHENG PAN CO., LIMITED	IRAN-EO13902
NINGBO JIARUI TRADING CO., LTD.	IRAN-EO13902
STARSHINE PETROCHEMICAL CORPORATION LIMITED	IRAN-EO13902
VIGOROUS TRADING LIMITED	IRAN-EO13902
BOLD TRADING FZE	IRAN-EO13902
ALIEEN GOODS WHOLESALERS LLC	IRAN-EO13902
SPARKLING COURAGE LIMITED	IRAN-EO13902
MATERIUM GROUP FZE	IRAN-EO13902
GREAT SAIL SHIPPING LIMITED	IRAN-EO13902
MOZART MARITIME INC.	IRAN-EO13902
OW MARITIME INCORPORATED	IRAN-EO13902
FEADSHIP	IRAN-EO13902
SPLENDID LEXY TRADING COMPANY LTD	IRAN-EO13902
VASLATI	IRAN-EO13902
GLOBAL FORTUNE SHIPPING LIMITED	IRAN-EO13902
MEKONG LINES INC.	IRAN-EO13902
DAKUSH	IRAN-EO13902
GALA ROSE	IRAN-EO13902
ROMY LINES INCORPORATED	IRAN-EO13902
TEJAS	IRAN-EO13902
GREAT SAIL	IRAN-EO13902
OCEAN WAVE	IRAN-EO13902
LUNA LUSTER	IRAN-EO13902
ARDEN ANGEL SHIPPING COMPANY LIMITED	IRAN-EO13902
SWIFT FALCON	IRAN-EO13902
VERDA GAS CO LTD	IRAN-EO13902
MIGHTY NAVIGATOR	IRAN-EO13902
OCEAN MARVEL SHIPPING COMPANY LIMITED	IRAN-EO13902
AQUILA WORLDWIDE MARINE DEVELOPMENTS CORP.	IRAN-EO13902
AURORA BUSINESS COMPANY LIMITED	IRAN-EO13902
MIDAS	IRAN-EO13902
TAURUS GAS COMPANY LIMITED	IRAN-EO13902
VEINTO GLOBAL MARINE INC.	IRAN-EO13902
GAS ENDURANCE	IRAN-EO13902
OCEAN RADIANCE	IRAN-EO13902
QUANTUM STAR	IRAN-EO13902
GAS STRENGTH	IRAN-EO13902
EBRAHIMI AND ASSOCIATES PARTNERSHIP COMPANY	IRAN-EO13902
EBRAHIMI, Yousef	IRAN-EO13902
CHAKHERLO, Ali Hazrati	IRAN-EO13902
EBRAHIMI, Mahmoud	IRAN-EO13902
NEMATI, Samad	IRAN-EO13902
GS CHEMICAL TRANSPORTATION LIMITED	IRAN-EO13902
SCIENCE OBEDIENT INTERNATIONAL COMPANY LIMITED	IRAN-EO13902
SUN OCEAN SHIPPING INCORPORATED	IRAN-EO13902
GJADES SHIPPING COMPANY LIMITED	IRAN-EO13902
BRIGHT GOLD	IRAN-EO13902
DOUBLE IN	IRAN-EO13902
NARSIS	IRAN-EO13902
G JADES	IRAN-EO13902
ABUKISHEK, Saif Hashim Kamel	SDGT
MAHFOUZ, Hisham Abu	SDGT
KHATIB, Mohammed	SDGT
AUEDA, Jaldia Abubakra	SDGT
FADLALLAH, Hassan Nizammeddine	SDGT
HASSAN, Hussein Al-Hajj	SDGT
ABU RAS, Marwan Muhammad Ayish	SDGT
THE PALESTINIAN SCHOLARS ASSOCIATION	SDGT
AL-MOUSSAWI, Ibrahim	SDGT
GAMON VERDE, Rosabel	CUBA-EO14404
LAZO HERNANDEZ, Juan Esteban	CUBA-EO14404
DE LA O LEVY, Vicente	CUBA-EO14404
AREVICH MARIN, Mayra	CUBA-EO14404
GOMEZ DEL VALLIN, Jose Miguel	CUBA-EO14404
VILLAR KESSELL, Raul	CUBA-EO14404
MORALES OJEDA, Roberto Tomas	CUBA-EO14404
RABILERO AGUILERA, Eugenio Armando	CUBA-EO14404
QUINTAS SOLA, Joaquin	CUBA-EO14404
DIRECTORATE OF INTELLIGENCE OF CUBA	CUBA-EO14404
QAMATI, Mahmoud	SDGT
NASSER ELDIN, Khattar	SDGT
HAMADI, Samir 'Adnan	SDGT
SAFAWI, Ali Ahmad	SDGT
BAALBAKI, Ahmad Asaad	SDGT
PERSIAN GULF STRAIT AUTHORITY	SDGT] [IFSR
EVER SHINING LIMITED	IRAN-EO13846
MAYMEI	IRAN-EO13846
FLORA	IRAN-EO13846
TRASTOK SHIPPING CO., LTD.	IRAN-EO13846
THEA	IRAN-EO13846
CLASSY PANSY TRADING AND CONTRACTING WLL	IRAN-EO13846
ALT CAPITAL PTE. LTD	IRAN-EO13846
RISHABH TRIEXIM LLP	IRAN-EO13846
BAGRECHA, Swaroop Jayantilal	IRAN-EO13846
CRYSTAL BLUE SKY INC	IRAN-EO13846
ILL GAP	IRAN-EO13846
HK YUANHANG SHIPPING LIMITED	IRAN-EO13846
YONGAN OCEAN	IRAN-EO13846
SEAFOAM MARINE LTD	IRAN-EO13846
SYMPHONY SHIPPING AND MARITIME MANAGEMENT INC	IRAN-EO13846
HAUNCAYO	IRAN-EO13846
VANGUARD MARINE VENTURES INC.	IRAN-EO13846
GAS NORA	IRAN-EO13846
AGILITY SHIPPING LIMITED	IRAN-EO13846
RCELEBRA	IRAN-EO13846
DOMUS TRADING HK LIMITED	IRAN-EO13902
SHANGSHUN HONG KONG LTD	NPWMD] [IFSR
ALBANESE, Francesca Paola	ICC-EO14203
AGHAMIR MOHAMMAD ALI, Seyed Mohammad Ali	SDGT
AGHAMIR MOHAMMAD ALI, Seyed Mohammad	SDGT
KHOEE, Seyed Ali	SDGT
COMANDO VERMELHO	FTO] [SDGT
FUTURE KING INC.	TCO
AL-DHUHAIBAWI, Hussein Ahmed Hussein	SDGT
AL-SHAIKHLI, Mohamed Ameen Fadhil Ali	SDGT
FUTURE WING FINANCIAL COMPANY LIMITED	TCO
FUTURE OASIS PTE. LTD.	TCO
FUTURE COSMOS LIMITED	TCO
MUSTAD SHANGHAI INTERNATIONAL TRADE CO LTD	NPWMD] [IFSR
FUTURE COSMOS ONE LIMITED	TCO
LIU, Boyu	NPWMD] [IFSR
FUTURE COSMOS TWO LIMITED	TCO
CHINA RESERVE SECURITIES LIMITED	TCO
EAGLE FORTITUDE LIMITED	TCO
LEISURE FOCUS LIMITED	TCO
CN CRYSTAL LIMITED	TCO
CN BREEZE LIMITED	TCO
HO, Ho Ming	TCO
KONG, Ka On	TCO
LI, Hui	TCO
TYCOON YACHTS HK LIMITED	TCO
WHITE HORSE HOTEL MANAGEMENT GROUP COMPANY LIMITED	TCO
ROCKET SANDBOX LTD	TCO
BUTANI TRADING LLC	IRAN-EO13902
DUNDLOD TRADING FZE	IRAN-EO13902
ADH ENERGY FZE	IRAN-EO13902
ZADA, Sarbaz Abdul	IRAN-EO13902
DTX WINNERS CLUB LIMITED	TCO
MIHANDOUST, Mohammad Shakol	IRAN-EO13902
LUFFA TECHNOLOGY NETWORK COMPANY LIMITED	TCO
SAHEL STAR OIL AND GAS COMPANY LLC	IRAN-EO13902
FANG, Zhizhen	TCO
SHANGHAI QIANYE ENERGY CO., LTD.	IRAN-EO13902
CUBAN TRADING UK LTD	TCO
LIMRA GAS LIMITED	IRAN-EO13902
HALO NETWORK TECHNOLOGY LTD	TCO
CHEN, Bo	TCO
ECOSEAS MARITIME LIMITED	IRAN-EO13902
FORTUNE NETWORK TECHNOLOGY LTD	TCO
MENG, Shaopei	NPWMD] [IFSR
CHARCO CHARCO HOLBORN LIMITED	TCO
XU, Lichun	NPWMD] [IFSR
BLUE SEA MARINE INCORPORATED AND FAATEH MARITIME INCORPORATED	IRAN-EO13902
TERRA COTTA WARRIORS ISLE OF DOGS LTD	TCO
ADAMAS SHIPPING INC	IRAN-EO13902
BLACK GOLD TRADE CORPORATION	IRAN-EO13902
MINGMEN LONDON LTD	TCO
WANG, Hongyi	NPWMD] [IFSR
GAS GMS LIMITED	IRAN-EO13902
CHASCA LONDON LIMITED	TCO
MD 23	IRAN-EO13902
EAST LINK LONDON LTD	TCO
GLENDALE	IRAN-EO13902
CLOUD NINE NO. 4 LEASING COMPANY LIMITED	TCO
AMIR GAS	IRAN-EO13902
GAS LAGOON	IRAN-EO13902
CCU COMMERCIAL BANK PLC.	TCO
MEHRDAD GERAMIAN NIK AND PARTNERS COMPANY	IRAN-EO13902
GERAMIAN NIK, Mehrdad	IRAN-EO13902
MILE	IRAN-EO13902
GERAMIAN NIK, Romina	IRAN-EO13902
GAZ GMS	IRAN-EO13902
DIAZ-CANEL BERMUDEZ, Miguel	CUBA-EO14404
AL-HRAISHAWI, Karrar Mohammed Qasim	SDGT
AL-LAMI, Ali Hasan Farhan	SDGT
MINISTRY OF THE REVOLUTIONARY ARMED FORCES OF CUBA	CUBA-EO14404
CUESTA PERAZA, Lis	CUBA-EO14404
ANIDO CUESTA, Manuel	CUBA-EO14404
COMMITTEES FOR THE DEFENSE OF THE REVOLUTION	CUBA-EO14404
MINERA LA VICTORIA SA	CUBA-EO14404
CASTRO ESPIN, Alejandro	CUBA-EO14404
CASTRO CALIS, Raul Alejandro	CUBA-EO14404
CUBAN INSTITUTE OF FRIENDSHIP WITH THE PEOPLES	CUBA-EO14404
AMISTUR CUBA SA	CUBA-EO14404
GOLCHIN, Manuchehr	NPWMD] [IFSR
SOLOS INTERNATIONAL LIMITED	NPWMD] [IFSR
SHAMS AND BAHR TRADING COMPANY L.L.C.	IRAN-EO13902
AL-MANDALAWI, Majid Ali Akbar Namdar	IRAN-EO13902
AL-MANDALAWI, Abdulhasan Ali Akbar Namdar	IRAN-EO13902
AHADZADEH, Sajjad	IFSR] [IRAN-CON-ARMS-EO
UNION CUBA PETROLEO	CUBA-EO14404
MADANI, Tariq Hussain Muhammad	SUDAN-EO14098
SBL ENERGY LIMITED	SUDAN-EO14098
FRANGIE, Sleiman Antoine	SDGT
CHOUDHARI, Alok	SUDAN-EO14098
MOHSEN KHANDAN AND PARTNERS GENERAL PARTNERSHIP COMPANY	IRAN-EO13902
CDM TRADING LIMITED	IRAN-EO13902
NABA ALZAKI RAW MATERIALS TRADING LLC	IRAN-EO13902
KALIMA KAREKEZI, Jean Malic	DRCONGO
GASABO GOLD REFINERY LTD	DRCONGO
KAYOBOTSI, Bosco	DRCONGO
BUGAMBIRA MINES LTD	DRCONGO
WOLFRAM MINING AND PROCESSING LTD	DRCONGO
RWINKWAVU MINING CORPORATION LTD	DRCONGO
KHANDAN, Mohsen	IRAN-EO13902
KHANDAN, Ali Asghar	IRAN-EO13902
MOHAMMAD DARBANI AND PARTNERS EXCHANGE GENERAL PARTNERSHIP COMPANY	IRAN-EO13902
ABADI, Shokufeh Rostam	IRAN-EO13902
SARSHARI, Zahra	IRAN-EO13902
DARBANI, Mohammad	IRAN-EO13902
LAVASANI AND PARTNERS GENERAL PARTNERSHIP COMPANY	IRAN-EO13902
LAVASANI, Ahmad Navai	IRAN-EO13902
LAVASANI, Amir Navai	IRAN-EO13902
EMPRESA SIDERURGICA JOSE MARTI	CUBA-EO14404
BANCO FINANCIERO INTERNACIONAL S.A.	CUBA-EO14404
RUEDA CARDERO, Annalie Lilliam	CUBA-EO14404
RAFIN S.A.	CUBA-EO14404
ALMACENES UNIVERSALES S.A.	CUBA-EO14404
GEOMINERA, S.A.	CUBA-EO14404
ANSARI, Ali	SDGT] [IRGC] [IFSR] [IRAN-EO13876
ALARCON HOLGUIN, Jimmy Leonidas	ILLICIT-DRUGS-EO14059
SMART GLOBAL LIMITED	SDGT] [IRAN-EO13876
ABDERRAHMANE, Miloud	SDGT
BOUKICH, Abdelhakim	SDGT
BITCOIN EXCHANGE AGENT IDLIB'S NO.1 COIN EXCHANGE	SDGT
SPIDER GAYRIMENKUL VE GENEL TICARET LIMITED SIRKETI	SDGT
ZEPEDA RODRIGUEZ, Jorge	SDGT] [ILLICIT-DRUGS-EO14059
DIAZ ROBLES, Marcial Apolinar	SDGT] [ILLICIT-DRUGS-EO14059
ALKARAM DANISMANLIK GAYRIMENKUL IC VE DIS GENEL TICARET LIMITED SIRKETI	SDGT
DIAZ ROBLES, Pedro Marcial	SDGT] [ILLICIT-DRUGS-EO14059
MUHAMMAD, Mukhtar Adamu	SDGT
OPTIC PRIVATE TRANSPORTATION S.A. DE C.V.	SDGT] [ILLICIT-DRUGS-EO14059
NINE TO NINE EXCHANGE BUREAU DE CHANGE LIMITED	SDGT
MANHATTAN BUREAU DE CHANGE LIMITED	SDGT
GENERATION CURRENCY BUREAU DE CHANGE LIMITED	SDGT
PALACIOS QUINTANILLA, Enrique Daniel	SUDAN-EO14098
FIRST VPN SERVICE	CYBER4
DERMAN GUZMAN, Jack Peter	SUDAN-EO14098
LOPEZ OCAMPO, Fredy Alejandro	SUDAN-EO14098
RASHEVSKYI, Dmytro	CYBER4
RODRIGUEZ FLORES, Salvador Israel	SDGT] [ILLICIT-DRUGS-EO14059
VILLA SANCHEZ, Jorge	SDGT] [ILLICIT-DRUGS-EO14059
MEDINA CHAVIRA, Adolfo Gabriel	SDGT] [ILLICIT-DRUGS-EO14059
CRUZ CABRERA, Jorge Fernando	SDGT] [ILLICIT-DRUGS-EO14059
CASTELLANOS CEJA, Julio Cesar	SDGT] [ILLICIT-DRUGS-EO14059
MENDOZA GARCIA, Luis Mario	SDGT] [ILLICIT-DRUGS-EO14059
SANCHEZ TAMAYO, Hugo Alejandro	SDGT] [ILLICIT-DRUGS-EO14059
MEDIN PRODUCTS	SDGT] [ILLICIT-DRUGS-EO14059
MUNDO FIT SUPLEMENTOS S.A. DE C.V.	SDGT] [ILLICIT-DRUGS-EO14059
LOS TIGUERONES	FTO] [SDGT
BOTELLO ROZALEZ, Gerardo	SDGT] [ILLICIT-DRUGS-EO14059
BOTELLO RODRIGUEZ, Gustavo	SDGT] [ILLICIT-DRUGS-EO14059
BOTELLO RODRIGUEZ, Wiliams Geovanni	SDGT] [ILLICIT-DRUGS-EO14059
BUBUX BABY SHOES S.A. DE C.V.	SDGT] [ILLICIT-DRUGS-EO14059
AYALA BOTELLO, Miguel Angel	SDGT] [ILLICIT-DRUGS-EO14059
CORPORATIVO DE SEGURIDAD PRIVADA ALFA Y GAMA S.A. DE C.V.	SDGT] [ILLICIT-DRUGS-EO14059
RANCHO SAN MIGUEL LOS TRES HERMANOS S.P.R. DE R.L. DE C.V.	SDGT] [ILLICIT-DRUGS-EO14059
GREEN AGROPACIFIC S.P.R. DE R.L. DE C.V.	SDGT] [ILLICIT-DRUGS-EO14059
CISNEROS TAPIA, Liliana	SDGT] [ILLICIT-DRUGS-EO14059
BOTELLO ORTIZ, Edgar Gerardo	SDGT] [ILLICIT-DRUGS-EO14059
BOTELLO ORTIZ, Jesus David	SDGT] [ILLICIT-DRUGS-EO14059
BOTELLO ORTIZ, Ricardo	SDGT] [ILLICIT-DRUGS-EO14059
LEDEZMA RAMIREZ, Feliciano	SDGT] [ILLICIT-DRUGS-EO14059
MENA ALVARADO, Alma Laura	SDGT] [ILLICIT-DRUGS-EO14059
MORA LEON, Jose	SDGT] [ILLICIT-DRUGS-EO14059
STRONG ENERGY S.A. DE C.V.	SDGT] [ILLICIT-DRUGS-EO14059
TRANSIC LOGISTIC S.A. DE C.V.	SDGT] [ILLICIT-DRUGS-EO14059
GONZALEZ RAMIREZ, Francisco Noe	SDGT] [ILLICIT-DRUGS-EO14059
LOZA GARCIA, Rodolfo Alejandro	SDGT] [ILLICIT-DRUGS-EO14059
RAMIREZ BANALES, Karely Lizbeth	SDGT] [ILLICIT-DRUGS-EO14059
MEDINA FLORES, Areli Isis	SDGT] [ILLICIT-DRUGS-EO14059
RUIZ BANUELOS, Jose Guadalupe	SDGT] [ILLICIT-DRUGS-EO14059
VILLASENOR OLIVARES, Cesar Alejandro	SDGT] [ILLICIT-DRUGS-EO14059
SERRANO MAGANA, Gabriel	SDGT] [ILLICIT-DRUGS-EO14059
ASSOCIATION OF COMBATANTS OF THE CUBAN REVOLUTION	CUBA-EO14404
GRUPO EMPRESARIAL DEL COMERCIO EXTERIOR	CUBA-EO14404
ENETEC S.A.	CUBA-EO14404
ORGANIZACION SUPERIOR DE DIRECCION EMPRESARIAL CAUDAL S.A.	CUBA-EO14404
GRUPO EMPRESARIAL DE TRANSPORTE MARITIMO PORTUARIO	CUBA-EO14404
MILICIAS DE TROPAS TERRITORIALES	CUBA-EO14404
CORPORACION ANTILLANA EXPORTADORA SA	CUBA-EO14404
COREYDAN S.A.	CUBA-EO14404
RAPID RESPONSE BRIGADES	CUBA-EO14404
MINISTRY OF TOURISM OF CUBA	CUBA-EO14404
GARCIA MARTINEZ, Jose Octaviano	SDGT] [ILLICIT-DRUGS-EO14059
DOMINGUEZ AGUILERA, Joana	SDGT] [ILLICIT-DRUGS-EO14059
PETROCODA S.A. DE C.V.	SDGT] [ILLICIT-DRUGS-EO14059
STELLA SERVICIOS COMERCIALES Y EMPRESARIALES S.A. DE C.V.	SDGT] [ILLICIT-DRUGS-EO14059
EL ALMACEN LICORERIA	SDGT] [ILLICIT-DRUGS-EO14059
ALVARADO RODRIGUEZ, Martha Alicia	SDGT] [ILLICIT-DRUGS-EO14059
RIVERA ZEPEDA, Cuauhtemoc	SDGT] [ILLICIT-DRUGS-EO14059
HERNANDEZ MORALES, Uriel	SDGT] [ILLICIT-DRUGS-EO14059
CORONA PIMENTEL, Efrain	SDGT] [ILLICIT-DRUGS-EO14059
LOPEZ LARIOS, Angel Gabriel	SDGT] [ILLICIT-DRUGS-EO14059
GUTIERREZ VALDEZ, Jose Jesus	SDGT] [ILLICIT-DRUGS-EO14059
MORENO LOPEZ, Fidel Damian	SDGT] [ILLICIT-DRUGS-EO14059
JIMENEZ ARIAS, Roberto	SDGT] [ILLICIT-DRUGS-EO14059
PRODUCTORES VAGU S.A. DE C.V.	SDGT] [ILLICIT-DRUGS-EO14059
CASA TEQUILERA EL ORIGEN DEL TEQUILA S.A. DE C.V.	SDGT] [ILLICIT-DRUGS-EO14059
HURRARI KASH S.A. PROMOTORA DE INVERSION DE C.V.	SDGT] [ILLICIT-DRUGS-EO14059
AGROPECUARIA AMATEQ DEL VALLE S.A. DE C.V.	SDGT] [ILLICIT-DRUGS-EO14059
SILAYEV, Yevgeniy Vladimirovich	CYBER4
AVA TARABAR DARYA COMPANY	IRAN-EO13902
RAHBAR MADANI, Mohammad Reza	IRAN-EO13902
SEPEHR NOOR MOBIN COMPANY	IRAN-EO13902
SEPEHR PAYAM	IRAN-EO13902
ERIKA	IRAN-EO13902
ARKANOOR 2	IRAN-EO13902
ARKANOOR 3	IRAN-EO13902
SEA CRUISER	IRAN-EO13902
SEA CASTLE	IRAN-EO13902
SEA ANCHOR	IRAN-EO13902
SEA LEAD SHIPPING PTE. LTD.	IRAN-EO13902
KANGRI 1 INC	IRAN-EO13902
PALESTINE ACTION	SDGT
CICCIO	IRAN-EO13902
SHENTON WAY	IRAN-EO13902
TANJONG PAGAR 1	IRAN-EO13902
VIRENT	IRAN-EO13902
PLATINUM KNIGHTS LTD	IRAN-EO13902
HOPE 1 SHIPPING INC	IRAN-EO13902
NUVETRRO SHIPPING INC	IRAN-EO13902
VELTRRIVO SHIPPING INC	IRAN-EO13902
OCEAN SEARUM ONE LIMITED	IRAN-EO13902
HANSA SHIPPING INC.	IRAN-EO13902
HOPE 1	IRAN-EO13902
JADE	IRAN-EO13902
OPAL	IRAN-EO13902
ELPINIKI	IRAN-EO13902
DARIKA	IRAN-EO13902
GEORGE, Jijin	IRAN-EO13902
TSERNOSJOV, Maksim	IRAN-EO13902
VISHAVDEEP, Gautam	IRAN-EO13902
DEHKORDI, Asghar Aghili	IRAN-EO13902
AVRATEK OOO	NPWMD] [IFSR
MOGHADAS, Behzad	IRAN-EO13902
ZAHED, Hossein Ghorbani	IRAN-EO13902
NIKA JET COMPANY	NPWMD] [IFSR
GOLDEN NEST GROUP LTD	IRAN-EO13902
BSG MANAGEMENT LTD	IRAN-EO13902
SEA LEAD SHIPPING AGENCY INDIA PRIVATE LIMITED	IRAN-EO13902
SEA LEAD SHIPPING MARSHALL ISLANDS LTD	IRAN-EO13902
SEA LEAD SHIPPING DMCC	IRAN-EO13902
WE FREIGHT SHIPPING LLC	IRAN-EO13902
VOLTA SHIPPING SERVICES LLC	IRAN-EO13902
ETTAIB, Dounia	NPWMD] [IFSR
NAMAZI, Behrouz	NPWMD] [IFSR
SELINA, Mariya Vladimirovna	NPWMD] [IFSR
DRUZHBIN, Vadim Anatolyevich	NPWMD] [IFSR
VANGUARD TACTICAL SUPPLY LIMITED	NPWMD] [IFSR
LUBECK SHIPPING LLC	IRAN-EO13902
RAKHBARMADANI, Ali	IRAN-EO13902
DEZERA SHIPPING FZCO	IRAN-EO13902
AL KINA COMMERCIAL BROKER LLC	IRAN-EO13902
AARE LINES INC.	IRAN-EO13902
GLAVOS SHIPPING FZCO	IRAN-EO13902
SAI WAN SHIPPING LIMITED	IRAN-EO13902
GEMMA	IRAN-EO13902
RONCO, Alessandra	IRAN-EO13902
NADIA	IRAN-EO13902
EVORIT STRATEGY CONSULTING LLC-FZ	IRAN-EO13902
SEA GALLEON	IRAN-EO13902
PAYA LEBAR	IRAN-EO13902
KAALUND, Martin Austin	IRAN-EO13902
DADENEGAR STARTUP STUDIO	SDGT] [IRAN-CON-ARMS-EO
ZEDPAY FINANSAL SISTEM VE HIZMETLERI ANONIM SIRKETI	IRAN-EO13902
DOT ONE VALUE CREATION GROUP	IRAN-EO13902
ZEDX DMCC	IRAN-EO13902
DOTONE GOLD COMPANY	IRAN-EO13902
DOTONE RAIL COMPANY	IRAN-EO13902
DOTONE BARTER COMPANY	IRAN-EO13902
DOTONE AIRLINES COMPANY	IRAN-EO13902
DOTONE TRIP	IRAN-EO13902
BZ DIAMOND DMCC	IRAN-EO13902
ZANJANI, Bahareh Morteza	IRAN-EO13902
REZAZADEH, Mehdi	IRAN-EO13902
OIMAKHMADOV, Sukhrob	IRAN-EO13902
BANI, Solmaz	IRAN-EO13902
QI HANG SHIP MANAGEMENT LIMITED	IRAN-EO13902
WELL SAIL	IRAN-EO13902
CONFIDENT APEX LIMITED	IRAN-EO13902
EL-ABIARY, Mahmoud	SDGT
MADAD PALESTINE CHARITABLE SOCIETY	SDGT
EL-KAHIRA FOR GENERAL TRADING	SDGT
ALDEN, Khaldun Khamis Zakaria	SDGT
AL-JEBOURI, Zaid Issam Ahmed	SDGT
AL-JEBOURI, Abdulla Issam Ahmad	SDGT
TUJUH BULIR GLOBAL	SDGT
ORBIT S.A.	CUBA-EO14404
TERMINAL DE CONTENEDORES DE MARIEL S.A.	CUBA-EO14404
CORAL MARITIMA S.A.	CUBA-EO14404
CEIBA INVESTMENTS LIMITED	CUBA-EO14404
EMPRESA DE ENERGIA S.A.	CUBA-EO14404
EINARBO S.A.	CUBA-EO14404
CENTRO DE INVESTIGACIONES DEL PETROLEO S.A.	CUBA-EO14404
COMERCIALIZADORA DE SERVICIOS MEDICOS CUBANOS SA	CUBA-EO14404
PORTAL MIRANDA, Jose Angel	CUBA-EO14404
UNIDAD CENTRAL DE COOPERACION MEDICA	CUBA-EO14404
SANCHEZ PADRON, Gretza	CUBA-EO14404
MARINOVA FREIGHT LIMITED	IRAN-EO13902
VAST MIGHTY LIMITED	IRAN-EO13902
OCEAN TRANQUILITY LIMITED	IRAN-EO13902
BRANCH SAYING INTERNATIONAL TRADING CO LTD	IRAN-EO13902
NATSUMI	IRAN-EO13902
NIRETA	IRAN-EO13902
CRYSTAL	IRAN-EO13902
YEHOPE	IRAN-EO13902
SHANGHAI WINGS INTERNATIONAL LOGISTICS CO	SDGT] [IFSR
TANG, Xin	SDGT] [IFSR
SHANGHAI ELITE INTERNATIONAL TRAVEL CO LTD	SDGT] [IFSR
SKIEZ TRAVELS AND LOGISTICS PRIVATE LIMITED	SDGT] [IFSR
AIR CARGO PRO LIMITED	SDGT] [IFSR
LILY	IRAN-EO13902
BILLION NEXUS INT'L CO., LIMITED	IRAN-EO13902
AL SALMI	IRAN-EO13902
PERSIAN GULF MARINE INSURANCE COMPANY	IRAN-EO13902
HORMUZSAFE MARINE SERVICES AUTHORITY	IRAN-EO13902
NEVADA SPIRIT COMPANY LIMITED	IRAN-EO13902
BREEZE V	IRAN-EO13902
ABAN TETHER EXCHANGE	IRAN-EO13902
DEDE, Onder	SDGT] [IFSR
CRYPTO HOME DMCC	SDGT
NFT HOME DMCC	SDGT
YILMAZ, Yunus Alper	SDGT] [IFSR
SHARIFI, Shima	IRAN-EO13902
GHASEMPOUR, Saeed	IRAN-EO13902
ALPS INTERNATIONAL L.L.C-FZ	IRAN-EO13902
MOHAMMAD, Peivand	IRAN-EO13902
OVIEDO OVERSEAS COMPANY LIMITED	IRAN-EO13902
CAILAFANG PTE. LTD.	IRAN-EO13902
TITAN EXCHANGE	IRAN-EO13902
AYDENIZ GENERAL TRADING L.L.C	IRAN-EO13902
BLUE DASH GENERAL TRADING COMPANY LIMITED	IRAN-EO13902
GLEAMING HK TRADING LIMITED	IRAN-EO13902
HENDI, Amir	IRAN-EO13902
BLUWAVES PROPERTIES LIMITED	VENEZUELA-EO13850
KAYVANPOUR, Siavash	SDGT] [IRGC
SHELBIT GENERAL TRADING LLC	SDGT
AKYUZ, Vasfi	SDGT
SHPS SHELBIT	SDGT
SHELBIT TECHNOLOGIES LTD SPOLKA Z OGRANICZONA ODPOWIEDZIALNOSCIA W LIKWIDACJI	SDGT
UNION DE INDUSTRIA MILITAR	CUBA-EO14404
VICIANA MOUSSET, Roberto Jesus	CUBA-EO14404
EMPRESA CUBANA IMPORTADA Y EXPORTADA DE PRODUCTOS TECNICOS	CUBA-EO14404
SANCHEZ ALLEYNE, Heriberto	CUBA-EO14404
SOCIEDAD MERCANTIL DUNA SA	CUBA-EO14404
EMPRESA CUBANA EXPORTADORA E IMPORTADORA DE SERVICIOS, ARTICULOS Y PRODUCTOS TECNICOS ESPECIALIZADOS SA	CUBA-EO14404
EMPRESA MILITAR INDUSTRIAL YURI GAGARIN	CUBA-EO14404
REMON RODRIGUEZ, Jose Antonio	CUBA-EO14404
BIOSCA GALLEGO, Oscar Enrique	CUBA-EO14404
MILIAN GOMEZ, Monica	CUBA-EO14404
PEREZ CORTES, Waldo	CUBA-EO14404
KARASALIH, Feyyad	SDGT
MOUSAFAR, Masoud	SDGT
KACMAZ, Halil Ibrahim	SDGT] [IFSR
AKYUZ, Mehmet	SDGT
ACUR, Mehmet	SDGT
SAVCI, Gulay Kaya	SDGT
AYAZ, Emrah	SDGT
SIFRA SHIPPING COMPANY	IRAN-EO13902
SIFRA	IRAN-EO13902
VIENNA SHIPPING CO., LIMITED	IRAN-EO13902
G SILVER	IRAN-EO13902
AUTISTICI INVENTATI	SDGT
AMDEH SHIP MANAGEMENT AND OPERATION CO. L.L.C	SDGT
RIQUEZA GROUP LTD	IRAN-EO13902
LILIMOON NAVIGATION INC	IRAN-EO13902
ESTANICA TRADING LTD	IRAN-EO13902
QUANTUM HOPE	IRAN-EO13902
VOYAGE ELITE	IRAN-EO13902
TELA	IRAN-EO13902
FATTOUH, Mohammad Ahmed Suhil	SDGT] [IFSR
FOSCOM FZE	SDGT
OBUKHOV, Ivan	SDGT] [IFSR
FEILI CO LIMITED	IRAN-EO13902
MINVUR LIMITED	IRAN-EO13902
FEISU LIMITED	IRAN-EO13902
GUSKA CO LIMITED	IRAN-EO13902
SWEET OCEAN INDUSTRIAL LIMITED	NPWMD] [IFSR
LI, Na	NPWMD] [IFSR
TIAN, Jianbai	NPWMD] [IFSR
SHENZHEN SWEET OCEAN TECHNOLOGY LIMITED	NPWMD] [IFSR
TIANY TECHNOLOGY LIMITED	NPWMD] [IFSR
MT TRADING AND LOGISTICS HK LIMITED	NPWMD] [IFSR
NOAVARAN AXIS PRIVATE JOINT STOCK COMPANY	NPWMD] [IFSR
MOGHADDAM, Mohammad Hossein Aslani	NPWMD] [IFSR
BRE INTERNATIONAL LOGISTICS CORPORATION HK LIMITED	NPWMD] [IFSR
SHENZHEN HUAMEI LIANYUN INTERNATIONAL LOGISTICS CO LTD	NPWMD] [IFSR
QIU, Xingyu	NPWMD] [IFSR
SHENZHEN BOSITONG LOGISTICS CO LTD	NPWMD] [IFSR
MERO MERO, Alfonso	ILLICIT-DRUGS-EO14059
BOSITONG SUPPLY CHAIN SHENZHEN CO LTD	NPWMD] [IFSR
DEC PHOTONICS LIMITED	NPWMD] [IFSR
RPT TECHNOLOGY LIMITED	NPWMD] [IFSR
ZHANG, Limei	NPWMD] [IFSR
AZURE SHIPPING PTE. LTD.	IRAN-EO13902
ARC CHARTERING PTE. LTD.	IRAN-EO13902
SKY OIL AND GAS ASIA LIMITED	IRAN-EO13902
TODOS VUELVEN	ILLICIT-DRUGS-EO14059
ARCA DE NOE III	ILLICIT-DRUGS-EO14059
ARCA DE NOE III JR	ILLICIT-DRUGS-EO14059
ARCA DE NOE IV	ILLICIT-DRUGS-EO14059
ARCA DE NOE V	ILLICIT-DRUGS-EO14059
REY DE ARCA	ILLICIT-DRUGS-EO14059
VAST MART SDN BHD	NPWMD] [IFSR
HK JIATAI TECHNOLOGY LIMITED	NPWMD] [IFSR
XINBI GUARANTEE	TCO
ANWEN TECHNOLOGY CO., LTD.	TCO
SIEMPRE MI ARCA	ILLICIT-DRUGS-EO14059
MERO ARCENTALES, Roberth Alfonso	ILLICIT-DRUGS-EO14059
SAFEW TECHNOLOGY CO., LTD.	TCO
MERO FRANCO, Julio Javier	SDGT] [ILLICIT-DRUGS-EO14059
CONQUISTA	ILLICIT-DRUGS-EO14059
MERO ARCENTALES, Edwar Alexis	ILLICIT-DRUGS-EO14059
SOLO ES MEJOR	ILLICIT-DRUGS-EO14059
COSTA MARLIN	ILLICIT-DRUGS-EO14059
MARTINEZ MENDOZA, Milton Edixson	SDGT] [ILLICIT-DRUGS-EO14059
VERA LAZ, Jhonny Francisco	SDGT] [ILLICIT-DRUGS-EO14059
MERO BERMELLO, Byron Aladino	ILLICIT-DRUGS-EO14059
ARCASDENOE, S.A.	ILLICIT-DRUGS-EO14059
ALHO FISH, S.A.	ILLICIT-DRUGS-EO14059
GLOBALDISTRIAL, S.A.S.	ILLICIT-DRUGS-EO14059
JAH-HMH, S.A.S.	ILLICIT-DRUGS-EO14059
NEGOCIOS JIMAR, S.A.S.	ILLICIT-DRUGS-EO14059
PROYECTOS NEYZOA, S.A.S.	ILLICIT-DRUGS-EO14059
SOISAMAR, S.A.S.	ILLICIT-DRUGS-EO14059
HUZUR PLASTIK KIMYEVI MADDELER ITHALAT IHRACAT SANAYI VE TICARET LIMITED SIRKETI	IRAN-EO13846
BEKGOZ, Cengiz	IRAN-EO13846
PRAKRUTEES INFRA IMPEX INDIA PRIVATE LIMITED	IRAN-EO13846
PP SOFTTECH PRIVATE LIMITED	IRAN-EO13846
SADASHIVA OVERSEAS LIMITED	IRAN-EO13846
GARG, Prashant	IRAN-EO13846
UNIQUE OASIS SHIPPING SERVICES LLC	NPWMD] [IFSR
SHIP FUELS AND TRADE DMCC	IRAN-EO13902
SHIPOIL FZCO	IRAN-EO13902
GOOD LUCK SHIPPING LLC	NPWMD] [IFSR
SHIPOIL LIMITED	IRAN-EO13902
TARGET HORIZON SHIPPING LLC	NPWMD] [IFSR
STARPLAS KIMYA SANAYI VE TICARET ANONIM SIRKET	IRAN-EO13846
PORTEASE PARTNERS LLP	IRAN-EO13846
SELFPLAST PLASTIK AMBALAJ SANAYI DIS TICARET LIMITED SIRKETI	IRAN-EO13846
SELENIUM RESOURCES LIMITED	IRAN-EO13846
ABHAR POLYMER COMPOUNDS CO.	IRAN-EO13846
TSORIS, Georgios	NPWMD] [IFSR
TSORIS, Almpertos	IRAN-EO13902
AKANE, Tomoko	ICC-EO14203
SEYE, Abdoulaye	ICC-EO14203
TALAEI NIK, Reza	IRAN-CON-ARMS-EO
HATAMI, Amir	IRAN-CON-ARMS-EO
ZOLQADR, Mohammad Baqer	IRAN-CON-ARMS-EO
WELLBRED CAPITAL PTE. LTD.	IRAN-EO13902
WELLBRED TRADING FZCO	IRAN-EO13902
WELLBRED TRADING SA	IRAN-EO13902
LA NIVERNAISE DE RAFFINAGE SAS	IRAN-EO13902
FARAHI, Mohsen	IRAN-EO13846
OSHIDA PETROKIMYA URUNLERI SANAYI VE TICARET ANONIM SIRKETI	IRAN-EO13846
CLEVER SHIPPING LIMITED	IRAN-EO13846
STAR PIONE	IRAN-EO13846
DADASHOVA, Narmina	IRAN-EO13846
RANGI, Harish Ramchandra	IRAN-EO13846
SHEKH, Indrismiya Asharafmiya	IRAN-EO13846
GANDHI, Mansoor Tayabbhai	IRAN-EO13902
GRUPO EMPRESARIAL GEOMINERO SALINERO	CUBA-EO14404
MARTINEZ FREIRE, Leima	CUBA-EO14404
MINISTRY OF CONSTRUCTION OF CUBA	CUBA-EO14404
RABAZA FERNANDEZ, Noemi Ramona	CUBA-EO14404
EMPRESA DE NIQUEL COMANDANTE ERNESTO CHE GUEVARA	CUBA-EO14404
EMPRESA IMPORTADORA EXPORTADORA Y COMERCIALIZADORA DE METALES	CUBA-EO14404
EMPRESA COMERCIALIZADORA DE ARTICULOS EN GENERAL	CUBA-EO14404
ACINOX COMERCIAL	CUBA-EO14404
EMPRESA CENTRAL DE ABASTECIMIENTO Y VENTAS DE EQUIPOS DE TRANSPORTE PESADO Y SUS PIEZAS	CUBA-EO14404
CORATUR S.A.	CUBA-EO14404
AGENCIA DE CONTRATACION A REPRESENTACIONES COMERCIALES S.A.	CUBA-EO14404
GONZALEZ LLORT, Fernando	CUBA-EO14404
MASAR BADIL	SDGT
ALSAGHEER, Rawa	SDGT
ABDULNASSER, Zaid	SDGT
TAEEDI, Reza Mohammad	SDGT] [IFSR
KAMENG TRADING LIMITED	IRAN-EO13902
EMPRESA DE SERVICIOS COMANDANTE RENE RAMOS LATOUR	CUBA-EO14404
EMPRESA IMPORTADORA Y ABASTECEDORA DEL NIQUEL	CUBA-EO14404
COMERCIAL CUPET S.A.	CUBA-EO14404
EMPRESA IMPORTADORA DE ABASTECIMIENTO PARA EL PETROLEO	CUBA-EO14404
BANCO EXTERIOR DE CUBA	CUBA-EO14404
CASTRO CALIS, Fidel Ernesto	CUBA-EO14404
S SISTEM LOJISTIK HIZMETLER ANONIM SIRKETI	SDGT] [IFSR
ATA AIRLINES COMPANY	IFSR] [IRAN-EO13902
IRAN AIR TOUR	IFSR] [IRAN-EO13902
ICARGO SDN BHD	SDGT] [IFSR
IRAN ASEMAN AIRLINES	IFSR] [IRAN-EO13902
KARUN AIRLINES COMPANY	IFSR] [IRAN-EO13902
TOUR INVEST LLC	SDGT] [IFSR
MES CARGO TRANSPORTATION TOURISM AND FOREIGN TRADE LIMITED COMPANY	SDGT] [IFSR
ECT AVIATION SUPPORT LLC	SDGT] [IFSR
VARESH AIRLINES	IFSR] [IRAN-EO13902
AIR SHIRAZ	IFSR] [IRAN-EO13902
KISH AIRLINES	IFSR] [IRAN-EO13902
TOOS AIRLINES	IFSR] [IRAN-EO13902
ERWAN AIRLINE COMPANY	IFSR] [IRAN-EO13902
ASA JET AIRLINE	IFSR] [IRAN-EO13902
SOROUSH AIR	IFSR] [IRAN-EO13902
ATLAS AVIATION GROUP	IFSR] [IRAN-EO13902
SEPEHRAN AIRLINES	IFSR] [IRAN-EO13902
QESHM AIR	IFSR] [IRAN-EO13902
TABAN AIRLINES	IFSR] [IRAN-EO13902
SAHA AIRLINES	IFSR] [IRAN-EO13902
SKY PHOENIX HAVA YOLLARI TASIMACILIGI TICARET LIMITED SIRKETI	SDGT] [IFSR
ECT AVIATION SUPPORT LTD	SDGT] [IFSR
MAHRAN, Ibrahim Ali Mohamed Mohamed	SDGT] [IFSR
ZAGROS AIRLINES	IFSR] [IRAN-EO13902
AEROBRAVO AIRPLANE MANAGEMENT AND OPERATION LLC	SDGT] [IFSR
IBRAHIM, Hussein	SDGT
AVA AIRLINES	IFSR] [IRAN-EO13902
CHABAHAR AIRLINES COMPANY	IFSR] [IRAN-EO13902
FLY KISH AIRLINES	IFSR] [IRAN-EO13902
FLY PERSIA AIRLINES	IFSR] [IRAN-EO13902
JSKY AIRLINES	IFSR] [IRAN-EO13902
LAD AIRWAYS	IFSR] [IRAN-EO13902
MEHR AIRWAYS	IFSR] [IRAN-EO13902
NASIM AIR	IFSR] [IRAN-EO13902
PARS OGHYANOUS KISH COMPANY	IFSR] [IRAN-EO13902
RAIMON AIRWAYS	IFSR] [IRAN-EO13902
GOLDEN GLOBAL YATIRIM BANKASI ANONIM SIRKETI	IRAN-EO13902
GOLDEN GLOBAL VARLIK KIRALAMA ANONIM SIRKETI	IRAN-EO13902
GOLDEN GLOBAL PORTFOY YONETIMI ANONIM SIRKETI	IRAN-EO13902
HAMIEH, Abdallah	SDGT
WEHBE, Ghaith Hussein	SDGT
ZAHRELDINE, Mervat Jamil	SDGT
YOUSEF IBRAHIM MANSOUR AND PARTNER FOR EXCHANGE	SDGT
GOLD PRO SARL	SDGT
AL-MAKANSI, Amir	SDGT
AL-TAMEEMI, Abbas Jawad Kadhim	SDGT
AL AMERI, Abdullah Nadhim Luaibi	SDGT
AL BROUJ FOR GENERAL CONTRACTING COMPANY	SDGT
AIN AL IRAQ FOR PROTECTION SYSTEMS TECHNOLOGY AND AUDIO, VISUAL, AND COMMUNICATIONS SOLUTIONS COMPANY LTD	SDGT
AL ABADA, Khaldoon Naser Maryoosh	SDGT
EMPRESA DE SERVICIOS TECNICOS DE COMPUTACION COMUNICACIONES Y ELECTRONICA	CUBA-EO14404
EMPRESA DE INGENIERIA Y PROYECTOS DEL NIQUEL	CUBA-EO14404
CENTRO DE INVESTIGACIONES DEL NIQUEL CAPITAN ALBERTO FERNANDEZ MONTES DE OCA	CUBA-EO14404
PINARES S.A.	CUBA-EO14404
PISHTAZ SIMORGH ELECTRONIC TRADE COMPANY	IRAN] [IRAN-EO13902
BITBANK	IRAN] [IRAN-EO13902
ZAKER HOSSEIN, Hossein Ali	IRAN] [IRAN-EO13902
ZAKER HOSSEIN, Mohammad Mahdi	IRAN] [IRAN-EO13902
HEIDARI, Seyed Adel	IRAN] [IRAN-EO13902
CENTRO DE INVESTIGACION Y DESARROLLO DE SIMULADORES	CUBA-EO14404
CANCIO MONTEAGUDO, Joaquin Francisco	CUBA-EO14404
CENTRO DE INVESTIGACION Y DESARROLLO NAVAL	CUBA-EO14404
PEDRERA ARGUELLO, Dioglis	CUBA-EO14404
CENTRO DE INVESTIGACION Y DESARROLLO DE ARMAMENTO DE INFANTERIA	CUBA-EO14404
HURTADO BETANCOURT, Julio	CUBA-EO14404
CENTRO DE INVESTIGACION, DESARROLLO Y PRODUCCION GRITO DE BAIRE	CUBA-EO14404
